#
# A fatal error has been detected by the Java Runtime Environment:
#
#  SIGSEGV (0xb) at pc=0x000077fe6b3779d0, pid=31973, tid=31974
#
# JRE version: OpenJDK Runtime Environment Temurin-25.0.3+9 (25.0.3+9) (build 25.0.3+9-LTS)
# Java VM: OpenJDK 64-Bit Server VM Temurin-25.0.3+9 (25.0.3+9-LTS, mixed mode, tiered, compressed oops, compressed class ptrs, g1 gc, linux-amd64)
# Problematic frame:
# C  [libgtk-3.so.0+0x3779d0]  gtk_widget_realize+0x40
#
# Core dump will be written. Default location: Determined by the following: "/usr/share/apport/apport -p%p -s%s -c%c -d%d -P%P -u%u -g%g -F%F -- %E" (alternatively, falling back to /home/konstantin/Projects/security-dispatch/core.31973)
#
# If you would like to submit a bug report, please visit:
#   https://github.com/adoptium/adoptium-support/issues
# The crash happened outside the Java Virtual Machine in native code.
# See problematic frame for where to report the bug.
#

---------------  S U M M A R Y ------------

Command Line: -XX:+IgnoreUnrecognizedVMOptions -Dosgi.requiredJavaVersion=21 -Dfile.encoding=UTF-8 --enable-native-access=ALL-UNNAMED --add-modules=ALL-DEFAULT --add-opens=java.base/java.io=ALL-UNNAMED --add-opens=java.base/java.lang=ALL-UNNAMED --add-opens=java.base/java.lang.reflect=ALL-UNNAMED --add-opens=java.base/java.net=ALL-UNNAMED --add-opens=java.base/java.nio=ALL-UNNAMED --add-opens=java.base/java.nio.charset=ALL-UNNAMED --add-opens=java.base/java.text=ALL-UNNAMED --add-opens=java.base/java.time=ALL-UNNAMED --add-opens=java.base/java.util=ALL-UNNAMED --add-opens=java.base/java.util.concurrent=ALL-UNNAMED --add-opens=java.base/java.util.concurrent.atomic=ALL-UNNAMED --add-opens=java.base/jdk.internal.vm=ALL-UNNAMED --add-opens=java.base/jdk.internal.misc=ALL-UNNAMED --add-opens=java.base/sun.nio.ch=ALL-UNNAMED --add-opens=java.base/sun.nio.fs=ALL-UNNAMED --add-opens=java.base/sun.security.ssl=ALL-UNNAMED --add-opens=java.base/sun.security.util=ALL-UNNAMED --add-opens=java.security.jgss/sun.security.jgss=ALL-UNNAMED --add-opens=java.security.jgss/sun.security.krb5=ALL-UNNAMED --add-opens=java.desktop/java.awt=ALL-UNNAMED --add-opens=java.desktop/java.awt.peer=ALL-UNNAMED --add-opens=java.sql/java.sql=ALL-UNNAMED -Xms64m -Xmx1024m -Ddbeaver.distribution.type=deb -Duser.home=/home/konstantin/snap/dbeaver-ce/543 /snap/dbeaver-ce/543/usr/share/dbeaver-ce//plugins/org.jkiss.dbeaver.launcher_1.0.59.202608181400.jar -os linux -ws gtk -arch x86_64 -showsplash -launcher /snap/dbeaver-ce/543/usr/share/dbeaver-ce/dbeaver -name Dbeaver --launcher.library /snap/dbeaver-ce/543/usr/share/dbeaver-ce//plugins/org.eclipse.equinox.launcher.gtk.linux.x86_64_1.2.1500.v20250801-0854/eclipse_11916.so -startup /snap/dbeaver-ce/543/usr/share/dbeaver-ce//plugins/org.jkiss.dbeaver.launcher_1.0.59.202608181400.jar --launcher.overrideVmargs -exitdata 8 -vm /snap/dbeaver-ce/543/usr/share/dbeaver-ce/jre/bin/java -vmargs -XX:+IgnoreUnrecognizedVMOptions -Dosgi.requiredJavaVersion=21 -Dfile.encoding=UTF-8 --enable-native-access=ALL-UNNAMED --add-modules=ALL-DEFAULT --add-opens=java.base/java.io=ALL-UNNAMED --add-opens=java.base/java.lang=ALL-UNNAMED --add-opens=java.base/java.lang.reflect=ALL-UNNAMED --add-opens=java.base/java.net=ALL-UNNAMED --add-opens=java.base/java.nio=ALL-UNNAMED --add-opens=java.base/java.nio.charset=ALL-UNNAMED --add-opens=java.base/java.text=ALL-UNNAMED --add-opens=java.base/java.time=ALL-UNNAMED --add-opens=java.base/java.util=ALL-UNNAMED --add-opens=java.base/java.util.concurrent=ALL-UNNAMED --add-opens=java.base/java.util.concurrent.atomic=ALL-UNNAMED --add-opens=java.base/jdk.internal.vm=ALL-UNNAMED --add-opens=java.base/jdk.internal.misc=ALL-UNNAMED --add-opens=java.base/sun.nio.ch=ALL-UNNAMED --add-opens=java.base/sun.nio.fs=ALL-UNNAMED --add-opens=java.base/sun.security.ssl=ALL-UNNAMED --add-opens=java.base/sun.security.util=ALL-UNNAMED --add-opens=java.security.jgss/sun.security.jgss=ALL-UNNAMED --add-opens=java.security.jgss/sun.security.krb5=ALL-UNNAMED --add-opens=java.desktop/java.awt=ALL-UNNAMED --add-opens=java.desktop/java.awt.peer=ALL-UNNAMED --add-opens=java.sql/java.sql=ALL-UNNAMED -Xms64m -Xmx1024m -Ddbeaver.distribution.type=deb -jar /snap/dbeaver-ce/543/usr/share/dbeaver-ce//plugins/org.jkiss.dbeaver.launcher_1.0.59.202608181400.jar

Host: AMD Ryzen 5 2600 Six-Core Processor, 12 cores, 15G, Ubuntu 26.04 LTS
Time: Sat Aug 22 18:32:38 2026 EEST elapsed time: 9.978380 seconds (0d 0h 0m 9s)

---------------  T H R E A D  ---------------

Current thread (0x000077fecc02e730):  JavaThread "main"             [_thread_in_native, id=31974, stack(0x000077fed3a31000,0x000077fed3b31000) (1024K)]

Stack: [0x000077fed3a31000,0x000077fed3b31000],  sp=0x000077fed3b2d590,  free space=1009k
Native frames: (J=compiled Java code, j=interpreted, Vv=VM code, C=native code)
C  [libgtk-3.so.0+0x3779d0]  gtk_widget_realize+0x40
C  [libswt-pi3-gtk-4973r12.so+0x49e30]  Java_org_eclipse_swt_internal_gtk_GTK_gtk_1widget_1realize+0xc
j  org.eclipse.swt.widgets.Control.eventWindow()J+6
j  org.eclipse.swt.widgets.Control.setCursor(J)V+20
j  org.eclipse.swt.widgets.Shell.setCursor(J)V+25
j  org.eclipse.swt.widgets.Control.setCursor(Lorg/eclipse/swt/graphics/Cursor;)V+38
j  org.eclipse.swt.custom.BusyIndicator.setCursorAndId(Lorg/eclipse/swt/widgets/Shell;Lorg/eclipse/swt/graphics/Cursor;Ljava/lang/Integer;)V+9
j  org.eclipse.swt.custom.BusyIndicator.setBusyCursor(Lorg/eclipse/swt/widgets/Display;)Ljava/lang/Integer;+62
j  org.eclipse.swt.custom.BusyIndicator.showWhile(Lorg/eclipse/swt/widgets/Display;Ljava/lang/Runnable;)V+28
j  org.eclipse.jface.wizard.WizardDialog.showPage(Lorg/eclipse/jface/wizard/IWizardPage;)V+78
j  org.jkiss.dbeaver.ui.dialogs.ActiveWizardDialog.showPage(Lorg/eclipse/jface/wizard/IWizardPage;)V+2
j  org.eclipse.jface.wizard.WizardDialog.nextPressed()V+17
j  org.eclipse.jface.wizard.WizardDialog.buttonPressed(I)V+47
j  org.eclipse.jface.dialogs.Dialog.lambda$0(Lorg/eclipse/swt/events/SelectionEvent;)V+14
j  org.eclipse.jface.dialogs.Dialog$$Lambda+0x000000005d6f5800.accept(Ljava/lang/Object;)V+8
j  org.eclipse.swt.events.SelectionListener$1.widgetSelected(Lorg/eclipse/swt/events/SelectionEvent;)V+5
j  org.eclipse.swt.widgets.TypedListener.handleEvent(Lorg/eclipse/swt/widgets/Event;)V+1133
J 7372 c1 org.eclipse.swt.widgets.EventTable.sendEvent(Lorg/eclipse/swt/widgets/Event;)V (619 bytes) @ 0x000077feb981990c [0x000077feb9819580+0x000000000000038c]
J 7535 c1 org.eclipse.swt.widgets.Display.sendEvent(Lorg/eclipse/swt/widgets/EventTable;Lorg/eclipse/swt/widgets/Event;)V (34 bytes) @ 0x000077feb9850fa4 [0x000077feb9850d80+0x0000000000000224]
J 7523 c1 org.eclipse.swt.widgets.Display.runDeferredEvents()Z (109 bytes) @ 0x000077feb984e30c [0x000077feb984dc00+0x000000000000070c]
J 7485 c2 org.eclipse.swt.widgets.Display.readAndDispatch()Z (88 bytes) @ 0x000077fec0c8cda0 [0x000077fec0c8c680+0x0000000000000720]
J 7496% c2 org.eclipse.jface.window.Window.runEventLoop(Lorg/eclipse/swt/widgets/Shell;)V (52 bytes) @ 0x000077fec0c8e99c [0x000077fec0c8e900+0x000000000000009c]
j  org.eclipse.jface.window.Window.open()I+60
j  org.jkiss.dbeaver.ui.app.config.ProductConfigWizardDialog.open()I+5
j  org.jkiss.dbeaver.ui.app.standalone.ApplicationWorkbenchWindowAdvisor.lambda$showProductConfigDialog$0()V+21
j  org.jkiss.dbeaver.ui.app.standalone.ApplicationWorkbenchWindowAdvisor$$Lambda+0x000000005d4c5590.run()V+4
j  org.jkiss.dbeaver.ui.app.standalone.ApplicationWorkbenchWindowAdvisor.runWithSplashHidden(Ljava/lang/Runnable;)V+24
j  org.jkiss.dbeaver.ui.app.standalone.ApplicationWorkbenchWindowAdvisor.showProductConfigDialog()V+22
j  org.jkiss.dbeaver.ui.app.standalone.ApplicationWorkbenchWindowAdvisor.preWindowOpen()V+9
j  org.eclipse.ui.internal.WorkbenchWindow.fireWindowOpening()V+4
j  org.eclipse.ui.internal.WorkbenchWindow.setup()V+419
j  java.lang.invoke.LambdaForm$DMH+0x000000005d089800.invokeVirtual(Ljava/lang/Object;Ljava/lang/Object;)V+10 java.base@25.0.3
j  java.lang.invoke.LambdaForm$MH+0x000000005d379c00.invoke(Ljava/lang/Object;Ljava/lang/Object;)Ljava/lang/Object;+31 java.base@25.0.3
J 1103 c1 jdk.internal.reflect.DirectMethodHandleAccessor.invoke(Ljava/lang/Object;[Ljava/lang/Object;)Ljava/lang/Object; java.base@25.0.3 (92 bytes) @ 0x000077feb8fe782c [0x000077feb8fe6600+0x000000000000122c]
J 1102 c1 java.lang.reflect.Method.invoke(Ljava/lang/Object;[Ljava/lang/Object;)Ljava/lang/Object; java.base@25.0.3 (108 bytes) @ 0x000077feb8fe5224 [0x000077feb8fe4c80+0x00000000000005a4]
j  org.eclipse.e4.core.internal.di.MethodRequestor.execute()Ljava/lang/Object;+77
j  org.eclipse.e4.core.internal.di.InjectorImpl.processAnnotated(Lorg/eclipse/e4/core/internal/di/AnnotationLookup$AnnotationProxy;Ljava/lang/Object;Ljava/lang/Class;Lorg/eclipse/e4/core/di/suppliers/PrimaryObjectSupplier;Lorg/eclipse/e4/core/di/suppliers/PrimaryObjectSupplier;Ljava/util/List;)V+190
j  org.eclipse.e4.core.internal.di.InjectorImpl.internalInject(Ljava/lang/Object;Lorg/eclipse/e4/core/di/suppliers/PrimaryObjectSupplier;Lorg/eclipse/e4/core/di/suppliers/PrimaryObjectSupplier;)V+175
j  org.eclipse.e4.core.internal.di.InjectorImpl.inject(Ljava/lang/Object;Lorg/eclipse/e4/core/di/suppliers/PrimaryObjectSupplier;)V+4
j  org.eclipse.e4.core.contexts.ContextInjectionFactory.inject(Ljava/lang/Object;Lorg/eclipse/e4/core/contexts/IEclipseContext;)V+13
j  org.eclipse.ui.internal.Workbench.createWorkbenchWindow(Lorg/eclipse/core/runtime/IAdaptable;Lorg/eclipse/ui/IPerspectiveDescriptor;Lorg/eclipse/e4/ui/model/application/ui/basic/MWindow;Z)Lorg/eclipse/ui/IWorkbenchWindow;+180
j  org.eclipse.ui.internal.Workbench.getActiveWorkbenchWindow()Lorg/eclipse/ui/IWorkbenchWindow;+179
j  org.jkiss.dbeaver.ui.app.standalone.ApplicationWorkbenchAdvisor.resetPerspectiveIfNeeded()V+3
j  org.jkiss.dbeaver.ui.app.standalone.ApplicationWorkbenchAdvisor.postStartup()V+17
j  org.eclipse.ui.internal.Workbench.lambda$19()V+4
j  org.eclipse.ui.internal.Workbench$$Lambda+0x000000005d63ee90.run()V+4
j  org.eclipse.e4.ui.internal.workbench.swt.PartRenderingEngine$5.run()V+432
j  org.eclipse.core.databinding.observable.Realm.runWithDefault(Lorg/eclipse/core/databinding/observable/Realm;Ljava/lang/Runnable;)V+12
j  org.eclipse.e4.ui.internal.workbench.swt.PartRenderingEngine.run(Lorg/eclipse/e4/ui/model/application/MApplicationElement;Lorg/eclipse/e4/core/contexts/IEclipseContext;)Ljava/lang/Object;+57
j  org.eclipse.e4.ui.internal.workbench.E4Workbench.createAndRunUI(Lorg/eclipse/e4/ui/model/application/MApplicationElement;)V+20
j  org.eclipse.ui.internal.Workbench.lambda$3(Lorg/eclipse/swt/widgets/Display;Lorg/eclipse/ui/application/WorkbenchAdvisor;[I)V+352
j  org.eclipse.ui.internal.Workbench$$Lambda+0x000000005d4be768.run()V+12
j  org.eclipse.core.databinding.observable.Realm.runWithDefault(Lorg/eclipse/core/databinding/observable/Realm;Ljava/lang/Runnable;)V+12
j  org.eclipse.ui.internal.Workbench.createAndRunWorkbench(Lorg/eclipse/swt/widgets/Display;Lorg/eclipse/ui/application/WorkbenchAdvisor;)I+16
j  org.eclipse.ui.PlatformUI.createAndRunWorkbench(Lorg/eclipse/swt/widgets/Display;Lorg/eclipse/ui/application/WorkbenchAdvisor;)I+2
j  org.jkiss.dbeaver.ui.app.standalone.DBeaverApplication.start(Lorg/eclipse/equinox/app/IApplicationContext;)Ljava/lang/Object;+772
j  org.eclipse.equinox.internal.app.EclipseAppHandle.run(Ljava/lang/Object;)Ljava/lang/Object;+138
j  org.eclipse.core.runtime.internal.adaptor.EclipseAppLauncher.runApplication(Ljava/lang/Object;)Ljava/lang/Object;+85
j  org.eclipse.core.runtime.internal.adaptor.EclipseAppLauncher.start(Ljava/lang/Object;)Ljava/lang/Object;+79
j  org.eclipse.core.runtime.adaptor.EclipseStarter.run(Ljava/lang/Object;)Ljava/lang/Object;+99
j  org.eclipse.core.runtime.adaptor.EclipseStarter.run([Ljava/lang/String;Ljava/lang/Runnable;)Ljava/lang/Object;+132
J 477 c1 java.lang.invoke.DirectMethodHandle$Holder.invokeStatic(Ljava/lang/Object;Ljava/lang/Object;Ljava/lang/Object;)Ljava/lang/Object; java.base@25.0.3 (15 bytes) @ 0x000077feb8f1cb6c [0x000077feb8f1c800+0x000000000000036c]
j  java.lang.invoke.LambdaForm$MH+0x000000005d146800.invoke(Ljava/lang/Object;Ljava/lang/Object;Ljava/lang/Object;Ljava/lang/Object;)Ljava/lang/Object;+54 java.base@25.0.3
j  java.lang.invoke.LambdaForm$MH+0x000000005d146c00.invokeExact_MT(Ljava/lang/Object;Ljava/lang/Object;Ljava/lang/Object;Ljava/lang/Object;Ljava/lang/Object;)Ljava/lang/Object;+22 java.base@25.0.3
j  jdk.internal.reflect.DirectMethodHandleAccessor.invokeImpl(Ljava/lang/Object;[Ljava/lang/Object;)Ljava/lang/Object;+72 java.base@25.0.3
j  jdk.internal.reflect.DirectMethodHandleAccessor.invoke(Ljava/lang/Object;[Ljava/lang/Object;)Ljava/lang/Object;+23 java.base@25.0.3
j  java.lang.reflect.Method.invoke(Ljava/lang/Object;[Ljava/lang/Object;)Ljava/lang/Object;+102 java.base@25.0.3
j  org.jkiss.dbeaver.launcher.DBeaverLauncher.invokeFramework([Ljava/lang/String;[Ljava/net/URL;)V+205
j  org.jkiss.dbeaver.launcher.DBeaverLauncher.basicRun([Ljava/lang/String;)V+481
j  org.jkiss.dbeaver.launcher.DBeaverLauncher.run([Ljava/lang/String;)I+57
j  org.jkiss.dbeaver.launcher.DBeaverLauncher.main([Ljava/lang/String;)V+10
v  ~StubRoutines::call_stub 0x000077fec03cffa6
V  [libjvm.so+0xa23840]  JavaCalls::call_helper(JavaValue*, methodHandle const&, JavaCallArguments*, JavaThread*)+0x2b0
V  [libjvm.so+0xaedd96]  jni_invoke_static(JNIEnv_*, JavaValue*, _jobject*, JNICallType, _jmethodID*, JNI_ArgumentPusher*, JavaThread*) [clone .constprop.1]+0x396
V  [libjvm.so+0xaf0c51]  jni_CallStaticVoidMethod+0x161
C  [libjli.so+0xa77a]  invokeStaticMainWithArgs+0x4a
C  [libjli.so+0xb800]  JavaMain+0xeb0
C  [libjli.so+0xed89]  ThreadJavaMain+0x9
C  [libc.so.6+0xa407a]
Java frames: (J=compiled Java code, j=interpreted, Vv=VM code)
J 6990  org.eclipse.swt.internal.gtk.GTK.gtk_widget_realize(J)V (0 bytes) @ 0x000077fec0afabc9 [0x000077fec0afab80+0x0000000000000049]
j  org.eclipse.swt.widgets.Control.eventWindow()J+6
j  org.eclipse.swt.widgets.Control.setCursor(J)V+20
j  org.eclipse.swt.widgets.Shell.setCursor(J)V+25
j  org.eclipse.swt.widgets.Control.setCursor(Lorg/eclipse/swt/graphics/Cursor;)V+38
j  org.eclipse.swt.custom.BusyIndicator.setCursorAndId(Lorg/eclipse/swt/widgets/Shell;Lorg/eclipse/swt/graphics/Cursor;Ljava/lang/Integer;)V+9
j  org.eclipse.swt.custom.BusyIndicator.setBusyCursor(Lorg/eclipse/swt/widgets/Display;)Ljava/lang/Integer;+62
j  org.eclipse.swt.custom.BusyIndicator.showWhile(Lorg/eclipse/swt/widgets/Display;Ljava/lang/Runnable;)V+28
j  org.eclipse.jface.wizard.WizardDialog.showPage(Lorg/eclipse/jface/wizard/IWizardPage;)V+78
j  org.jkiss.dbeaver.ui.dialogs.ActiveWizardDialog.showPage(Lorg/eclipse/jface/wizard/IWizardPage;)V+2
j  org.eclipse.jface.wizard.WizardDialog.nextPressed()V+17
j  org.eclipse.jface.wizard.WizardDialog.buttonPressed(I)V+47
j  org.eclipse.jface.dialogs.Dialog.lambda$0(Lorg/eclipse/swt/events/SelectionEvent;)V+14
j  org.eclipse.jface.dialogs.Dialog$$Lambda+0x000000005d6f5800.accept(Ljava/lang/Object;)V+8
j  org.eclipse.swt.events.SelectionListener$1.widgetSelected(Lorg/eclipse/swt/events/SelectionEvent;)V+5
j  org.eclipse.swt.widgets.TypedListener.handleEvent(Lorg/eclipse/swt/widgets/Event;)V+1133
J 7372 c1 org.eclipse.swt.widgets.EventTable.sendEvent(Lorg/eclipse/swt/widgets/Event;)V (619 bytes) @ 0x000077feb981990c [0x000077feb9819580+0x000000000000038c]
J 7535 c1 org.eclipse.swt.widgets.Display.sendEvent(Lorg/eclipse/swt/widgets/EventTable;Lorg/eclipse/swt/widgets/Event;)V (34 bytes) @ 0x000077feb9850fa4 [0x000077feb9850d80+0x0000000000000224]
J 7523 c1 org.eclipse.swt.widgets.Display.runDeferredEvents()Z (109 bytes) @ 0x000077feb984e30c [0x000077feb984dc00+0x000000000000070c]
J 7485 c2 org.eclipse.swt.widgets.Display.readAndDispatch()Z (88 bytes) @ 0x000077fec0c8cda0 [0x000077fec0c8c680+0x0000000000000720]
J 7496% c2 org.eclipse.jface.window.Window.runEventLoop(Lorg/eclipse/swt/widgets/Shell;)V (52 bytes) @ 0x000077fec0c8e99c [0x000077fec0c8e900+0x000000000000009c]
j  org.eclipse.jface.window.Window.open()I+60
j  org.jkiss.dbeaver.ui.app.config.ProductConfigWizardDialog.open()I+5
j  org.jkiss.dbeaver.ui.app.standalone.ApplicationWorkbenchWindowAdvisor.lambda$showProductConfigDialog$0()V+21
j  org.jkiss.dbeaver.ui.app.standalone.ApplicationWorkbenchWindowAdvisor$$Lambda+0x000000005d4c5590.run()V+4
j  org.jkiss.dbeaver.ui.app.standalone.ApplicationWorkbenchWindowAdvisor.runWithSplashHidden(Ljava/lang/Runnable;)V+24
j  org.jkiss.dbeaver.ui.app.standalone.ApplicationWorkbenchWindowAdvisor.showProductConfigDialog()V+22
j  org.jkiss.dbeaver.ui.app.standalone.ApplicationWorkbenchWindowAdvisor.preWindowOpen()V+9
j  org.eclipse.ui.internal.WorkbenchWindow.fireWindowOpening()V+4
j  org.eclipse.ui.internal.WorkbenchWindow.setup()V+419
j  java.lang.invoke.LambdaForm$DMH+0x000000005d089800.invokeVirtual(Ljava/lang/Object;Ljava/lang/Object;)V+10 java.base@25.0.3
j  java.lang.invoke.LambdaForm$MH+0x000000005d379c00.invoke(Ljava/lang/Object;Ljava/lang/Object;)Ljava/lang/Object;+31 java.base@25.0.3
J 1103 c1 jdk.internal.reflect.DirectMethodHandleAccessor.invoke(Ljava/lang/Object;[Ljava/lang/Object;)Ljava/lang/Object; java.base@25.0.3 (92 bytes) @ 0x000077feb8fe782c [0x000077feb8fe6600+0x000000000000122c]
J 1102 c1 java.lang.reflect.Method.invoke(Ljava/lang/Object;[Ljava/lang/Object;)Ljava/lang/Object; java.base@25.0.3 (108 bytes) @ 0x000077feb8fe5224 [0x000077feb8fe4c80+0x00000000000005a4]
j  org.eclipse.e4.core.internal.di.MethodRequestor.execute()Ljava/lang/Object;+77
j  org.eclipse.e4.core.internal.di.InjectorImpl.processAnnotated(Lorg/eclipse/e4/core/internal/di/AnnotationLookup$AnnotationProxy;Ljava/lang/Object;Ljava/lang/Class;Lorg/eclipse/e4/core/di/suppliers/PrimaryObjectSupplier;Lorg/eclipse/e4/core/di/suppliers/PrimaryObjectSupplier;Ljava/util/List;)V+190
j  org.eclipse.e4.core.internal.di.InjectorImpl.internalInject(Ljava/lang/Object;Lorg/eclipse/e4/core/di/suppliers/PrimaryObjectSupplier;Lorg/eclipse/e4/core/di/suppliers/PrimaryObjectSupplier;)V+175
j  org.eclipse.e4.core.internal.di.InjectorImpl.inject(Ljava/lang/Object;Lorg/eclipse/e4/core/di/suppliers/PrimaryObjectSupplier;)V+4
j  org.eclipse.e4.core.contexts.ContextInjectionFactory.inject(Ljava/lang/Object;Lorg/eclipse/e4/core/contexts/IEclipseContext;)V+13
j  org.eclipse.ui.internal.Workbench.createWorkbenchWindow(Lorg/eclipse/core/runtime/IAdaptable;Lorg/eclipse/ui/IPerspectiveDescriptor;Lorg/eclipse/e4/ui/model/application/ui/basic/MWindow;Z)Lorg/eclipse/ui/IWorkbenchWindow;+180
j  org.eclipse.ui.internal.Workbench.getActiveWorkbenchWindow()Lorg/eclipse/ui/IWorkbenchWindow;+179
j  org.jkiss.dbeaver.ui.app.standalone.ApplicationWorkbenchAdvisor.resetPerspectiveIfNeeded()V+3
j  org.jkiss.dbeaver.ui.app.standalone.ApplicationWorkbenchAdvisor.postStartup()V+17
j  org.eclipse.ui.internal.Workbench.lambda$19()V+4
j  org.eclipse.ui.internal.Workbench$$Lambda+0x000000005d63ee90.run()V+4
j  org.eclipse.e4.ui.internal.workbench.swt.PartRenderingEngine$5.run()V+432
j  org.eclipse.core.databinding.observable.Realm.runWithDefault(Lorg/eclipse/core/databinding/observable/Realm;Ljava/lang/Runnable;)V+12
j  org.eclipse.e4.ui.internal.workbench.swt.PartRenderingEngine.run(Lorg/eclipse/e4/ui/model/application/MApplicationElement;Lorg/eclipse/e4/core/contexts/IEclipseContext;)Ljava/lang/Object;+57
j  org.eclipse.e4.ui.internal.workbench.E4Workbench.createAndRunUI(Lorg/eclipse/e4/ui/model/application/MApplicationElement;)V+20
j  org.eclipse.ui.internal.Workbench.lambda$3(Lorg/eclipse/swt/widgets/Display;Lorg/eclipse/ui/application/WorkbenchAdvisor;[I)V+352
j  org.eclipse.ui.internal.Workbench$$Lambda+0x000000005d4be768.run()V+12
j  org.eclipse.core.databinding.observable.Realm.runWithDefault(Lorg/eclipse/core/databinding/observable/Realm;Ljava/lang/Runnable;)V+12
j  org.eclipse.ui.internal.Workbench.createAndRunWorkbench(Lorg/eclipse/swt/widgets/Display;Lorg/eclipse/ui/application/WorkbenchAdvisor;)I+16
j  org.eclipse.ui.PlatformUI.createAndRunWorkbench(Lorg/eclipse/swt/widgets/Display;Lorg/eclipse/ui/application/WorkbenchAdvisor;)I+2
j  org.jkiss.dbeaver.ui.app.standalone.DBeaverApplication.start(Lorg/eclipse/equinox/app/IApplicationContext;)Ljava/lang/Object;+772
j  org.eclipse.equinox.internal.app.EclipseAppHandle.run(Ljava/lang/Object;)Ljava/lang/Object;+138
j  org.eclipse.core.runtime.internal.adaptor.EclipseAppLauncher.runApplication(Ljava/lang/Object;)Ljava/lang/Object;+85
j  org.eclipse.core.runtime.internal.adaptor.EclipseAppLauncher.start(Ljava/lang/Object;)Ljava/lang/Object;+79
j  org.eclipse.core.runtime.adaptor.EclipseStarter.run(Ljava/lang/Object;)Ljava/lang/Object;+99
j  org.eclipse.core.runtime.adaptor.EclipseStarter.run([Ljava/lang/String;Ljava/lang/Runnable;)Ljava/lang/Object;+132
J 477 c1 java.lang.invoke.DirectMethodHandle$Holder.invokeStatic(Ljava/lang/Object;Ljava/lang/Object;Ljava/lang/Object;)Ljava/lang/Object; java.base@25.0.3 (15 bytes) @ 0x000077feb8f1cb6c [0x000077feb8f1c800+0x000000000000036c]
j  java.lang.invoke.LambdaForm$MH+0x000000005d146800.invoke(Ljava/lang/Object;Ljava/lang/Object;Ljava/lang/Object;Ljava/lang/Object;)Ljava/lang/Object;+54 java.base@25.0.3
j  java.lang.invoke.LambdaForm$MH+0x000000005d146c00.invokeExact_MT(Ljava/lang/Object;Ljava/lang/Object;Ljava/lang/Object;Ljava/lang/Object;Ljava/lang/Object;)Ljava/lang/Object;+22 java.base@25.0.3
j  jdk.internal.reflect.DirectMethodHandleAccessor.invokeImpl(Ljava/lang/Object;[Ljava/lang/Object;)Ljava/lang/Object;+72 java.base@25.0.3
j  jdk.internal.reflect.DirectMethodHandleAccessor.invoke(Ljava/lang/Object;[Ljava/lang/Object;)Ljava/lang/Object;+23 java.base@25.0.3
j  java.lang.reflect.Method.invoke(Ljava/lang/Object;[Ljava/lang/Object;)Ljava/lang/Object;+102 java.base@25.0.3
j  org.jkiss.dbeaver.launcher.DBeaverLauncher.invokeFramework([Ljava/lang/String;[Ljava/net/URL;)V+205
j  org.jkiss.dbeaver.launcher.DBeaverLauncher.basicRun([Ljava/lang/String;)V+481
j  org.jkiss.dbeaver.launcher.DBeaverLauncher.run([Ljava/lang/String;)I+57
j  org.jkiss.dbeaver.launcher.DBeaverLauncher.main([Ljava/lang/String;)V+10
v  ~StubRoutines::call_stub 0x000077fec03cffa6

siginfo: si_signo: 11 (SIGSEGV), si_code: 128 (SI_KERNEL), si_addr: 0x0000000000000000

Registers:
RAX=0x000077fecc4071e0, RBX=0x000077fde83443f0, RCX=0xfffffffffffffff5, RDX=0x0000000000000000
RSP=0x000077fed3b2d590, RBP=0x000077fed3b2d630, RSI=0x000077fecc4071e0, RDI=0x000077fde83443f0
R8 =0x0000000000000002, R9 =0x0000000000000000, R10=0x000077fec0afabc9, R11=0x000077fec0afab90
R12=0x0303030303030303, R13=0x000077fed3b2d6a0, R14=0x000077fed3b2d680, R15=0x000077fecc02e730
RIP=0x000077fe6b3779d0, EFLAGS=0x0000000000010206, CSGSFS=0x002b000000000033, ERR=0x0000000000000000
  TRAPNO=0x000000000000000d

XMM[0]=0x0000000000000000 0x409f400000000000
XMM[1]=0x0000000000000000 0x4060000000000000
XMM[2]=0x0000000000000000 0x4060000000000000
XMM[3]=0x0000000000000000 0x4060000000000000
XMM[4]=0x0000000000000000 0x4059000000000000
XMM[5]=0x0000000000000000 0x4059000000000000
XMM[6]=0x0800000007000000 0x0500000002000000
XMM[7]=0x0000000000000000 0x0000000000000000
XMM[8]=0x0000000001000000 0x0300000009000000
XMM[9]=0xa5381524a5381524 0xa53815248a4000d6
XMM[10]=0x0000000000000000 0x00000000e507ebb2
XMM[11]=0x1008bc5e1008bc5e 0x1008bc5e9a48bd34
XMM[12]=0x0000000000000000 0x000000008a4000d6
XMM[13]=0x0000000000000000 0xc018000000000000
XMM[14]=0x0000000000000000 0x3ebbd0d9f3700000
XMM[15]=0x0000000000000000 0x0000000000000000
  MXCSR=0x00001fa2


Register to memory mapping:

RAX=0x000077fecc4071e0 points into unknown readable memory: 0x0000000000000000 | 00 00 00 00 00 00 00 00
RBX=0x000077fde83443f0 points into unknown readable memory: 0x0303030303030303 | 03 03 03 03 03 03 03 03
RCX=0xfffffffffffffff5 is an unknown value
RDX=0x0 is null
RSP=0x000077fed3b2d590 is pointing into the stack for thread: 0x000077fecc02e730
RBP=0x000077fed3b2d630 is pointing into the stack for thread: 0x000077fecc02e730
RSI=0x000077fecc4071e0 points into unknown readable memory: 0x0000000000000000 | 00 00 00 00 00 00 00 00
RDI=0x000077fde83443f0 points into unknown readable memory: 0x0303030303030303 | 03 03 03 03 03 03 03 03
R8 =0x0000000000000002 is an unknown value
R9 =0x0 is null
R10=0x000077fec0afabc9 is at entry_point+73 in (nmethod*)0x000077fec0afaa88
Compiled method (n/a) 9985 6990     n 0       org.eclipse.swt.internal.gtk.GTK::gtk_widget_realize (native)
 total in heap  [0x000077fec0afaa88,0x000077fec0afacd8] = 592
 main code      [0x000077fec0afab80,0x000077fec0afacd0] = 336
 oops           [0x000077fec0afacd0,0x000077fec0afacd8] = 8
 mutable data [0x000077fecc6f1af0,0x000077fecc6f1b10] = 32
 relocation     [0x000077fecc6f1af0,0x000077fecc6f1b10] = 32
0x000077fec0afabaf:   48 8b d6 49 be b8 f8 d0 c0 00 00 00 00 4c 89 74
0x000077fec0afabbf:   24 30 4c 8d 74 24 30 49 8b f6 c5 f8 77 
R11=0x000077fec0afab90 is at entry_point+16 in (nmethod*)0x000077fec0afaa88
Compiled method (n/a) 9986 6990     n 0       org.eclipse.swt.internal.gtk.GTK::gtk_widget_realize (native)
 total in heap  [0x000077fec0afaa88,0x000077fec0afacd8] = 592
 main code      [0x000077fec0afab80,0x000077fec0afacd0] = 336
 oops           [0x000077fec0afacd0,0x000077fec0afacd8] = 8
 mutable data [0x000077fecc6f1af0,0x000077fecc6f1b10] = 32
 relocation     [0x000077fecc6f1af0,0x000077fecc6f1b10] = 32
0x000077fec0afab90:   89 84 24 00 c0 fe ff 55 48 8b ec 48 83 ec 40 90
0x000077fec0afaba0:   41 81 7f 20 07 00 00 00 74 05 
R12=0x0303030303030303 is an unknown value
R13=0x000077fed3b2d6a0 is pointing into the stack for thread: 0x000077fecc02e730
R14=0x000077fed3b2d680 is pointing into the stack for thread: 0x000077fecc02e730
R15=0x000077fecc02e730 is a thread

Top of Stack: (sp=0x000077fed3b2d590)
0x000077fed3b2d590:   0000770000000000 000077fed3b2d6f8   .....w.......w..
0x000077fed3b2d5a0:   000077fed3b2d6b0 000077fed00a0350   .....w..P....w..
0x000077fed3b2d5b0:   000000005d2a16f8 000077fe95676538   ..*]....8eg..w..
0x000077fed3b2d5c0:   000077fecc02e730 0000000000000000   0....w..........
0x000077fed3b2d5d0:   000077fed3b2d718 000077fecc02e730   .....w..0....w..
0x000077fed3b2d5e0:   000077fed3b2d690 000077fed2a07bbb   .....w...{...w..
0x000077fed3b2d5f0:   000077fed3b2d670 a0e134b6f62b8600   p....w....+..4..
0x000077fed3b2d600:   0000000000000000 000077fe9583f868   ........h....w..
0x000077fed3b2d610:   0000000000000000 000077fed3b2d6a0   .............w..
0x000077fed3b2d620:   000077fed3b2d680 000077fecc02e730   .....w..0....w..
0x000077fed3b2d630:   000077fed3b2d690 000077fe68050e30   .....w..0..h.w..
0x000077fed3b2d640:   000077fecc0309a0 000077fec0afabfb   .....w.......w..
0x000077fed3b2d650:   000077fe000000f7 000077fed3b2d670   .....w..p....w..
0x000077fed3b2d660:   000077fe956abfc8 000077fecc02e730   ..j..w..0....w..
0x000077fed3b2d670:   000077fe95685700 000077fe95676538   .Wh..w..8eg..w..
0x000077fed3b2d680:   00000000c0d0f8b8 000077fe95676508   .........eg..w..
0x000077fed3b2d690:   000077fed3b2d6f8 000077fec03d7426   .....w..&t=..w..
0x000077fed3b2d6a0:   000077fde83443f0 0000000000000000   .C4..w..........
0x000077fed3b2d6b0:   fffffffffffffff7 000077fe9567650e   .........eg..w..
0x000077fed3b2d6c0:   0000000000000004 000077fe962751b0   .........Q'..w..
0x000077fed3b2d6d0:   0000000000000000 00000000c0d15270   ........pR......
0x000077fed3b2d6e0:   000077fe95676538 fffffffffffffff5   8eg..w..........
0x000077fed3b2d6f0:   000077fed3b2d718 000077fed3b2d768   .....w..h....w..
0x000077fed3b2d700:   000077fec03d751c 000077fde83443f0   .u=..w...C4..w..
0x000077fed3b2d710:   0000000000000000 00000000c26b3e90   .........>k.....
0x000077fed3b2d720:   fffffffffffffff7 000077fe956856a4   .........Vh..w..
0x000077fed3b2d730:   0000000000000006 000077fe962751b0   .........Q'..w..
0x000077fed3b2d740:   0000000000000000 00000000c0d15270   ........pR......
0x000077fed3b2d750:   000077fe95685700 fffffffffffffff6   .Wh..w..........
0x000077fed3b2d760:   000077fed3b2d788 000077fed3b2d7e8   .....w.......w..
0x000077fed3b2d770:   000077fec03d7426 0000000000000000   &t=..w..........
0x000077fed3b2d780:   0000000000000000 000077fecc9011d0   .............w..

Instructions: (pc=0x000077fe6b3779d0)
  0x000077fe6b3778d0:   24 18 00 74 65 8b 73 1c 85 f6 75 7f 48 8b 7b 48
  0x000077fe6b3778e0:   80 63 06 f7 48 85 ff 0f 84 96 00 00 00 48 83 c4
  0x000077fe6b3778f0:   08 31 f6 5b 41 5c 41 5e 5d e9 e2 69 f5 ff 66 90
  0x000077fe6b377900:   49 8b 44 24 20 8b 70 10 85 f6 74 bd 48 8b 78 08
  0x000077fe6b377910:   e8 4b 06 d2 ff 49 8b 44 24 20 c7 40 10 00 00 00
  0x000077fe6b377920:   00 49 8b 44 24 20 48 c7 40 08 00 00 00 00 4c 8b
  0x000077fe6b377930:   63 40 49 83 7c 24 18 00 75 9b 4c 89 e7 e8 5e e6
  0x000077fe6b377940:   dc ff 4c 89 e7 48 be 00 00 00 00 08 00 00 00 e8
  0x000077fe6b377950:   bc dc dc ff 8b 73 1c 85 f6 74 81 4c 89 f7 e8 fd
  0x000077fe6b377960:   05 d2 ff c7 43 1c 00 00 00 00 4c 89 f7 e8 ce 21
  0x000077fe6b377970:   d2 ff 48 8b 7b 48 80 63 06 f7 48 85 ff 0f 85 6a
  0x000077fe6b377980:   ff ff ff 48 83 c4 08 5b 41 5c 41 5e 5d c3 66 90
  0x000077fe6b377990:   f3 0f 1e fa 55 48 89 e5 41 57 41 56 41 55 41 54
  0x000077fe6b3779a0:   53 48 83 ec 78 64 48 8b 04 25 28 00 00 00 48 89
  0x000077fe6b3779b0:   45 c8 31 c0 48 85 ff 0f 84 8b 01 00 00 48 89 fb
  0x000077fe6b3779c0:   e8 ab 82 ff ff 4c 8b 23 48 89 c6 4d 85 e4 74 0a
=>0x000077fe6b3779d0:   49 39 04 24 0f 84 ae 01 00 00 48 89 df e8 6e 1f
  0x000077fe6b3779e0:   d2 ff 85 c0 0f 84 5e 01 00 00 4c 8b 6b 18 41 f6
  0x000077fe6b3779f0:   45 02 02 75 26 e8 06 93 e7 ff 4d 85 e4 74 09 49
  0x000077fe6b377a00:   8b 34 24 48 39 c6 74 13 48 89 c6 48 89 df e8 3d
  0x000077fe6b377a10:   1f d2 ff 85 c0 0f 84 6d 02 00 00 41 0f b6 45 02
  0x000077fe6b377a20:   a8 10 0f 85 28 02 00 00 49 8b bd d0 00 00 00 48
  0x000077fe6b377a30:   85 ff 0f 84 c8 02 00 00 48 8b 47 18 f6 40 02 10
  0x000077fe6b377a40:   0f 84 32 02 00 00 48 89 df e8 32 2f 07 00 8b 35
  0x000077fe6b377a50:   80 e8 39 00 31 d2 31 c0 48 89 df e8 d0 ee d1 ff
  0x000077fe6b377a60:   48 89 df e8 78 8c 00 00 ba 01 00 00 00 48 89 df
  0x000077fe6b377a70:   89 c6 e8 29 88 00 00 41 f6 45 04 40 0f 85 2e 02
  0x000077fe6b377a80:   00 00 48 89 df e8 26 76 00 00 41 f6 45 04 20 0f
  0x000077fe6b377a90:   85 4f 02 00 00 8b 35 01 13 3a 00 48 89 df e8 8d
  0x000077fe6b377aa0:   d8 d1 ff 48 85 c0 0f 84 04 01 00 00 48 89 c6 48
  0x000077fe6b377ab0:   8d 7d a0 e8 68 f7 d1 ff eb 26 66 0f 1f 44 00 00
  0x000077fe6b377ac0:   48 89 7d 80 48 8d 4d 80 48 c7 45 88 00 00 00 00


Stack slot to memory mapping:

stack at sp + 0 slots: 0x0000770000000000 is an unknown value
stack at sp + 1 slots: 0x000077fed3b2d6f8 is pointing into the stack for thread: 0x000077fecc02e730
stack at sp + 2 slots: 0x000077fed3b2d6b0 is pointing into the stack for thread: 0x000077fecc02e730
stack at sp + 3 slots: 0x000077fed00a0350 points into unknown readable memory: 0x4a2800042589ffff | ff ff 89 25 04 00 28 4a
stack at sp + 4 slots: 0x000000005d2a16f8 is a pointer to class: 
org.eclipse.swt.widgets.Decorations {0x000000005d2a16f8}
 - instance size:     43
 - klass size:        774
 - access:            public synchronized 
 - flags:             rewritten has_nonstatic_fields should_verify_class has_nonstatic_concrete_methods has_localvariable_table 
 - state:             fully_initialized
 - name:              'org/eclipse/swt/widgets/Decorations'
 - super:             'org/eclipse/swt/widgets/Canvas'
 - sub:               'org/eclipse/swt/widgets/Shell'   
 - arrays:            'org/eclipse/swt/widgets/Decorations'[]
 - methods:           Array<T>(0x000077fe956bbfe0)
 - method ordering:   Array<T>(0x000077fe94000018)
 - local interfaces:  Array<T>(0x000077fe94000048)
 - trans. interfaces: Array<T>(0x000077fe95648ff0)
 - secondary supers: Array<T>(0x000077fe95648ff0)
 - hash_slot:         4
 - secondary bitmap: 0x0100000000000000
 - constants:         constant pool [394] {0x000077fe956bb2b0} for 'org/eclipse/swt/widgets/Decorations' cache=0x000077fe96278ef0
 - class loader data:  loader data: 0x000077fecc953f90 for instance a 'org/eclipse/osgi/internal/loader/EquinoxClassLoader'{0x00000000c0d0f0f8}
 - source file:       'Decorations.java'
 - inner classes:     Array<T>(0x000077fe94000020)
 - nest members:     Array<T>(0x000077fe94000020)
 - permitted subclasses:     Array<T>(0x000077fe94000020)
 - java mirror:       a 'java/lang/Class'{0x00000000c0d14e28} = 'org/eclipse/swt/widgets/Decorations'
 - vtable length      704  (start addr: 0x000000005d2a18d0)
 - itable length      7 (start addr: 0x000000005d2a2ed0)
 - ---- static fields (0 words):
 - ---- non-static fields (83 words):
 - 'style' 'I' @12 
 - public 'handle' 'J' @16 
 - 'state' 'I' @24 
 - 'display' 'Lorg/eclipse/swt/widgets/Display;' @28 
 - 'eventTable' 'Lorg/eclipse/swt/widgets/EventTable;' @32 
 - 'data' 'Ljava/lang/Object;' @36 
 - 'parent' 'Lorg/eclipse/swt/widgets/Composite;' @40 
 - 'cursor' 'Lorg/eclipse/swt/graphics/Cursor;' @44 
 - 'menu' 'Lorg/eclipse/swt/widgets/Menu;' @48 
 - 'backgroundImage' 'Lorg/eclipse/swt/graphics/Image;' @52 
 - 'font' 'Lorg/eclipse/swt/graphics/Font;' @56 
 - 'region' 'Lorg/eclipse/swt/graphics/Region;' @60 
 - 'toolTipText' 'Ljava/lang/String;' @64 
 - 'layoutData' 'Ljava/lang/Object;' @68 
 - 'accessible' 'Lorg/eclipse/swt/accessibility/Accessible;' @72 
 - 'labelRelation' 'Lorg/eclipse/swt/widgets/Control;' @76 
 - 'cssBackground' 'Ljava/lang/String;' @80 
 - 'cssForeground' 'Ljava/lang/String;' @84 
 - 'lastInput' 'Lorg/eclipse/swt/graphics/Point;' @88 
 - 'dragDetectionQueue' 'Ljava/util/LinkedList;' @92 
 - 'fixedHandle' 'J' @96 
 - 'firstFixedHandle' 'J' @104 
 - 'keyController' 'J' @112 
 - 'redrawWindow' 'J' @120 
 - 'enableWindow' 'J' @128 
 - 'provider' 'J' @136 
 - 'dragGesture' 'J' @144 
 - 'zoomGesture' 'J' @152 
 - 'rotateGesture' 'J' @160 
 - 'panGesture' 'J' @168 
 - 'eventRegion' 'J' @176 
 - 'regionHandle' 'J' @184 
 - 'drawCount' 'I' @192 
 - 'backgroundAlpha' 'I' @196 
 - 'drawRegion' 'Z' @200 
 - 'cachedNoBackground' 'Z' @201 
 - 'checkScaleFactor' 'Z' @202 
 - 'autoScale' 'Z' @203 
 - 'horizontalBar' 'Lorg/eclipse/swt/widgets/ScrollBar;' @204 
 - 'scrolledHandle' 'J' @208 
 - 'verticalBar' 'Lorg/eclipse/swt/widgets/ScrollBar;' @216 
 - 'layout' 'Lorg/eclipse/swt/widgets/Layout;' @220 
 - 'tabList' '[Lorg/eclipse/swt/widgets/Control;' @224 
 - 'fixClipMap' 'Ljava/util/Map;' @228 
 - 'popupChild' 'Lorg/eclipse/swt/widgets/Shell;' @232 
 - 'childrenLowered' 'Ljava/util/HashMap;' @236 
 - public 'embeddedHandle' 'J' @240 
 - 'imHandle' 'J' @248 
 - 'socketHandle' 'J' @256 
 - 'fixClipHandle' 'J' @264 
 - 'layoutCount' 'I' @272 
 - 'backgroundMode' 'I' @276 
 - 'noChildDrawing' 'Z' @280 
 - 'blink' 'Z' @281 
 - 'drawFlag' 'Z' @282 
 - 'caret' 'Lorg/eclipse/swt/widgets/Caret;' @284 
 - 'ime' 'Lorg/eclipse/swt/widgets/IME;' @288 
 - 'minimized' 'Z' @283 
 - 'text' 'Ljava/lang/String;' @292 
 - 'image' 'Lorg/eclipse/swt/graphics/Image;' @296 
 - 'images' '[Lorg/eclipse/swt/graphics/Image;' @300 
 - 'menuBar' 'Lorg/eclipse/swt/widgets/Menu;' @304 
 - 'menus' '[Lorg/eclipse/swt/widgets/Menu;' @308 
 - 'savedFocus' 'Lorg/eclipse/swt/widgets/Control;' @312 
 - 'defaultButton' 'Lorg/eclipse/swt/widgets/Button;' @316 
 - 'saveDefault' 'Lorg/eclipse/swt/widgets/Button;' @320 
 - 'maximized' 'Z' @324 
 - 'accelGroup' 'J' @328 
 - 'vboxHandle' 'J' @336 
 - non-static oop maps (4 entries): 28-92 204-204 216-236 284-320 
stack at sp + 5 slots: {method} {0x000077fe95676538} 'eventWindow' '()J' in 'org/eclipse/swt/widgets/Control'
stack at sp + 6 slots: 0x000077fecc02e730 is a thread
stack at sp + 7 slots: 0x0 is null

Lock stack of current Java thread (top to bottom):


Compiled method (c1) 9997 7372   !   3       org.eclipse.swt.widgets.EventTable::sendEvent (619 bytes)
 total in heap  [0x000077feb9819488,0x000077feb981b088] = 7168
 main code      [0x000077feb9819580,0x000077feb981aff0] = 6768
 stub code      [0x000077feb981aff0,0x000077feb981b080] = 144
 oops           [0x000077feb981b080,0x000077feb981b088] = 8
 mutable data [0x000077fe750ae250,0x000077fe750ae490] = 576
 relocation     [0x000077fe750ae250,0x000077fe750ae470] = 544
 metadata       [0x000077fe750ae470,0x000077fe750ae490] = 32
 immutable data [0x000077fe750ad750,0x000077fe750ae240] = 2800
 dependencies   [0x000077fe750ad750,0x000077fe750ad760] = 16
 nul chk table  [0x000077fe750ad760,0x000077fe750ad848] = 232
 handler table  [0x000077fe750ad848,0x000077fe750ad9f8] = 432
 scopes pcs     [0x000077fe750ad9f8,0x000077fe750aded8] = 1248
 scopes data    [0x000077fe750aded8,0x000077fe750ae240] = 872

[Constant Pool (empty)]

[MachCode]
[Instructions begin]
  0x000077feb9819580: 660f 1f84 | 0000 0000 | 0066 0f1f | 8400 0000 | 0000 448b | 5608 443b 

  0x000077feb9819598: ;   {runtime_call Shared Runtime ic_miss_blob}
  0x000077feb9819598: 5008 0f85 | 403e c006 
[Verified Entry Point]
  0x000077feb98195a0: 8984 2400 | c0fe ff55 | 4881 ec80 | 0000 0090 | 4181 7f20 | 0700 0000 

  0x000077feb98195b8: ;   {runtime_call Stub::method_entry_barrier}
  0x000077feb98195b8: 7405 e861 | b9be 0648 | 8974 2450 | 4889 5424 

  0x000077feb98195c8: ;   {metadata(method data for {method} {0x000077fe9626e198} 'sendEvent' '(Lorg/eclipse/swt/widgets/Event;)V' in 'org/eclipse/swt/widgets/EventTable')}
  0x000077feb98195c8: 5848 bff8 | 0522 97fe | 7700 008b | 8790 0000 | 0083 c002 | 8987 9000 | 0000 25fe | 0700 0085 
  0x000077feb98195e8: c00f 84fc | 1400 008b | 7e10 4885 

  0x000077feb98195f4: ;   {metadata(method data for {method} {0x000077fe9626e198} 'sendEvent' '(Lorg/eclipse/swt/widgets/Event;)V' in 'org/eclipse/swt/widgets/EventTable')}
  0x000077feb98195f4: ff48 bff8 | 0522 97fe | 7700 00b8 | e800 0000 | 7405 b8d8 | 0000 0048 | 8b0c 0748 | 8d49 0148 
  0x000077feb9819614: 890c 070f | 842f 0e00 | 008b 7e0c 

  0x000077feb9819620: ;   {metadata(method data for {method} {0x000077fe9626e198} 'sendEvent' '(Lorg/eclipse/swt/widgets/Event;)V' in 'org/eclipse/swt/widgets/EventTable')}
  0x000077feb9819620: 85ff 48b8 | f805 2297 | fe77 0000 | b9f8 0000 | 007c 05b9 | 0801 0000 | 488b 1c08 | 488d 5b01 
  0x000077feb9819640: 4889 1c08 | 0f8c 1a00 

  0x000077feb9819648: ;   {metadata(method data for {method} {0x000077fe9626e198} 'sendEvent' '(Lorg/eclipse/swt/widgets/Event;)V' in 'org/eclipse/swt/widgets/EventTable')}
  0x000077feb9819648: 0000 48b8 | f805 2297 | fe77 0000 | ff80 1801 | 0000 b801 | 0000 00e9 | 0500 0000 | b8ff ffff 
  0x000077feb9819668: ff03 c789 | 460c 488b 

  0x000077feb9819670: ;   {metadata('org/eclipse/swt/internal/ExceptionStash')}
  0x000077feb9819670: da48 ba58 | c25d 5d00 | 0000 004c | 8bc6 498b | 87c8 0100 | 0048 8d78 | 1049 3bbf | d801 0000 
  0x000077feb9819690: 0f87 7614 | 0000 4989 | bfc8 0100 | 0048 c700 | 0100 0000 | 488b ca89 | 4808 4833 | c989 480c 
  0x000077feb98196b0: 4833 c948 | 8944 2440 

  0x000077feb98196b8: ;   {metadata(method data for {method} {0x000077fe9626e198} 'sendEvent' '(Lorg/eclipse/swt/widgets/Event;)V' in 'org/eclipse/swt/widgets/EventTable')}
  0x000077feb98196b8: 488b d048 | bef8 0522 | 97fe 7700 | 0048 8386 | 3001 0000 

  0x000077feb98196cc: ;   {metadata(method data for {method} {0x000077fe9698f6f8} '<init>' '()V' in 'org/eclipse/swt/internal/ExceptionStash')}
  0x000077feb98196cc: 0148 ba38 | 0b43 97fe | 7700 008b | b290 0000 | 0083 c602 | 89b2 9000 | 0000 81e6 | feff 1f00 
  0x000077feb98196ec: 85f6 0f84 | 2514 0000 

  0x000077feb98196f4: ;   {metadata(method data for {method} {0x000077fe9698f6f8} '<init>' '()V' in 'org/eclipse/swt/internal/ExceptionStash')}
  0x000077feb98196f4: 488b d048 | be38 0b43 | 97fe 7700 | 0048 8386 | d800 0000 

  0x000077feb9819708: ;   {metadata(method data for {method} {0x000077fe940005d0} '<init>' '()V' in 'java/lang/Object')}
  0x000077feb9819708: 0148 ba50 | 2622 94fe | 7700 008b | b290 0000 | 0083 c602 | 89b2 9000 | 0000 81e6 | feff 1f00 
  0x000077feb9819728: 85f6 0f84 | 0a14 0000 

  0x000077feb9819730: ;   {metadata(method data for {method} {0x000077fe9626e198} 'sendEvent' '(Lorg/eclipse/swt/widgets/Event;)V' in 'org/eclipse/swt/widgets/EventTable')}
  0x000077feb9819730: 48ba f805 | 2297 fe77 | 0000 ff82 | 4001 0000 | bf00 0000 | 0066 6690 | 418b 5010 

  0x000077feb981974c: ; implicit exception: dispatches to 0x000077feb981ab5b
  0x000077feb981974c: 8b72 0c3b | feb9 0200 | 0000 7c05 | b900 0000 

  0x000077feb981975c: ;   {metadata(method data for {method} {0x000077fe9626e198} 'sendEvent' '(Lorg/eclipse/swt/widgets/Event;)V' in 'org/eclipse/swt/widgets/EventTable')}
  0x000077feb981975c: 0049 b9f8 | 0522 97fe | 7700 0045 | 8b99 9400 | 0000 4403 | d945 8999 | 9400 0000 | 85c9 7506 
  0x000077feb981977c: 41bb 0200 | 0000 4181 | e3fe 3f00 | 0045 85db | 0f84 ce13 | 0000 4d8b 

  0x000077feb9819794: ; ImmutableOopMap {rbx=Oop r8=Oop rdx=Oop [64]=Oop [80]=Oop [88]=Oop }
                      ;*if_icmplt {reexecute=1 rethrow=0 return_oop=0}
                      ; - (reexecute) org.eclipse.swt.widgets.EventTable::sendEvent@270 (line 85)
                      ;   {poll}
  0x000077feb9819794: 5730 4185 

  0x000077feb9819798: ;   {metadata(method data for {method} {0x000077fe9626e198} 'sendEvent' '(Lorg/eclipse/swt/widgets/Event;)V' in 'org/eclipse/swt/widgets/EventTable')}
  0x000077feb9819798: 023b fe48 | bef8 0522 | 97fe 7700 | 00b9 3004 | 0000 7d05 | b920 0400 | 004c 8b0c | 0e4d 8d49 
  0x000077feb98197b8: 014c 890c | 0e0f 8dfc | 0600 008b | 730c 85f6 

  0x000077feb98197c8: ;   {metadata(method data for {method} {0x000077fe9626e198} 'sendEvent' '(Lorg/eclipse/swt/widgets/Event;)V' in 'org/eclipse/swt/widgets/EventTable')}
  0x000077feb98197c8: 48b9 f805 | 2297 fe77 | 0000 41b9 | 6801 0000 | 7406 41b9 | 5801 0000 | 4e8b 1c09 | 4d8d 5b01 
  0x000077feb98197e8: 4e89 1c09 | 0f84 a701 | 0000 4863 | cf8b 548a 

  0x000077feb98197f8: ;   {metadata(method data for {method} {0x000077fe9626e198} 'sendEvent' '(Lorg/eclipse/swt/widgets/Event;)V' in 'org/eclipse/swt/widgets/EventTable')}
  0x000077feb98197f8: 103b d648 | baf8 0522 | 97fe 7700 | 00be 7803 | 0000 7405 | be68 0300 | 0048 8b0c | 3248 8d49 
  0x000077feb9819818: 0148 890c | 320f 8409 | 0000 0089 | 7c24 48e9 | 5801 0000 | 418b 5014 

  0x000077feb9819830: ; implicit exception: dispatches to 0x000077feb981ab86
  0x000077feb9819830: 3b7a 0c0f | 8357 1300 | 0048 63f7 | 8b74 b210 

  0x000077feb9819840: ;   {metadata(method data for {method} {0x000077fe9626e198} 'sendEvent' '(Lorg/eclipse/swt/widgets/Event;)V' in 'org/eclipse/swt/widgets/EventTable')}
  0x000077feb9819840: 4885 f648 | baf8 0522 | 97fe 7700 | 00b9 8803 | 0000 7405 | b998 0300 | 004c 8b0c | 0a4d 8d49 
  0x000077feb9819860: 014c 890c | 0a89 7c24 | 480f 8415 | 0100 0048 | 3b06 488b 

  0x000077feb9819874: ;   {metadata(method data for {method} {0x000077fe9626e198} 'sendEvent' '(Lorg/eclipse/swt/widgets/Event;)V' in 'org/eclipse/swt/widgets/EventTable')}
  0x000077feb9819874: d649 b8f8 | 0522 97fe | 7700 008b | 5208 493b | 90b0 0300 | 0075 0d49 | 8380 b803 | 0000 01e9 
  0x000077feb9819894: 6000 0000 | 493b 90c0 | 0300 0075 | 0d49 8380 | c803 0000 | 01e9 4a00 | 0000 4983 | b8b0 0300 
  0x000077feb98198b4: 0000 7517 | 4989 90b0 | 0300 0049 | c780 b803 | 0000 0100 | 0000 e929 | 0000 0049 | 83b8 c003 
  0x000077feb98198d4: 0000 0075 | 1749 8990 | c003 0000 | 49c7 80c8 | 0300 0001 | 0000 00e9 | 0800 0000 | 4983 80a8 
  0x000077feb98198f4: 0300 0001 | 488b d366 | 9048 b8e0 | e90a 75fe 

  0x000077feb9819904: ;   {virtual_call}
  0x000077feb9819904: 7700 00e8 

  0x000077feb9819908: ; ImmutableOopMap {[64]=Oop [80]=Oop [88]=Oop }
                      ;*invokeinterface handleEvent {reexecute=0 rethrow=0 return_oop=0}
                      ; - org.eclipse.swt.widgets.EventTable::sendEvent@243 (line 91)
  0x000077feb9819908: d4c0 cd06 

  0x000077feb981990c: ;   {post_call_nop}
  0x000077feb981990c: 0f1f 8400 | 8404 0001 

  0x000077feb9819914: ;   {metadata(method data for {method} {0x000077fe9626e198} 'sendEvent' '(Lorg/eclipse/swt/widgets/Event;)V' in 'org/eclipse/swt/widgets/EventTable')}
  0x000077feb9819914: 48b8 f805 | 2297 fe77 | 0000 ff80 | d803 0000 | e95b 0000 | 0049 8b87 | e005 0000 | 4d33 d24d 
  0x000077feb9819934: 8997 e005 | 0000 4d33 | d24d 8997 | e805 0000 | 488b 5424 

  0x000077feb9819948: ;   {metadata(method data for {method} {0x000077fe9626e198} 'sendEvent' '(Lorg/eclipse/swt/widgets/Event;)V' in 'org/eclipse/swt/widgets/EventTable')}
  0x000077feb9819948: 4048 bef8 | 0522 97fe 

  0x000077feb9819950: ;   {metadata('org/eclipse/swt/internal/ExceptionStash')}
  0x000077feb9819950: 7700 0049 | ba58 c25d | 5d00 0000 | 004c 8996 | f803 0000 | 4883 8600 | 0400 0001 | 488b d048 
  0x000077feb9819970: 8b74 2440 

  0x000077feb9819974: ;   {optimized virtual_call}
  0x000077feb9819974: 6666 90e8 

  0x000077feb9819978: ; ImmutableOopMap {[64]=Oop [80]=Oop [88]=Oop }
                      ;*invokevirtual stash {reexecute=0 rethrow=0 return_oop=0}
                      ; - org.eclipse.swt.widgets.EventTable::sendEvent@257 (line 93)
  0x000077feb9819978: 643d c006 

  0x000077feb981997c: ;   {post_call_nop}
  0x000077feb981997c: 0f1f 8400 | f404 0002 | 8b7c 2448 | ffc7 488b | 5c24 584c | 8b44 2450 | e9af fdff 

  0x000077feb9819998: ;   {metadata(method data for {method} {0x000077fe9626e198} 'sendEvent' '(Lorg/eclipse/swt/widgets/Event;)V' in 'org/eclipse/swt/widgets/EventTable')}
  0x000077feb9819998: ff48 bef8 | 0522 97fe | 7700 00ff | 8688 0100 | 0048 8b44 

  0x000077feb98199ac: ;   {metadata(method data for {method} {0x000077fe9626e198} 'sendEvent' '(Lorg/eclipse/swt/widgets/Event;)V' in 'org/eclipse/swt/widgets/EventTable')}
  0x000077feb98199ac: 2440 48be | f805 2297 | fe77 0000 

  0x000077feb98199b8: ;   {metadata('org/eclipse/swt/internal/ExceptionStash')}
  0x000077feb98199b8: 49ba 58c2 | 5d5d 0000 | 0000 4c89 | 96a0 0100 | 0048 8386 | a801 0000 | 0148 8b74 

  0x000077feb98199d4: ;   {optimized virtual_call}
  0x000077feb98199d4: 2440 90e8 

  0x000077feb98199d8: ; ImmutableOopMap {[80]=Oop }
                      ;*invokevirtual close {reexecute=0 rethrow=0 return_oop=0}
                      ; - org.eclipse.swt.widgets.EventTable::sendEvent@62 (line 98)
  0x000077feb98199d8: 043d c006 

  0x000077feb98199dc: ;   {post_call_nop}
  0x000077feb98199dc: 0f1f 8400 | 5405 0003 | 488b 7424 | 508b 7e0c 

  0x000077feb98199ec: ;   {metadata(method data for {method} {0x000077fe9626e198} 'sendEvent' '(Lorg/eclipse/swt/widgets/Event;)V' in 'org/eclipse/swt/widgets/EventTable')}
  0x000077feb98199ec: 85ff 48bb | f805 2297 | fe77 0000 | b8c8 0100 | 007d 05b8 | d801 0000 | 488b 1403 | 488d 5201 
  0x000077feb9819a0c: 4889 1403 | 0f8d 1a00 

  0x000077feb9819a14: ;   {metadata(method data for {method} {0x000077fe9626e198} 'sendEvent' '(Lorg/eclipse/swt/widgets/Event;)V' in 'org/eclipse/swt/widgets/EventTable')}
  0x000077feb9819a14: 0000 48bb | f805 2297 | fe77 0000 | ff83 e801 | 0000 bb01 | 0000 00e9 | 0500 0000 | bb00 0000 
  0x000077feb9819a34: ;   {metadata(method data for {method} {0x000077fe9626e198} 'sendEvent' '(Lorg/eclipse/swt/widgets/Event;)V' in 'org/eclipse/swt/widgets/EventTable')}
  0x000077feb9819a34: 0085 ff48 | b8f8 0522 | 97fe 7700 | 00ba 0002 | 0000 7c05 | ba10 0200 | 0048 8b0c | 1048 8d49 
  0x000077feb9819a54: 0148 890c | 100f 8c1a 

  0x000077feb9819a5c: ;   {metadata(method data for {method} {0x000077fe9626e198} 'sendEvent' '(Lorg/eclipse/swt/widgets/Event;)V' in 'org/eclipse/swt/widgets/EventTable')}
  0x000077feb9819a5c: 0000 0048 | b8f8 0522 | 97fe 7700 | 00ff 8020 | 0200 00b8 | 0100 0000 | e905 0000 | 00b8 ffff 
  0x000077feb9819a7c: ffff 2bf8 | 897e 0c85 

  0x000077feb9819a84: ;   {metadata(method data for {method} {0x000077fe9626e198} 'sendEvent' '(Lorg/eclipse/swt/widgets/Event;)V' in 'org/eclipse/swt/widgets/EventTable')}
  0x000077feb9819a84: db48 bff8 | 0522 97fe | 7700 00bb | 3802 0000 | 7405 bb48 | 0200 0048 | 8b04 1f48 | 8d40 0148 
  0x000077feb9819aa4: 8904 1f0f | 848c 0900 | 008b 7e0c 

  0x000077feb9819ab0: ;   {metadata(method data for {method} {0x000077fe9626e198} 'sendEvent' '(Lorg/eclipse/swt/widgets/Event;)V' in 'org/eclipse/swt/widgets/EventTable')}
  0x000077feb9819ab0: 85ff 48bf | f805 2297 | fe77 0000 | bb58 0200 | 0075 05bb | 6802 0000 | 488b 041f | 488d 4001 
  0x000077feb9819ad0: 4889 041f | 0f85 5f09 

  0x000077feb9819ad8: ;   {metadata(method data for {method} {0x000077fe9626e198} 'sendEvent' '(Lorg/eclipse/swt/widgets/Event;)V' in 'org/eclipse/swt/widgets/EventTable')}
  0x000077feb9819ad8: 0000 48bf | f805 2297 | fe77 0000 | ff87 7802 | 0000 bf00 | 0000 00bb | 0000 0000 | e970 0100 
  0x000077feb9819af8: 000f 1f80 | 0000 0000 | 4863 d78b | 5490 1085 

  0x000077feb9819b08: ;   {metadata(method data for {method} {0x000077fe9626e198} 'sendEvent' '(Lorg/eclipse/swt/widgets/Event;)V' in 'org/eclipse/swt/widgets/EventTable')}
  0x000077feb9819b08: d248 b9f8 | 0522 97fe | 7700 0041 | b890 0200 | 0074 0641 | b8a0 0200 | 004e 8b0c | 014d 8d49 
  0x000077feb9819b28: 014e 890c | 010f 8434 | 0100 003b | 580c 0f83 | 6710 0000 | 4863 cb89 | 5488 108b | 4614 3b78 
  0x000077feb9819b48: 0c0f 836c | 1000 0048 | 63d7 8b54 | 9010 3b58 | 0c0f 836a | 1000 0048 

  0x000077feb9819b60: ;   {metadata(method data for {method} {0x000077fe9626e198} 'sendEvent' '(Lorg/eclipse/swt/widgets/Event;)V' in 'org/eclipse/swt/widgets/EventTable')}
  0x000077feb9819b60: 85d2 49b8 | f805 2297 | fe77 0000 | 750d 4180 | 88a9 0200 | 0001 e9bb | 0000 008b | 4a08 493b 
  0x000077feb9819b80: 88b8 0200 | 0075 0d49 | 8380 c002 | 0000 01e9 | 6000 0000 | 493b 88c8 | 0200 0075 | 0d49 8380 
  0x000077feb9819ba0: d002 0000 | 01e9 4a00 | 0000 4983 | b8b8 0200 | 0000 7517 | 4989 88b8 | 0200 0049 | c780 c002 
  0x000077feb9819bc0: 0000 0100 | 0000 e929 | 0000 0049 | 83b8 c802 | 0000 0075 | 1749 8988 | c802 0000 | 49c7 80d0 
  0x000077feb9819be0: 0200 0001 | 0000 00e9 | 0800 0000 | 4983 80b0 | 0200 0001 

  0x000077feb9819bf4: ; implicit exception: dispatches to 0x000077feb981abd7
  0x000077feb9819bf4: 8b48 0844 | 8b42 0848 | 8b89 e000 | 0000 4c3b | c10f 842b | 0000 0044 | 8b49 144b | 3b0c 080f 
  0x000077feb9819c14: 841d 0000 | 0041 83f9 | 200f 85b9 | 0f00 0041 

  0x000077feb9819c24: ;   {runtime_call C1 Runtime slow_subtype_check_blob}
  0x000077feb9819c24: 5051 e8b5 | 09cd 0641 | 5859 85c9 | 0f84 a60f | 0000 4863 | cb48 8d44 | 8810 410f | be4f 4885 
  0x000077feb9819c44: c90f 859a | 0f00 004c | 8bd2 4489 | 1048 8bc8 | 4833 ca48 | c1e9 1448 | 83f9 000f | 859a 0f00 
  0x000077feb9819c64: 00ff c3ff | c78b 4610 

  0x000077feb9819c6c: ; implicit exception: dispatches to 0x000077feb981ac17
  0x000077feb9819c6c: 8b50 0c3b | fab9 0200 | 0000 7c05 | b900 0000 

  0x000077feb9819c7c: ;   {metadata(method data for {method} {0x000077fe9626e198} 'sendEvent' '(Lorg/eclipse/swt/widgets/Event;)V' in 'org/eclipse/swt/widgets/EventTable')}
  0x000077feb9819c7c: 0049 b8f8 | 0522 97fe | 7700 0045 | 8b88 9400 | 0000 4403 | c945 8988 | 9400 0000 | 85c9 7506 
  0x000077feb9819c9c: 41b9 0200 | 0000 4181 | e1fe 3f00 | 0045 85c9 | 0f84 6a0f | 0000 4d8b 

  0x000077feb9819cb4: ; ImmutableOopMap {rsi=Oop rax=Oop [80]=Oop }
                      ;*if_icmplt {reexecute=1 rethrow=0 return_oop=0}
                      ; - (reexecute) org.eclipse.swt.widgets.EventTable::sendEvent@172 (line 103)
                      ;   {poll}
  0x000077feb9819cb4: 5730 4185 

  0x000077feb9819cb8: ;   {metadata(method data for {method} {0x000077fe9626e198} 'sendEvent' '(Lorg/eclipse/swt/widgets/Event;)V' in 'org/eclipse/swt/widgets/EventTable')}
  0x000077feb9819cb8: 023b fa48 | b9f8 0522 | 97fe 7700 | 0041 b8e0 | 0200 007c | 0641 b8f0 | 0200 004e | 8b0c 014d 
  0x000077feb9819cd8: 8d49 014e | 890c 010f | 8c1b feff 

  0x000077feb9819ce4: ;   {metadata(method data for {method} {0x000077fe9626e198} 'sendEvent' '(Lorg/eclipse/swt/widgets/Event;)V' in 'org/eclipse/swt/widgets/EventTable')}
  0x000077feb9819ce4: ff48 bff8 | 0522 97fe | 7700 00ff | 8700 0300 | 00e9 3e01 | 0000 660f | 1f44 0000 | 3b58 0c0f 
  0x000077feb9819d04: 8334 0f00 | 0048 63fb | c744 b810 | 0000 0000 

  0x000077feb9819d14: ;   {oop(nullptr)}
  0x000077feb9819d14: 8b7e 1448 | b900 0000 | 0000 0000 | 003b 5f0c | 0f83 2b0f | 0000 4885 

  0x000077feb9819d2c: ;   {metadata(method data for {method} {0x000077fe9626e198} 'sendEvent' '(Lorg/eclipse/swt/widgets/Event;)V' in 'org/eclipse/swt/widgets/EventTable')}
  0x000077feb9819d2c: c949 b9f8 | 0522 97fe | 7700 0075 | 0d41 8089 | 1103 0000 | 01e9 c000 | 0000 448b | 4108 4d3b 
  0x000077feb9819d4c: 8120 0300 | 0075 0d49 | 8381 2803 | 0000 01e9 | 6000 0000 | 4d3b 8130 | 0300 0075 | 0d49 8381 
  0x000077feb9819d6c: 3803 0000 | 01e9 4a00 | 0000 4983 | b920 0300 | 0000 7517 | 4d89 8120 | 0300 0049 | c781 2803 
  0x000077feb9819d8c: 0000 0100 | 0000 e929 | 0000 0049 | 83b9 3003 | 0000 0075 | 174d 8981 | 3003 0000 | 49c7 8138 
  0x000077feb9819dac: 0300 0001 | 0000 00e9 | 0800 0000 | 4983 8118 | 0300 0001 

  0x000077feb9819dc0: ; implicit exception: dispatches to 0x000077feb981ac63
  0x000077feb9819dc0: 448b 4708 | 448b 4908 | 4d8b 80e0 | 0000 004d | 3bc8 0f84 | 2e00 0000 | 458b 5814 | 4f3b 0419 
  0x000077feb9819de0: 0f84 2000 | 0000 4183 | fb20 0f85 | 780e 0000 | 4151 4150 

  0x000077feb9819df4: ;   {runtime_call C1 Runtime slow_subtype_check_blob}
  0x000077feb9819df4: e8e7 07cd | 0641 5941 | 5845 85c0 | 0f84 620e | 0000 4c63 | c34a 8d7c | 8710 450f | be47 4845 
  0x000077feb9819e14: 85c0 0f85 | 550e 0000 | 4c8b d144 | 8917 4c8b | c74c 33c1 | 49c1 e814 | 4983 f800 | 0f85 560e 
  0x000077feb9819e34: 0000 ffc3 | 3bda bf02 | 0000 007c | 05bf 0000 

  0x000077feb9819e44: ;   {metadata(method data for {method} {0x000077fe9626e198} 'sendEvent' '(Lorg/eclipse/swt/widgets/Event;)V' in 'org/eclipse/swt/widgets/EventTable')}
  0x000077feb9819e44: 0000 48b9 | f805 2297 | fe77 0000 | 448b 8194 | 0000 0044 | 03c7 4489 | 8194 0000 | 0085 ff75 
  0x000077feb9819e64: 0641 b802 | 0000 0041 | 81e0 fe3f | 0000 4585 | c00f 8429 | 0e00 004d 

  0x000077feb9819e7c: ; ImmutableOopMap {rsi=Oop rax=Oop [80]=Oop }
                      ;*if_icmplt {reexecute=1 rethrow=0 return_oop=0}
                      ; - (reexecute) org.eclipse.swt.widgets.EventTable::sendEvent@208 (line 110)
                      ;   {poll}
  0x000077feb9819e7c: 8b57 3041 | 8502 3bda 

  0x000077feb9819e84: ;   {metadata(method data for {method} {0x000077fe9626e198} 'sendEvent' '(Lorg/eclipse/swt/widgets/Event;)V' in 'org/eclipse/swt/widgets/EventTable')}
  0x000077feb9819e84: 48bf f805 | 2297 fe77 | 0000 b948 | 0300 007c | 05b9 5803 | 0000 4c8b | 040f 4d8d | 4001 4c89 
  0x000077feb9819ea4: 040f 0f8c | 54fe ffff | 4881 c480 | 0000 005d 

  0x000077feb9819eb4: ;   {poll_return}
  0x000077feb9819eb4: 493b 6728 | 0f87 070e | 0000 c349 

  0x000077feb9819ec0: ;   {metadata(method data for {method} {0x000077fe9626e198} 'sendEvent' '(Lorg/eclipse/swt/widgets/Event;)V' in 'org/eclipse/swt/widgets/EventTable')}
  0x000077feb9819ec0: 8bf0 48bf | f805 2297 | fe77 0000 | ff87 5004 | 0000 488b 

  0x000077feb9819ed4: ;   {metadata(method data for {method} {0x000077fe9626e198} 'sendEvent' '(Lorg/eclipse/swt/widgets/Event;)V' in 'org/eclipse/swt/widgets/EventTable')}
  0x000077feb9819ed4: 4424 4048 | bff8 0522 | 97fe 7700 | 0048 8387 | 7004 0000 | 0148 8b74 

  0x000077feb9819eec: ;   {optimized virtual_call}
  0x000077feb9819eec: 2440 90e8 

  0x000077feb9819ef0: ; ImmutableOopMap {[80]=Oop }
                      ;*invokevirtual close {reexecute=0 rethrow=0 return_oop=0}
                      ; - org.eclipse.swt.widgets.EventTable::sendEvent@280 (line 98)
  0x000077feb9819ef0: 2c36 0000 

  0x000077feb9819ef4: ;   {post_call_nop}
  0x000077feb9819ef4: 0f1f 8400 | 6c0a 0006 

  0x000077feb9819efc: ;   {metadata(method data for {method} {0x000077fe9626e198} 'sendEvent' '(Lorg/eclipse/swt/widgets/Event;)V' in 'org/eclipse/swt/widgets/EventTable')}
  0x000077feb9819efc: 48b8 f805 | 2297 fe77 | 0000 ff80 | 9004 0000 | 488b 7424 | 508b 460c 

  0x000077feb9819f14: ;   {metadata(method data for {method} {0x000077fe9626e198} 'sendEvent' '(Lorg/eclipse/swt/widgets/Event;)V' in 'org/eclipse/swt/widgets/EventTable')}
  0x000077feb9819f14: 85c0 48bf | f805 2297 | fe77 0000 | bb20 0700 | 007d 05bb | 3007 0000 | 488b 141f | 488d 5201 
  0x000077feb9819f34: 4889 141f | 0f8d 1a00 

  0x000077feb9819f3c: ;   {metadata(method data for {method} {0x000077fe9626e198} 'sendEvent' '(Lorg/eclipse/swt/widgets/Event;)V' in 'org/eclipse/swt/widgets/EventTable')}
  0x000077feb9819f3c: 0000 48bf | f805 2297 | fe77 0000 | ff87 4007 | 0000 bf01 | 0000 00e9 | 0500 0000 | bf00 0000 
  0x000077feb9819f5c: ;   {metadata(method data for {method} {0x000077fe9626e198} 'sendEvent' '(Lorg/eclipse/swt/widgets/Event;)V' in 'org/eclipse/swt/widgets/EventTable')}
  0x000077feb9819f5c: 0085 c048 | bbf8 0522 | 97fe 7700 | 00ba 5807 | 0000 7c05 | ba68 0700 | 0048 8b0c | 1348 8d49 
  0x000077feb9819f7c: 0148 890c | 130f 8c1a 

  0x000077feb9819f84: ;   {metadata(method data for {method} {0x000077fe9626e198} 'sendEvent' '(Lorg/eclipse/swt/widgets/Event;)V' in 'org/eclipse/swt/widgets/EventTable')}
  0x000077feb9819f84: 0000 0048 | bbf8 0522 | 97fe 7700 | 00ff 8378 | 0700 00bb | 0100 0000 | e905 0000 | 00bb ffff 
  0x000077feb9819fa4: ffff 2bc3 | 8946 0c85 

  0x000077feb9819fac: ;   {metadata(method data for {method} {0x000077fe9626e198} 'sendEvent' '(Lorg/eclipse/swt/widgets/Event;)V' in 'org/eclipse/swt/widgets/EventTable')}
  0x000077feb9819fac: ff48 b8f8 | 0522 97fe | 7700 00bf | 9007 0000 | 7405 bfa0 | 0700 0048 | 8b1c 3848 | 8d5b 0148 
  0x000077feb9819fcc: 891c 380f | 8451 0400 | 008b 460c 

  0x000077feb9819fd8: ;   {metadata(method data for {method} {0x000077fe9626e198} 'sendEvent' '(Lorg/eclipse/swt/widgets/Event;)V' in 'org/eclipse/swt/widgets/EventTable')}
  0x000077feb9819fd8: 85c0 48b8 | f805 2297 | fe77 0000 | bfb0 0700 | 0075 05bf | c007 0000 | 488b 1c38 | 488d 5b01 
  0x000077feb9819ff8: 4889 1c38 | 0f85 2404 

  0x000077feb981a000: ;   {metadata(method data for {method} {0x000077fe9626e198} 'sendEvent' '(Lorg/eclipse/swt/widgets/Event;)V' in 'org/eclipse/swt/widgets/EventTable')}
  0x000077feb981a000: 0000 48b8 | f805 2297 | fe77 0000 | ff80 d007 | 0000 b800 | 0000 00bf | 0000 0000 | e970 0100 
  0x000077feb981a020: 000f 1f80 | 0000 0000 | 4863 d08b | 5493 1085 

  0x000077feb981a030: ;   {metadata(method data for {method} {0x000077fe9626e198} 'sendEvent' '(Lorg/eclipse/swt/widgets/Event;)V' in 'org/eclipse/swt/widgets/EventTable')}
  0x000077feb981a030: d248 b9f8 | 0522 97fe | 7700 0041 | b8e8 0700 | 0074 0641 | b8f8 0700 | 004e 8b0c | 014d 8d49 
  0x000077feb981a050: 014e 890c | 010f 8434 | 0100 003b | 7b0c 0f83 | 770c 0000 | 4863 cf89 | 548b 108b | 5e14 3b43 
  0x000077feb981a070: 0c0f 837c | 0c00 0048 | 63d0 8b54 | 9310 3b7b | 0c0f 837a | 0c00 0048 

  0x000077feb981a088: ;   {metadata(method data for {method} {0x000077fe9626e198} 'sendEvent' '(Lorg/eclipse/swt/widgets/Event;)V' in 'org/eclipse/swt/widgets/EventTable')}
  0x000077feb981a088: 85d2 49b8 | f805 2297 | fe77 0000 | 750d 4180 | 8801 0800 | 0001 e9bb | 0000 008b | 4a08 493b 
  0x000077feb981a0a8: 8810 0800 | 0075 0d49 | 8380 1808 | 0000 01e9 | 6000 0000 | 493b 8820 | 0800 0075 | 0d49 8380 
  0x000077feb981a0c8: 2808 0000 | 01e9 4a00 | 0000 4983 | b810 0800 | 0000 7517 | 4989 8810 | 0800 0049 | c780 1808 
  0x000077feb981a0e8: 0000 0100 | 0000 e929 | 0000 0049 | 83b8 2008 | 0000 0075 | 1749 8988 | 2008 0000 | 49c7 8028 
  0x000077feb981a108: 0800 0001 | 0000 00e9 | 0800 0000 | 4983 8008 | 0800 0001 

  0x000077feb981a11c: ; implicit exception: dispatches to 0x000077feb981ad0f
  0x000077feb981a11c: 8b4b 0844 | 8b42 0848 | 8b89 e000 | 0000 4c3b | c10f 842b | 0000 0044 | 8b49 144b | 3b0c 080f 
  0x000077feb981a13c: 841d 0000 | 0041 83f9 | 200f 85c9 | 0b00 0041 

  0x000077feb981a14c: ;   {runtime_call C1 Runtime slow_subtype_check_blob}
  0x000077feb981a14c: 5051 e88d | 04cd 0641 | 5859 85c9 | 0f84 b60b | 0000 4863 | cf48 8d5c | 8b10 410f | be4f 4885 
  0x000077feb981a16c: c90f 85aa | 0b00 004c | 8bd2 4489 | 1348 8bcb | 4833 ca48 | c1e9 1448 | 83f9 000f | 85aa 0b00 
  0x000077feb981a18c: 00ff c7ff | c08b 5e10 

  0x000077feb981a194: ; implicit exception: dispatches to 0x000077feb981ad4f
  0x000077feb981a194: 8b53 0c3b | c2b9 0200 | 0000 7c05 | b900 0000 

  0x000077feb981a1a4: ;   {metadata(method data for {method} {0x000077fe9626e198} 'sendEvent' '(Lorg/eclipse/swt/widgets/Event;)V' in 'org/eclipse/swt/widgets/EventTable')}
  0x000077feb981a1a4: 0049 b8f8 | 0522 97fe | 7700 0045 | 8b88 9400 | 0000 4403 | c945 8988 | 9400 0000 | 85c9 7506 
  0x000077feb981a1c4: 41b9 0200 | 0000 4181 | e1fe 3f00 | 0045 85c9 | 0f84 7a0b | 0000 4d8b 

  0x000077feb981a1dc: ; ImmutableOopMap {rsi=Oop rbx=Oop [80]=Oop }
                      ;*if_icmplt {reexecute=1 rethrow=0 return_oop=0}
                      ; - (reexecute) org.eclipse.swt.widgets.EventTable::sendEvent@579 (line 103)
                      ;   {poll}
  0x000077feb981a1dc: 5730 4185 

  0x000077feb981a1e0: ;   {metadata(method data for {method} {0x000077fe9626e198} 'sendEvent' '(Lorg/eclipse/swt/widgets/Event;)V' in 'org/eclipse/swt/widgets/EventTable')}
  0x000077feb981a1e0: 023b c248 | b9f8 0522 | 97fe 7700 | 0041 b838 | 0800 007c | 0641 b848 | 0800 004e | 8b0c 014d 
  0x000077feb981a200: 8d49 014e | 890c 010f | 8c1b feff 

  0x000077feb981a20c: ;   {metadata(method data for {method} {0x000077fe9626e198} 'sendEvent' '(Lorg/eclipse/swt/widgets/Event;)V' in 'org/eclipse/swt/widgets/EventTable')}
  0x000077feb981a20c: ff48 b8f8 | 0522 97fe | 7700 00ff | 8058 0800 | 00e9 3e01 | 0000 660f | 1f44 0000 | 3b7b 0c0f 
  0x000077feb981a22c: 8344 0b00 | 0048 63c7 | c744 8310 | 0000 0000 

  0x000077feb981a23c: ;   {oop(nullptr)}
  0x000077feb981a23c: 8b46 1448 | b900 0000 | 0000 0000 | 003b 780c | 0f83 3b0b | 0000 4885 

  0x000077feb981a254: ;   {metadata(method data for {method} {0x000077fe9626e198} 'sendEvent' '(Lorg/eclipse/swt/widgets/Event;)V' in 'org/eclipse/swt/widgets/EventTable')}
  0x000077feb981a254: c949 b9f8 | 0522 97fe | 7700 0075 | 0d41 8089 | 6908 0000 | 01e9 c000 | 0000 448b | 4108 4d3b 
  0x000077feb981a274: 8178 0800 | 0075 0d49 | 8381 8008 | 0000 01e9 | 6000 0000 | 4d3b 8188 | 0800 0075 | 0d49 8381 
  0x000077feb981a294: 9008 0000 | 01e9 4a00 | 0000 4983 | b978 0800 | 0000 7517 | 4d89 8178 | 0800 0049 | c781 8008 
  0x000077feb981a2b4: 0000 0100 | 0000 e929 | 0000 0049 | 83b9 8808 | 0000 0075 | 174d 8981 | 8808 0000 | 49c7 8190 
  0x000077feb981a2d4: 0800 0001 | 0000 00e9 | 0800 0000 | 4983 8170 | 0800 0001 

  0x000077feb981a2e8: ; implicit exception: dispatches to 0x000077feb981ad9b
  0x000077feb981a2e8: 448b 4008 | 448b 4908 | 4d8b 80e0 | 0000 004d | 3bc8 0f84 | 2e00 0000 | 458b 5814 | 4f3b 0419 
  0x000077feb981a308: 0f84 2000 | 0000 4183 | fb20 0f85 | 880a 0000 | 4151 4150 

  0x000077feb981a31c: ;   {runtime_call C1 Runtime slow_subtype_check_blob}
  0x000077feb981a31c: e8bf 02cd | 0641 5941 | 5845 85c0 | 0f84 720a | 0000 4c63 | c74a 8d44 | 8010 450f | be47 4845 
  0x000077feb981a33c: 85c0 0f85 | 650a 0000 | 4c8b d144 | 8910 4c8b | c04c 33c1 | 49c1 e814 | 4983 f800 | 0f85 660a 
  0x000077feb981a35c: 0000 ffc7 | 3bfa b802 | 0000 007c | 05b8 0000 

  0x000077feb981a36c: ;   {metadata(method data for {method} {0x000077fe9626e198} 'sendEvent' '(Lorg/eclipse/swt/widgets/Event;)V' in 'org/eclipse/swt/widgets/EventTable')}
  0x000077feb981a36c: 0000 48b9 | f805 2297 | fe77 0000 | 448b 8194 | 0000 0044 | 03c0 4489 | 8194 0000 | 0085 c075 
  0x000077feb981a38c: 0641 b802 | 0000 0041 | 81e0 fe3f | 0000 4585 | c00f 8439 | 0a00 004d 

  0x000077feb981a3a4: ; ImmutableOopMap {rsi=Oop rbx=Oop [80]=Oop }
                      ;*if_icmplt {reexecute=1 rethrow=0 return_oop=0}
                      ; - (reexecute) org.eclipse.swt.widgets.EventTable::sendEvent@615 (line 110)
                      ;   {poll}
  0x000077feb981a3a4: 8b57 3041 | 8502 3bfa 

  0x000077feb981a3ac: ;   {metadata(method data for {method} {0x000077fe9626e198} 'sendEvent' '(Lorg/eclipse/swt/widgets/Event;)V' in 'org/eclipse/swt/widgets/EventTable')}
  0x000077feb981a3ac: 48b8 f805 | 2297 fe77 | 0000 b9a0 | 0800 007c | 05b9 b008 | 0000 4c8b | 0408 4d8d | 4001 4c89 
  0x000077feb981a3cc: 0408 0f8c | 54fe ffff | 4881 c480 | 0000 005d 

  0x000077feb981a3dc: ;   {poll_return}
  0x000077feb981a3dc: 493b 6728 | 0f87 170a | 0000 c348 | 8b74 2450 | 498b 87e0 | 0500 004d | 33d2 4d89 | 97e0 0500 
  0x000077feb981a3fc: 004d 33d2 | 4d89 97e8 

  0x000077feb981a404: ;   {metadata(method data for {method} {0x000077fe9626e198} 'sendEvent' '(Lorg/eclipse/swt/widgets/Event;)V' in 'org/eclipse/swt/widgets/EventTable')}
  0x000077feb981a404: 0500 0048 | bff8 0522 | 97fe 7700 | 00ff 87b8 | 0400 0048 | 8944 2460 | 488b 4424 | 40e9 3900 
  0x000077feb981a424: 0000 4881 | c480 0000 

  0x000077feb981a42c: ;   {poll_return}
  0x000077feb981a42c: 005d 493b | 6728 0f87 | db09 0000 | c348 81c4 | 8000 0000 

  0x000077feb981a440: ;   {poll_return}
  0x000077feb981a440: 5d49 3b67 | 280f 87de | 0900 00c3 | 4881 c480 | 0000 005d 

  0x000077feb981a454: ;   {poll_return}
  0x000077feb981a454: 493b 6728 | 0f87 e109 | 0000 c348 

  0x000077feb981a460: ;   {metadata(method data for {method} {0x000077fe9626e198} 'sendEvent' '(Lorg/eclipse/swt/widgets/Event;)V' in 'org/eclipse/swt/widgets/EventTable')}
  0x000077feb981a460: 8bd8 48ba | f805 2297 | fe77 0000 

  0x000077feb981a46c: ;   {metadata('org/eclipse/swt/internal/ExceptionStash')}
  0x000077feb981a46c: 49ba 58c2 | 5d5d 0000 | 0000 4c89 | 92d0 0400 | 0048 8382 | d804 0000 | 0148 8bf0 | 0f1f 8000 
  0x000077feb981a48c: ;   {optimized virtual_call}
  0x000077feb981a48c: 0000 00e8 

  0x000077feb981a490: ; ImmutableOopMap {[80]=Oop [96]=Oop }
                      ;*invokevirtual close {reexecute=0 rethrow=0 return_oop=0}
                      ; - org.eclipse.swt.widgets.EventTable::sendEvent@294 (line 98)
  0x000077feb981a490: 4c32 c006 

  0x000077feb981a494: ;   {post_call_nop}
  0x000077feb981a494: 0f1f 8400 | 0c10 0009 | 488b 7424 

  0x000077feb981a4a0: ; ImmutableOopMap {rsi=Oop rax=Oop [80]=Oop }
                      ;*athrow {reexecute=1 rethrow=0 return_oop=0}
                      ; - (reexecute) org.eclipse.swt.widgets.EventTable::sendEvent@298 (line 98)
  0x000077feb981a4a0: 6048 8bc6 

  0x000077feb981a4a4: ;   {section_word}
  0x000077feb981a4a4: 48ba a4a4 | 81b9 fe77 

  0x000077feb981a4ac: ;   {runtime_call C1 Runtime handle_exception_nofpu_blob}
  0x000077feb981a4ac: 0000 e82d | efcc 0690 | 498b 87e0 | 0500 004d | 33d2 4d89 | 97e0 0500 | 004d 33d2 | 4d89 97e8 
  0x000077feb981a4cc: 0500 0048 

  0x000077feb981a4d0: ;   {metadata(method data for {method} {0x000077fe9626e198} 'sendEvent' '(Lorg/eclipse/swt/widgets/Event;)V' in 'org/eclipse/swt/widgets/EventTable')}
  0x000077feb981a4d0: 85ff 48ba | f805 2297 | fe77 0000 | be08 0500 | 0074 05be | f804 0000 | 488b 1c32 | 488d 5b01 
  0x000077feb981a4f0: 4889 1c32 | 0f84 dc00 | 0000 483b 

  0x000077feb981a4fc: ;   {metadata(method data for {method} {0x000077fe9626e198} 'sendEvent' '(Lorg/eclipse/swt/widgets/Event;)V' in 'org/eclipse/swt/widgets/EventTable')}
  0x000077feb981a4fc: f848 baf8 | 0522 97fe | 7700 00be | 3005 0000 | 7405 be40 | 0500 0048 | 8b1c 3248 | 8d5b 0148 
  0x000077feb981a51c: 891c 320f | 84c4 0000 | 0048 3b07 

  0x000077feb981a528: ;   {metadata(method data for {method} {0x000077fe9626e198} 'sendEvent' '(Lorg/eclipse/swt/widgets/Event;)V' in 'org/eclipse/swt/widgets/EventTable')}
  0x000077feb981a528: 488b d748 | bef8 0522 | 97fe 7700 | 008b 5208 | 483b 9658 | 0500 0075 | 0d48 8386 | 6005 0000 
  0x000077feb981a548: 01e9 6000 | 0000 483b | 9668 0500 | 0075 0d48 | 8386 7005 | 0000 01e9 | 4a00 0000 | 4883 be58 
  0x000077feb981a568: 0500 0000 | 7517 4889 | 9658 0500 | 0048 c786 | 6005 0000 | 0100 0000 | e929 0000 | 0048 83be 
  0x000077feb981a588: 6805 0000 | 0075 1748 | 8996 6805 | 0000 48c7 | 8670 0500 | 0001 0000 | 00e9 0800 | 0000 4883 
  0x000077feb981a5a8: 8650 0500 | 0001 488b | d048 8bf7 | 4889 7c24 | 6866 0f1f 

  0x000077feb981a5bc: ;   {optimized virtual_call}
  0x000077feb981a5bc: 4400 00e8 

  0x000077feb981a5c0: ; ImmutableOopMap {[80]=Oop [104]=Oop }
                      ;*invokevirtual addSuppressed {reexecute=0 rethrow=0 return_oop=0}
                      ; - org.eclipse.swt.widgets.EventTable::sendEvent@316 (line 98)
  0x000077feb981a5c0: 1c31 c006 

  0x000077feb981a5c4: ;   {post_call_nop}
  0x000077feb981a5c4: 0f1f 8400 | 3c11 000b | 488b 7c24 | 68e9 1300 

  0x000077feb981a5d4: ;   {metadata(method data for {method} {0x000077fe9626e198} 'sendEvent' '(Lorg/eclipse/swt/widgets/Event;)V' in 'org/eclipse/swt/widgets/EventTable')}
  0x000077feb981a5d4: 0000 48ba | f805 2297 | fe77 0000 | ff82 1805 | 0000 488b | f848 3b07 

  0x000077feb981a5ec: ; ImmutableOopMap {rax=Oop [80]=Oop }
                      ;*athrow {reexecute=1 rethrow=0 return_oop=0}
                      ; - (reexecute) org.eclipse.swt.widgets.EventTable::sendEvent@320 (line 98)
                      ;   {section_word}
  0x000077feb981a5ec: 488b c748 | baef a581 | b9fe 7700 

  0x000077feb981a5f8: ;   {runtime_call C1 Runtime handle_exception_nofpu_blob}
  0x000077feb981a5f8: 00e8 e2ed | cc06 9048 | 8b74 2450 | 498b 87e0 | 0500 004d | 33d2 4d89 | 97e0 0500 | 004d 33d2 
  0x000077feb981a618: 4d89 97e8 | 0500 008b | 7e0c 85ff 

  0x000077feb981a624: ;   {metadata(method data for {method} {0x000077fe9626e198} 'sendEvent' '(Lorg/eclipse/swt/widgets/Event;)V' in 'org/eclipse/swt/widgets/EventTable')}
  0x000077feb981a624: 48bb f805 | 2297 fe77 | 0000 ba80 | 0500 007d | 05ba 9005 | 0000 488b | 0c13 488d | 4901 4889 
  0x000077feb981a644: 0c13 0f8d | 1a00 0000 

  0x000077feb981a64c: ;   {metadata(method data for {method} {0x000077fe9626e198} 'sendEvent' '(Lorg/eclipse/swt/widgets/Event;)V' in 'org/eclipse/swt/widgets/EventTable')}
  0x000077feb981a64c: 48bb f805 | 2297 fe77 | 0000 ff83 | a005 0000 | bb01 0000 | 00e9 0500 | 0000 bb00 | 0000 0085 
  0x000077feb981a66c: ;   {metadata(method data for {method} {0x000077fe9626e198} 'sendEvent' '(Lorg/eclipse/swt/widgets/Event;)V' in 'org/eclipse/swt/widgets/EventTable')}
  0x000077feb981a66c: ff48 baf8 | 0522 97fe | 7700 00b9 | b805 0000 | 7c05 b9c8 | 0500 004c | 8b04 0a4d | 8d40 014c 
  0x000077feb981a68c: 8904 0a0f | 8c1a 0000 

  0x000077feb981a694: ;   {metadata(method data for {method} {0x000077fe9626e198} 'sendEvent' '(Lorg/eclipse/swt/widgets/Event;)V' in 'org/eclipse/swt/widgets/EventTable')}
  0x000077feb981a694: 0048 baf8 | 0522 97fe | 7700 00ff | 82d8 0500 | 00ba 0100 | 0000 e905 | 0000 00ba | ffff ffff 
  0x000077feb981a6b4: 2bfa 897e 

  0x000077feb981a6b8: ;   {metadata(method data for {method} {0x000077fe9626e198} 'sendEvent' '(Lorg/eclipse/swt/widgets/Event;)V' in 'org/eclipse/swt/widgets/EventTable')}
  0x000077feb981a6b8: 0c85 db48 | bff8 0522 | 97fe 7700 | 00bb f005 | 0000 7405 | bb00 0600 | 0048 8b14 | 1f48 8d52 
  0x000077feb981a6d8: 0148 8914 | 1f0f 8403 | 0400 008b | 7e0c 85ff 

  0x000077feb981a6e8: ;   {metadata(method data for {method} {0x000077fe9626e198} 'sendEvent' '(Lorg/eclipse/swt/widgets/Event;)V' in 'org/eclipse/swt/widgets/EventTable')}
  0x000077feb981a6e8: 48bf f805 | 2297 fe77 | 0000 bb10 | 0600 0075 | 05bb 2006 | 0000 488b | 141f 488d | 5201 4889 
  0x000077feb981a708: 141f 0f85 | d603 0000 

  0x000077feb981a710: ;   {metadata(method data for {method} {0x000077fe9626e198} 'sendEvent' '(Lorg/eclipse/swt/widgets/Event;)V' in 'org/eclipse/swt/widgets/EventTable')}
  0x000077feb981a710: 48bf f805 | 2297 fe77 | 0000 ff87 | 3006 0000 | bf00 0000 | 00bb 0000 | 0000 e971 | 0100 0090 
  0x000077feb981a730: 4863 cf8b | 4c8a 1085 

  0x000077feb981a738: ;   {metadata(method data for {method} {0x000077fe9626e198} 'sendEvent' '(Lorg/eclipse/swt/widgets/Event;)V' in 'org/eclipse/swt/widgets/EventTable')}
  0x000077feb981a738: c949 b8f8 | 0522 97fe | 7700 0041 | b948 0600 | 0074 0641 | b958 0600 | 004f 8b1c | 084d 8d5b 
  0x000077feb981a758: 014f 891c | 080f 843b | 0100 003b | 5a0c 0f83 | f306 0000 | 4c63 c342 | 894c 8210 | 8b56 143b 
  0x000077feb981a778: 7a0c 0f83 | f706 0000 | 4863 cf8b | 4c8a 103b | 5a0c 0f83 | f506 0000 

  0x000077feb981a790: ;   {metadata(method data for {method} {0x000077fe9626e198} 'sendEvent' '(Lorg/eclipse/swt/widgets/Event;)V' in 'org/eclipse/swt/widgets/EventTable')}
  0x000077feb981a790: 4885 c949 | b9f8 0522 | 97fe 7700 | 0075 0d41 | 8089 6106 | 0000 01e9 | c000 0000 | 448b 4108 
  0x000077feb981a7b0: 4d3b 8170 | 0600 0075 | 0d49 8381 | 7806 0000 | 01e9 6000 | 0000 4d3b | 8180 0600 | 0075 0d49 
  0x000077feb981a7d0: 8381 8806 | 0000 01e9 | 4a00 0000 | 4983 b970 | 0600 0000 | 7517 4d89 | 8170 0600 | 0049 c781 
  0x000077feb981a7f0: 7806 0000 | 0100 0000 | e929 0000 | 0049 83b9 | 8006 0000 | 0075 174d | 8981 8006 | 0000 49c7 
  0x000077feb981a810: 8188 0600 | 0001 0000 | 00e9 0800 | 0000 4983 | 8168 0600 | 0001 448b | 4208 448b | 4908 4d8b 
  0x000077feb981a830: 80e0 0000 | 004d 3bc8 | 0f84 2e00 | 0000 458b | 5814 4f3b | 0419 0f84 | 2000 0000 | 4183 fb20 
  0x000077feb981a850: 0f85 4206 | 0000 4151 

  0x000077feb981a858: ;   {runtime_call C1 Runtime slow_subtype_check_blob}
  0x000077feb981a858: 4150 e881 | fdcc 0641 | 5941 5845 | 85c0 0f84 | 2c06 0000 | 4c63 c34a | 8d54 8210 | 450f be47 
  0x000077feb981a878: 4845 85c0 | 0f85 1f06 | 0000 4c8b | d144 8912 | 4c8b c24c | 33c1 49c1 | e814 4983 | f800 0f85 
  0x000077feb981a898: 2006 0000 | ffc3 ffc7 | 8b56 108b | 4a0c 3bf9 | 41b8 0200 | 0000 7c06 | 41b8 0000 

  0x000077feb981a8b4: ;   {metadata(method data for {method} {0x000077fe9626e198} 'sendEvent' '(Lorg/eclipse/swt/widgets/Event;)V' in 'org/eclipse/swt/widgets/EventTable')}
  0x000077feb981a8b4: 0000 49b9 | f805 2297 | fe77 0000 | 458b 9994 | 0000 0045 | 03d8 4589 | 9994 0000 | 0045 85c0 
  0x000077feb981a8d4: 7506 41bb | 0200 0000 | 4181 e3fe | 3f00 0045 | 85db 0f84 | ed05 0000 

  0x000077feb981a8ec: ; ImmutableOopMap {rax=Oop rsi=Oop rdx=Oop [80]=Oop }
                      ;*if_icmplt {reexecute=1 rethrow=0 return_oop=0}
                      ; - (reexecute) org.eclipse.swt.widgets.EventTable::sendEvent@430 (line 103)
  0x000077feb981a8ec: 4d8b 5730 

  0x000077feb981a8f0: ;   {poll}
  0x000077feb981a8f0: 4185 023b 

  0x000077feb981a8f4: ;   {metadata(method data for {method} {0x000077fe9626e198} 'sendEvent' '(Lorg/eclipse/swt/widgets/Event;)V' in 'org/eclipse/swt/widgets/EventTable')}
  0x000077feb981a8f4: f949 b8f8 | 0522 97fe | 7700 0041 | b998 0600 | 007c 0641 | b9a8 0600 | 004f 8b1c | 084d 8d5b 
  0x000077feb981a914: 014f 891c | 080f 8c11 

  0x000077feb981a91c: ;   {metadata(method data for {method} {0x000077fe9626e198} 'sendEvent' '(Lorg/eclipse/swt/widgets/Event;)V' in 'org/eclipse/swt/widgets/EventTable')}
  0x000077feb981a91c: feff ff48 | bff8 0522 | 97fe 7700 | 00ff 87b8 | 0600 00e9 | 3c01 0000 | 0f1f 4000 | 3b5a 0c0f 
  0x000077feb981a93c: 83b9 0500 | 0048 63fb | c744 ba10 | 0000 0000 

  0x000077feb981a94c: ;   {oop(nullptr)}
  0x000077feb981a94c: 8b7e 1449 | b800 0000 | 0000 0000 | 003b 5f0c | 0f83 b005 | 0000 4d85 

  0x000077feb981a964: ;   {metadata(method data for {method} {0x000077fe9626e198} 'sendEvent' '(Lorg/eclipse/swt/widgets/Event;)V' in 'org/eclipse/swt/widgets/EventTable')}
  0x000077feb981a964: c049 bbf8 | 0522 97fe | 7700 0075 | 0d41 808b | c906 0000 | 01e9 c000 | 0000 458b | 4808 4d3b 
  0x000077feb981a984: 8bd8 0600 | 0075 0d49 | 8383 e006 | 0000 01e9 | 6000 0000 | 4d3b 8be8 | 0600 0075 | 0d49 8383 
  0x000077feb981a9a4: f006 0000 | 01e9 4a00 | 0000 4983 | bbd8 0600 | 0000 7517 | 4d89 8bd8 | 0600 0049 | c783 e006 
  0x000077feb981a9c4: 0000 0100 | 0000 e929 | 0000 0049 | 83bb e806 | 0000 0075 | 174d 898b | e806 0000 | 49c7 83f0 
  0x000077feb981a9e4: 0600 0001 | 0000 00e9 | 0800 0000 | 4983 83d0 | 0600 0001 

  0x000077feb981a9f8: ; implicit exception: dispatches to 0x000077feb981af20
  0x000077feb981a9f8: 448b 4f08 | 458b 5808 | 4d8b 89e0 | 0000 004d | 3bd9 0f84 | 2e00 0000 | 458b 6914 | 4f3b 0c2b 
  0x000077feb981aa18: 0f84 2000 | 0000 4183 | fd20 0f85 | fd04 0000 | 4153 4151 

  0x000077feb981aa2c: ;   {runtime_call C1 Runtime slow_subtype_check_blob}
  0x000077feb981aa2c: e8af fbcc | 0641 5b41 | 5945 85c9 | 0f84 e704 | 0000 4c63 | cb4a 8d7c | 8f10 450f | be4f 4845 
  0x000077feb981aa4c: 85c9 0f85 | da04 0000 | 4d8b d044 | 8917 4c8b | cf4d 33c8 | 49c1 e914 | 4983 f900 | 0f85 db04 
  0x000077feb981aa6c: 0000 ffc3 | 3bd9 bf02 | 0000 007c | 05bf 0000 

  0x000077feb981aa7c: ;   {metadata(method data for {method} {0x000077fe9626e198} 'sendEvent' '(Lorg/eclipse/swt/widgets/Event;)V' in 'org/eclipse/swt/widgets/EventTable')}
  0x000077feb981aa7c: 0000 49b8 | f805 2297 | fe77 0000 | 458b 8894 | 0000 0044 | 03cf 4589 | 8894 0000 | 0085 ff75 
  0x000077feb981aa9c: 0641 b902 | 0000 0041 | 81e1 fe3f | 0000 4585 | c90f 84ae | 0400 004d 

  0x000077feb981aab4: ; ImmutableOopMap {rax=Oop rsi=Oop rdx=Oop [80]=Oop }
                      ;*if_icmplt {reexecute=1 rethrow=0 return_oop=0}
                      ; - (reexecute) org.eclipse.swt.widgets.EventTable::sendEvent@466 (line 110)
                      ;   {poll}
  0x000077feb981aab4: 8b57 3041 | 8502 3bd9 

  0x000077feb981aabc: ;   {metadata(method data for {method} {0x000077fe9626e198} 'sendEvent' '(Lorg/eclipse/swt/widgets/Event;)V' in 'org/eclipse/swt/widgets/EventTable')}
  0x000077feb981aabc: 48bf f805 | 2297 fe77 | 0000 41b8 | 0007 0000 | 7c06 41b8 | 1007 0000 | 4e8b 0c07 | 4d8d 4901 
  0x000077feb981aadc: 4e89 0c07 | 0f8c 52fe | ffff e9f3 

  0x000077feb981aae8: ;   {metadata({method} {0x000077fe9626e198} 'sendEvent' '(Lorg/eclipse/swt/widgets/Event;)V' in 'org/eclipse/swt/widgets/EventTable')}
  0x000077feb981aae8: 0400 0049 | ba98 e126 | 96fe 7700 | 004c 8954 | 2408 48c7 | 0424 ffff 

  0x000077feb981ab00: ;   {runtime_call C1 Runtime counter_overflow_blob}
  0x000077feb981ab00: ffff e8d9 

  0x000077feb981ab04: ; ImmutableOopMap {rsi=Oop rdx=Oop [80]=Oop [88]=Oop }
                      ;*synchronization entry
                      ; - org.eclipse.swt.widgets.EventTable::sendEvent@-1 (line 82)
  0x000077feb981ab04: 22cd 06e9 | e3ea ffff 

  0x000077feb981ab0c: ;   {runtime_call C1 Runtime fast_new_instance_blob}
  0x000077feb981ab0c: 488b d2e8 

  0x000077feb981ab10: ; ImmutableOopMap {rbx=Oop r8=Oop [80]=Oop [88]=Oop }
                      ;*new {reexecute=0 rethrow=0 return_oop=0}
                      ; - org.eclipse.swt.widgets.EventTable::sendEvent@33 (line 84)
  0x000077feb981ab10: ccd9 cc06 | e99a ebff 

  0x000077feb981ab18: ;   {metadata({method} {0x000077fe9698f6f8} '<init>' '()V' in 'org/eclipse/swt/internal/ExceptionStash')}
  0x000077feb981ab18: ff49 baf8 | f698 96fe | 7700 004c | 8954 2408 | 48c7 0424 | ffff ffff 

  0x000077feb981ab30: ;   {runtime_call C1 Runtime counter_overflow_blob}
  0x000077feb981ab30: e8ab 22cd 

  0x000077feb981ab34: ; ImmutableOopMap {rbx=Oop r8=Oop rax=Oop [64]=Oop [80]=Oop [88]=Oop }
                      ;*synchronization entry
                      ; - org.eclipse.swt.internal.ExceptionStash::<init>@-1 (line 54)
                      ; - org.eclipse.swt.widgets.EventTable::sendEvent@37 (line 84)
  0x000077feb981ab34: 06e9 baeb 

  0x000077feb981ab38: ;   {metadata({method} {0x000077fe940005d0} '<init>' '()V' in 'java/lang/Object')}
  0x000077feb981ab38: ffff 49ba | d005 0094 | fe77 0000 | 4c89 5424 | 0848 c704 | 24ff ffff 

  0x000077feb981ab50: ;   {runtime_call C1 Runtime counter_overflow_blob}
  0x000077feb981ab50: ffe8 8a22 

  0x000077feb981ab54: ; ImmutableOopMap {rbx=Oop r8=Oop rax=Oop [64]=Oop [80]=Oop [88]=Oop }
                      ;*synchronization entry
                      ; - java.lang.Object::<init>@-1
                      ; - org.eclipse.swt.internal.ExceptionStash::<init>@1 (line 54)
                      ; - org.eclipse.swt.widgets.EventTable::sendEvent@37 (line 84)
  0x000077feb981ab54: cd06 e9d5 

  0x000077feb981ab58: ;   {runtime_call C1 Runtime throw_null_pointer_exception_blob}
  0x000077feb981ab58: ebff ffe8 

  0x000077feb981ab5c: ; ImmutableOopMap {rbx=Oop r8=Oop rdx=Oop [64]=Oop [80]=Oop [88]=Oop }
                      ;*arraylength {reexecute=0 rethrow=0 return_oop=0}
                      ; - org.eclipse.swt.widgets.EventTable::sendEvent@269 (line 85)
  0x000077feb981ab5c: 80d0 cc06 

  0x000077feb981ab60: ;   {metadata({method} {0x000077fe9626e198} 'sendEvent' '(Lorg/eclipse/swt/widgets/Event;)V' in 'org/eclipse/swt/widgets/EventTable')}
  0x000077feb981ab60: 49ba 98e1 | 2696 fe77 | 0000 4c89 | 5424 0848 | c704 240e 

  0x000077feb981ab74: ;   {runtime_call C1 Runtime counter_overflow_blob}
  0x000077feb981ab74: 0100 00e8 

  0x000077feb981ab78: ; ImmutableOopMap {rbx=Oop r8=Oop rdx=Oop [64]=Oop [80]=Oop [88]=Oop }
                      ;*if_icmplt {reexecute=1 rethrow=0 return_oop=0}
                      ; - (reexecute) org.eclipse.swt.widgets.EventTable::sendEvent@270 (line 85)
  0x000077feb981ab78: 6422 cd06 | e911 ecff 

  0x000077feb981ab80: ;   {runtime_call C1 Runtime throw_null_pointer_exception_blob}
  0x000077feb981ab80: ffe8 5ad0 

  0x000077feb981ab84: ; ImmutableOopMap {rbx=Oop r8=Oop rdx=Oop [64]=Oop [80]=Oop [88]=Oop }
                      ;*getfield type {reexecute=1 rethrow=0 return_oop=0}
                      ; - (reexecute) org.eclipse.swt.widgets.EventTable::sendEvent@49 (line 86)
                      ;   {runtime_call C1 Runtime throw_null_pointer_exception_blob}
  0x000077feb981ab84: cc06 e855 

  0x000077feb981ab88: ; ImmutableOopMap {rbx=Oop r8=Oop rdx=Oop [64]=Oop [80]=Oop [88]=Oop }
                      ;*aaload {reexecute=0 rethrow=0 return_oop=0}
                      ; - org.eclipse.swt.widgets.EventTable::sendEvent@232 (line 88)
                      ;   {runtime_call C1 Runtime throw_null_pointer_exception_blob}
  0x000077feb981ab88: d0cc 06e8 

  0x000077feb981ab8c: ; ImmutableOopMap {rbx=Oop r8=Oop rdx=Oop [64]=Oop [80]=Oop [88]=Oop }
                      ;*aaload {reexecute=0 rethrow=0 return_oop=0}
                      ; - org.eclipse.swt.widgets.EventTable::sendEvent@232 (line 88)
  0x000077feb981ab8c: 50d0 cc06 | 4889 3c24 | 4889 5424 

  0x000077feb981ab98: ;   {runtime_call C1 Runtime throw_range_check_failed_blob}
  0x000077feb981ab98: 08e8 42c7 

  0x000077feb981ab9c: ; ImmutableOopMap {rbx=Oop r8=Oop rdx=Oop [64]=Oop [80]=Oop [88]=Oop }
                      ;*aaload {reexecute=0 rethrow=0 return_oop=0}
                      ; - org.eclipse.swt.widgets.EventTable::sendEvent@232 (line 88)
                      ;   {runtime_call C1 Runtime throw_null_pointer_exception_blob}
  0x000077feb981ab9c: cc06 e83d 

  0x000077feb981aba0: ; ImmutableOopMap {rbx=Oop rsi=Oop [64]=Oop [80]=Oop [88]=Oop }
                      ;*invokeinterface handleEvent {reexecute=0 rethrow=0 return_oop=0}
                      ; - org.eclipse.swt.widgets.EventTable::sendEvent@243 (line 91)
  0x000077feb981aba0: d0cc 0648 | 891c 2448 | 8944 2408 

  0x000077feb981abac: ;   {runtime_call C1 Runtime throw_range_check_failed_blob}
  0x000077feb981abac: e82f c7cc 

  0x000077feb981abb0: ; ImmutableOopMap {rsi=Oop rax=Oop [80]=Oop }
                      ;*iastore {reexecute=0 rethrow=0 return_oop=0}
                      ; - org.eclipse.swt.widgets.EventTable::sendEvent@144 (line 105)
                      ;   {runtime_call C1 Runtime throw_null_pointer_exception_blob}
  0x000077feb981abb0: 06e8 2ad0 

  0x000077feb981abb4: ; ImmutableOopMap {rsi=Oop rax=Oop [80]=Oop }
                      ;*aaload {reexecute=0 rethrow=0 return_oop=0}
                      ; - org.eclipse.swt.widgets.EventTable::sendEvent@157 (line 106)
                      ;   {runtime_call C1 Runtime throw_null_pointer_exception_blob}
  0x000077feb981abb4: cc06 e825 

  0x000077feb981abb8: ; ImmutableOopMap {rsi=Oop rax=Oop [80]=Oop }
                      ;*aaload {reexecute=0 rethrow=0 return_oop=0}
                      ; - org.eclipse.swt.widgets.EventTable::sendEvent@157 (line 106)
  0x000077feb981abb8: d0cc 0648 | 893c 2448 | 8944 2408 

  0x000077feb981abc4: ;   {runtime_call C1 Runtime throw_range_check_failed_blob}
  0x000077feb981abc4: e817 c7cc 

  0x000077feb981abc8: ; ImmutableOopMap {rsi=Oop rax=Oop [80]=Oop }
                      ;*aaload {reexecute=0 rethrow=0 return_oop=0}
                      ; - org.eclipse.swt.widgets.EventTable::sendEvent@157 (line 106)
  0x000077feb981abc8: 0648 891c | 2448 8944 

  0x000077feb981abd0: ;   {runtime_call C1 Runtime throw_range_check_failed_blob}
  0x000077feb981abd0: 2408 e809 

  0x000077feb981abd4: ; ImmutableOopMap {rsi=Oop rax=Oop rdx=Oop [80]=Oop }
                      ;*aastore {reexecute=1 rethrow=0 return_oop=0}
                      ; - (reexecute) org.eclipse.swt.widgets.EventTable::sendEvent@158 (line 106)
                      ;   {runtime_call C1 Runtime throw_null_pointer_exception_blob}
  0x000077feb981abd4: c7cc 06e8 

  0x000077feb981abd8: ; ImmutableOopMap {rsi=Oop rax=Oop rdx=Oop [80]=Oop }
                      ;*aastore {reexecute=1 rethrow=0 return_oop=0}
                      ; - (reexecute) org.eclipse.swt.widgets.EventTable::sendEvent@158 (line 106)
  0x000077feb981abd8: 04d0 cc06 | 4889 1424 

  0x000077feb981abe0: ;   {runtime_call C1 Runtime throw_array_store_exception_blob}
  0x000077feb981abe0: e8fb f0cc 

  0x000077feb981abe4: ; ImmutableOopMap {rsi=Oop rax=Oop rdx=Oop [80]=Oop }
                      ;*aastore {reexecute=1 rethrow=0 return_oop=0}
                      ; - (reexecute) org.eclipse.swt.widgets.EventTable::sendEvent@158 (line 106)
  0x000077feb981abe4: 068b 0848 | 83f9 000f | 845a f0ff | ff48 890c 

  0x000077feb981abf4: ;   {runtime_call g1_pre_barrier_slow}
  0x000077feb981abf4: 24e8 e627 | cd06 e94c | f0ff ff48 | 83fa 000f | 845c f0ff | ff48 8904 

  0x000077feb981ac0c: ;   {runtime_call g1_post_barrier_slow}
  0x000077feb981ac0c: 24e8 ce2a | cd06 e94e 

  0x000077feb981ac14: ;   {runtime_call C1 Runtime throw_null_pointer_exception_blob}
  0x000077feb981ac14: f0ff ffe8 

  0x000077feb981ac18: ; ImmutableOopMap {rsi=Oop rax=Oop [80]=Oop }
                      ;*arraylength {reexecute=0 rethrow=0 return_oop=0}
                      ; - org.eclipse.swt.widgets.EventTable::sendEvent@171 (line 103)
  0x000077feb981ac18: c4cf cc06 

  0x000077feb981ac1c: ;   {metadata({method} {0x000077fe9626e198} 'sendEvent' '(Lorg/eclipse/swt/widgets/Event;)V' in 'org/eclipse/swt/widgets/EventTable')}
  0x000077feb981ac1c: 49ba 98e1 | 2696 fe77 | 0000 4c89 | 5424 0848 | c704 24ac 

  0x000077feb981ac30: ;   {runtime_call C1 Runtime counter_overflow_blob}
  0x000077feb981ac30: 0000 00e8 

  0x000077feb981ac34: ; ImmutableOopMap {rsi=Oop rax=Oop [80]=Oop }
                      ;*if_icmplt {reexecute=1 rethrow=0 return_oop=0}
                      ; - (reexecute) org.eclipse.swt.widgets.EventTable::sendEvent@172 (line 103)
  0x000077feb981ac34: a821 cd06 | e975 f0ff | ff48 891c | 2448 8944 

  0x000077feb981ac44: ;   {runtime_call C1 Runtime throw_range_check_failed_blob}
  0x000077feb981ac44: 2408 e895 

  0x000077feb981ac48: ; ImmutableOopMap {rsi=Oop rax=Oop [80]=Oop }
                      ;*iastore {reexecute=0 rethrow=0 return_oop=0}
                      ; - org.eclipse.swt.widgets.EventTable::sendEvent@189 (line 111)
                      ;   {runtime_call C1 Runtime throw_null_pointer_exception_blob}
  0x000077feb981ac48: c6cc 06e8 

  0x000077feb981ac4c: ; ImmutableOopMap {rsi=Oop rax=Oop rdi=Oop rcx=Oop [80]=Oop }
                      ;*aastore {reexecute=1 rethrow=0 return_oop=0}
                      ; - (reexecute) org.eclipse.swt.widgets.EventTable::sendEvent@197 (line 112)
  0x000077feb981ac4c: 90cf cc06 

  0x000077feb981ac50: ;   {runtime_call C1 Runtime throw_null_pointer_exception_blob}
  0x000077feb981ac50: e88b cfcc 

  0x000077feb981ac54: ; ImmutableOopMap {rsi=Oop rax=Oop rdi=Oop rcx=Oop [80]=Oop }
                      ;*aastore {reexecute=1 rethrow=0 return_oop=0}
                      ; - (reexecute) org.eclipse.swt.widgets.EventTable::sendEvent@197 (line 112)
  0x000077feb981ac54: 0648 891c | 2448 897c 

  0x000077feb981ac5c: ;   {runtime_call C1 Runtime throw_range_check_failed_blob}
  0x000077feb981ac5c: 2408 e87d 

  0x000077feb981ac60: ; ImmutableOopMap {rsi=Oop rax=Oop rdi=Oop rcx=Oop [80]=Oop }
                      ;*aastore {reexecute=1 rethrow=0 return_oop=0}
                      ; - (reexecute) org.eclipse.swt.widgets.EventTable::sendEvent@197 (line 112)
                      ;   {runtime_call C1 Runtime throw_null_pointer_exception_blob}
  0x000077feb981ac60: c6cc 06e8 

  0x000077feb981ac64: ; ImmutableOopMap {rsi=Oop rax=Oop rdi=Oop rcx=Oop [80]=Oop }
                      ;*aastore {reexecute=1 rethrow=0 return_oop=0}
                      ; - (reexecute) org.eclipse.swt.widgets.EventTable::sendEvent@197 (line 112)
  0x000077feb981ac64: 78cf cc06 | 4889 0c24 

  0x000077feb981ac6c: ;   {runtime_call C1 Runtime throw_array_store_exception_blob}
  0x000077feb981ac6c: e86f f0cc 

  0x000077feb981ac70: ; ImmutableOopMap {rsi=Oop rax=Oop rdi=Oop rcx=Oop [80]=Oop }
                      ;*aastore {reexecute=1 rethrow=0 return_oop=0}
                      ; - (reexecute) org.eclipse.swt.widgets.EventTable::sendEvent@197 (line 112)
  0x000077feb981ac70: 0644 8b07 | 4983 f800 | 0f84 9ef1 | ffff 4c89 

  0x000077feb981ac80: ;   {runtime_call g1_pre_barrier_slow}
  0x000077feb981ac80: 0424 e859 | 27cd 06e9 | 90f1 ffff | 4883 f900 | 0f84 a0f1 | ffff 4889 

  0x000077feb981ac98: ;   {runtime_call g1_post_barrier_slow}
  0x000077feb981ac98: 3c24 e841 | 2acd 06e9 | 92f1 ffff 

  0x000077feb981aca4: ;   {metadata({method} {0x000077fe9626e198} 'sendEvent' '(Lorg/eclipse/swt/widgets/Event;)V' in 'org/eclipse/swt/widgets/EventTable')}
  0x000077feb981aca4: 49ba 98e1 | 2696 fe77 | 0000 4c89 | 5424 0848 | c704 24d0 

  0x000077feb981acb8: ;   {runtime_call C1 Runtime counter_overflow_blob}
  0x000077feb981acb8: 0000 00e8 

  0x000077feb981acbc: ; ImmutableOopMap {rsi=Oop rax=Oop [80]=Oop }
                      ;*if_icmplt {reexecute=1 rethrow=0 return_oop=0}
                      ; - (reexecute) org.eclipse.swt.widgets.EventTable::sendEvent@208 (line 110)
  0x000077feb981acbc: 2021 cd06 | e9b6 f1ff 

  0x000077feb981acc4: ;   {internal_word}
  0x000077feb981acc4: ff49 bab4 | 9e81 b9fe | 7700 004d | 8997 3805 

  0x000077feb981acd4: ;   {runtime_call SafepointBlob}
  0x000077feb981acd4: 0000 e985 | 4bc0 0648 | 893c 2448 | 895c 2408 

  0x000077feb981ace4: ;   {runtime_call C1 Runtime throw_range_check_failed_blob}
  0x000077feb981ace4: e8f7 c5cc 

  0x000077feb981ace8: ; ImmutableOopMap {rsi=Oop rbx=Oop [80]=Oop }
                      ;*iastore {reexecute=0 rethrow=0 return_oop=0}
                      ; - org.eclipse.swt.widgets.EventTable::sendEvent@551 (line 105)
                      ;   {runtime_call C1 Runtime throw_null_pointer_exception_blob}
  0x000077feb981ace8: 06e8 f2ce 

  0x000077feb981acec: ; ImmutableOopMap {rsi=Oop rbx=Oop [80]=Oop }
                      ;*aaload {reexecute=0 rethrow=0 return_oop=0}
                      ; - org.eclipse.swt.widgets.EventTable::sendEvent@564 (line 106)
                      ;   {runtime_call C1 Runtime throw_null_pointer_exception_blob}
  0x000077feb981acec: cc06 e8ed 

  0x000077feb981acf0: ; ImmutableOopMap {rsi=Oop rbx=Oop [80]=Oop }
                      ;*aaload {reexecute=0 rethrow=0 return_oop=0}
                      ; - org.eclipse.swt.widgets.EventTable::sendEvent@564 (line 106)
  0x000077feb981acf0: cecc 0648 | 8904 2448 | 895c 2408 

  0x000077feb981acfc: ;   {runtime_call C1 Runtime throw_range_check_failed_blob}
  0x000077feb981acfc: e8df c5cc 

  0x000077feb981ad00: ; ImmutableOopMap {rsi=Oop rbx=Oop [80]=Oop }
                      ;*aaload {reexecute=0 rethrow=0 return_oop=0}
                      ; - org.eclipse.swt.widgets.EventTable::sendEvent@564 (line 106)
  0x000077feb981ad00: 0648 893c | 2448 895c 

  0x000077feb981ad08: ;   {runtime_call C1 Runtime throw_range_check_failed_blob}
  0x000077feb981ad08: 2408 e8d1 

  0x000077feb981ad0c: ; ImmutableOopMap {rsi=Oop rbx=Oop rdx=Oop [80]=Oop }
                      ;*aastore {reexecute=1 rethrow=0 return_oop=0}
                      ; - (reexecute) org.eclipse.swt.widgets.EventTable::sendEvent@565 (line 106)
                      ;   {runtime_call C1 Runtime throw_null_pointer_exception_blob}
  0x000077feb981ad0c: c5cc 06e8 

  0x000077feb981ad10: ; ImmutableOopMap {rsi=Oop rbx=Oop rdx=Oop [80]=Oop }
                      ;*aastore {reexecute=1 rethrow=0 return_oop=0}
                      ; - (reexecute) org.eclipse.swt.widgets.EventTable::sendEvent@565 (line 106)
  0x000077feb981ad10: ccce cc06 | 4889 1424 

  0x000077feb981ad18: ;   {runtime_call C1 Runtime throw_array_store_exception_blob}
  0x000077feb981ad18: e8c3 efcc 

  0x000077feb981ad1c: ; ImmutableOopMap {rsi=Oop rbx=Oop rdx=Oop [80]=Oop }
                      ;*aastore {reexecute=1 rethrow=0 return_oop=0}
                      ; - (reexecute) org.eclipse.swt.widgets.EventTable::sendEvent@565 (line 106)
  0x000077feb981ad1c: 068b 0b48 | 83f9 000f | 844a f4ff | ff48 890c 

  0x000077feb981ad2c: ;   {runtime_call g1_pre_barrier_slow}
  0x000077feb981ad2c: 24e8 ae26 | cd06 e93c | f4ff ff48 | 83fa 000f | 844c f4ff | ff48 891c 

  0x000077feb981ad44: ;   {runtime_call g1_post_barrier_slow}
  0x000077feb981ad44: 24e8 9629 | cd06 e93e 

  0x000077feb981ad4c: ;   {runtime_call C1 Runtime throw_null_pointer_exception_blob}
  0x000077feb981ad4c: f4ff ffe8 

  0x000077feb981ad50: ; ImmutableOopMap {rsi=Oop rbx=Oop [80]=Oop }
                      ;*arraylength {reexecute=0 rethrow=0 return_oop=0}
                      ; - org.eclipse.swt.widgets.EventTable::sendEvent@578 (line 103)
  0x000077feb981ad50: 8cce cc06 

  0x000077feb981ad54: ;   {metadata({method} {0x000077fe9626e198} 'sendEvent' '(Lorg/eclipse/swt/widgets/Event;)V' in 'org/eclipse/swt/widgets/EventTable')}
  0x000077feb981ad54: 49ba 98e1 | 2696 fe77 | 0000 4c89 | 5424 0848 | c704 2443 

  0x000077feb981ad68: ;   {runtime_call C1 Runtime counter_overflow_blob}
  0x000077feb981ad68: 0200 00e8 

  0x000077feb981ad6c: ; ImmutableOopMap {rsi=Oop rbx=Oop [80]=Oop }
                      ;*if_icmplt {reexecute=1 rethrow=0 return_oop=0}
                      ; - (reexecute) org.eclipse.swt.widgets.EventTable::sendEvent@579 (line 103)
  0x000077feb981ad6c: 7020 cd06 | e965 f4ff | ff48 893c | 2448 895c 

  0x000077feb981ad7c: ;   {runtime_call C1 Runtime throw_range_check_failed_blob}
  0x000077feb981ad7c: 2408 e85d 

  0x000077feb981ad80: ; ImmutableOopMap {rsi=Oop rbx=Oop [80]=Oop }
                      ;*iastore {reexecute=0 rethrow=0 return_oop=0}
                      ; - org.eclipse.swt.widgets.EventTable::sendEvent@596 (line 111)
                      ;   {runtime_call C1 Runtime throw_null_pointer_exception_blob}
  0x000077feb981ad80: c5cc 06e8 

  0x000077feb981ad84: ; ImmutableOopMap {rsi=Oop rbx=Oop rax=Oop rcx=Oop [80]=Oop }
                      ;*aastore {reexecute=1 rethrow=0 return_oop=0}
                      ; - (reexecute) org.eclipse.swt.widgets.EventTable::sendEvent@604 (line 112)
  0x000077feb981ad84: 58ce cc06 

  0x000077feb981ad88: ;   {runtime_call C1 Runtime throw_null_pointer_exception_blob}
  0x000077feb981ad88: e853 cecc 

  0x000077feb981ad8c: ; ImmutableOopMap {rsi=Oop rbx=Oop rax=Oop rcx=Oop [80]=Oop }
                      ;*aastore {reexecute=1 rethrow=0 return_oop=0}
                      ; - (reexecute) org.eclipse.swt.widgets.EventTable::sendEvent@604 (line 112)
  0x000077feb981ad8c: 0648 893c | 2448 8944 

  0x000077feb981ad94: ;   {runtime_call C1 Runtime throw_range_check_failed_blob}
  0x000077feb981ad94: 2408 e845 

  0x000077feb981ad98: ; ImmutableOopMap {rsi=Oop rbx=Oop rax=Oop rcx=Oop [80]=Oop }
                      ;*aastore {reexecute=1 rethrow=0 return_oop=0}
                      ; - (reexecute) org.eclipse.swt.widgets.EventTable::sendEvent@604 (line 112)
                      ;   {runtime_call C1 Runtime throw_null_pointer_exception_blob}
  0x000077feb981ad98: c5cc 06e8 

  0x000077feb981ad9c: ; ImmutableOopMap {rsi=Oop rbx=Oop rax=Oop rcx=Oop [80]=Oop }
                      ;*aastore {reexecute=1 rethrow=0 return_oop=0}
                      ; - (reexecute) org.eclipse.swt.widgets.EventTable::sendEvent@604 (line 112)
  0x000077feb981ad9c: 40ce cc06 | 4889 0c24 

  0x000077feb981ada4: ;   {runtime_call C1 Runtime throw_array_store_exception_blob}
  0x000077feb981ada4: e837 efcc 

  0x000077feb981ada8: ; ImmutableOopMap {rsi=Oop rbx=Oop rax=Oop rcx=Oop [80]=Oop }
                      ;*aastore {reexecute=1 rethrow=0 return_oop=0}
                      ; - (reexecute) org.eclipse.swt.widgets.EventTable::sendEvent@604 (line 112)
  0x000077feb981ada8: 0644 8b00 | 4983 f800 | 0f84 8ef5 | ffff 4c89 

  0x000077feb981adb8: ;   {runtime_call g1_pre_barrier_slow}
  0x000077feb981adb8: 0424 e821 | 26cd 06e9 | 80f5 ffff | 4883 f900 | 0f84 90f5 | ffff 4889 

  0x000077feb981add0: ;   {runtime_call g1_post_barrier_slow}
  0x000077feb981add0: 0424 e809 | 29cd 06e9 | 82f5 ffff 

  0x000077feb981addc: ;   {metadata({method} {0x000077fe9626e198} 'sendEvent' '(Lorg/eclipse/swt/widgets/Event;)V' in 'org/eclipse/swt/widgets/EventTable')}
  0x000077feb981addc: 49ba 98e1 | 2696 fe77 | 0000 4c89 | 5424 0848 | c704 2467 

  0x000077feb981adf0: ;   {runtime_call C1 Runtime counter_overflow_blob}
  0x000077feb981adf0: 0200 00e8 

  0x000077feb981adf4: ; ImmutableOopMap {rsi=Oop rbx=Oop [80]=Oop }
                      ;*if_icmplt {reexecute=1 rethrow=0 return_oop=0}
                      ; - (reexecute) org.eclipse.swt.widgets.EventTable::sendEvent@615 (line 110)
  0x000077feb981adf4: e81f cd06 | e9a6 f5ff 

  0x000077feb981adfc: ;   {internal_word}
  0x000077feb981adfc: ff49 badc | a381 b9fe | 7700 004d | 8997 3805 

  0x000077feb981ae0c: ;   {runtime_call SafepointBlob}
  0x000077feb981ae0c: 0000 e94d 

  0x000077feb981ae10: ;   {internal_word}
  0x000077feb981ae10: 4ac0 0649 | ba2e a481 | b9fe 7700 | 004d 8997 | 3805 0000 

  0x000077feb981ae24: ;   {runtime_call SafepointBlob}
  0x000077feb981ae24: e937 4ac0 

  0x000077feb981ae28: ;   {internal_word}
  0x000077feb981ae28: 0649 ba41 | a481 b9fe | 7700 004d | 8997 3805 

  0x000077feb981ae38: ;   {runtime_call SafepointBlob}
  0x000077feb981ae38: 0000 e921 

  0x000077feb981ae3c: ;   {internal_word}
  0x000077feb981ae3c: 4ac0 0649 | ba54 a481 | b9fe 7700 | 004d 8997 | 3805 0000 

  0x000077feb981ae50: ;   {runtime_call SafepointBlob}
  0x000077feb981ae50: e90b 4ac0 

  0x000077feb981ae54: ;   {runtime_call C1 Runtime throw_null_pointer_exception_blob}
  0x000077feb981ae54: 06e8 86cd 

  0x000077feb981ae58: ; ImmutableOopMap {rdi=Oop rax=Oop [80]=Oop }
                      ;*invokevirtual addSuppressed {reexecute=0 rethrow=0 return_oop=0}
                      ; - org.eclipse.swt.widgets.EventTable::sendEvent@316 (line 98)
                      ;   {runtime_call C1 Runtime throw_null_pointer_exception_blob}
  0x000077feb981ae58: cc06 e881 

  0x000077feb981ae5c: ; ImmutableOopMap {rdi=Oop [80]=Oop }
                      ;*athrow {reexecute=1 rethrow=0 return_oop=0}
                      ; - (reexecute) org.eclipse.swt.widgets.EventTable::sendEvent@320 (line 98)
  0x000077feb981ae5c: cdcc 0648 | 891c 2448 | 8954 2408 

  0x000077feb981ae68: ;   {runtime_call C1 Runtime throw_range_check_failed_blob}
  0x000077feb981ae68: e873 c4cc 

  0x000077feb981ae6c: ; ImmutableOopMap {rax=Oop rsi=Oop rdx=Oop [80]=Oop }
                      ;*iastore {reexecute=0 rethrow=0 return_oop=0}
                      ; - org.eclipse.swt.widgets.EventTable::sendEvent@402 (line 105)
                      ;   {runtime_call C1 Runtime throw_null_pointer_exception_blob}
  0x000077feb981ae6c: 06e8 6ecd 

  0x000077feb981ae70: ; ImmutableOopMap {rax=Oop rsi=Oop rdx=Oop [80]=Oop }
                      ;*aaload {reexecute=0 rethrow=0 return_oop=0}
                      ; - org.eclipse.swt.widgets.EventTable::sendEvent@415 (line 106)
                      ;   {runtime_call C1 Runtime throw_null_pointer_exception_blob}
  0x000077feb981ae70: cc06 e869 

  0x000077feb981ae74: ; ImmutableOopMap {rax=Oop rsi=Oop rdx=Oop [80]=Oop }
                      ;*aaload {reexecute=0 rethrow=0 return_oop=0}
                      ; - org.eclipse.swt.widgets.EventTable::sendEvent@415 (line 106)
  0x000077feb981ae74: cdcc 0648 | 893c 2448 | 8954 2408 

  0x000077feb981ae80: ;   {runtime_call C1 Runtime throw_range_check_failed_blob}
  0x000077feb981ae80: e85b c4cc 

  0x000077feb981ae84: ; ImmutableOopMap {rax=Oop rsi=Oop rdx=Oop [80]=Oop }
                      ;*aaload {reexecute=0 rethrow=0 return_oop=0}
                      ; - org.eclipse.swt.widgets.EventTable::sendEvent@415 (line 106)
  0x000077feb981ae84: 0648 891c | 2448 8954 

  0x000077feb981ae8c: ;   {runtime_call C1 Runtime throw_range_check_failed_blob}
  0x000077feb981ae8c: 2408 e84d 

  0x000077feb981ae90: ; ImmutableOopMap {rax=Oop rsi=Oop rdx=Oop rcx=Oop [80]=Oop }
                      ;*aastore {reexecute=1 rethrow=0 return_oop=0}
                      ; - (reexecute) org.eclipse.swt.widgets.EventTable::sendEvent@416 (line 106)
                      ;   {runtime_call C1 Runtime throw_null_pointer_exception_blob}
  0x000077feb981ae90: c4cc 06e8 

  0x000077feb981ae94: ; ImmutableOopMap {rax=Oop rsi=Oop rdx=Oop rcx=Oop [80]=Oop }
                      ;*aastore {reexecute=1 rethrow=0 return_oop=0}
                      ; - (reexecute) org.eclipse.swt.widgets.EventTable::sendEvent@416 (line 106)
  0x000077feb981ae94: 48cd cc06 | 4889 0c24 

  0x000077feb981ae9c: ;   {runtime_call C1 Runtime throw_array_store_exception_blob}
  0x000077feb981ae9c: e83f eecc 

  0x000077feb981aea0: ; ImmutableOopMap {rax=Oop rsi=Oop rdx=Oop rcx=Oop [80]=Oop }
                      ;*aastore {reexecute=1 rethrow=0 return_oop=0}
                      ; - (reexecute) org.eclipse.swt.widgets.EventTable::sendEvent@416 (line 106)
  0x000077feb981aea0: 0644 8b02 | 4983 f800 | 0f84 d4f9 | ffff 4c89 

  0x000077feb981aeb0: ;   {runtime_call g1_pre_barrier_slow}
  0x000077feb981aeb0: 0424 e829 | 25cd 06e9 | c6f9 ffff | 4883 f900 | 0f84 d6f9 | ffff 4889 

  0x000077feb981aec8: ;   {runtime_call g1_post_barrier_slow}
  0x000077feb981aec8: 1424 e811 | 28cd 06e9 | c8f9 ffff 

  0x000077feb981aed4: ;   {runtime_call C1 Runtime throw_null_pointer_exception_blob}
  0x000077feb981aed4: e807 cdcc 

  0x000077feb981aed8: ; ImmutableOopMap {rax=Oop rsi=Oop rdx=Oop [80]=Oop }
                      ;*arraylength {reexecute=0 rethrow=0 return_oop=0}
                      ; - org.eclipse.swt.widgets.EventTable::sendEvent@429 (line 103)
                      ;   {metadata({method} {0x000077fe9626e198} 'sendEvent' '(Lorg/eclipse/swt/widgets/Event;)V' in 'org/eclipse/swt/widgets/EventTable')}
  0x000077feb981aed8: 0649 ba98 | e126 96fe | 7700 004c | 8954 2408 | 48c7 0424 | ae01 0000 

  0x000077feb981aef0: ;   {runtime_call C1 Runtime counter_overflow_blob}
  0x000077feb981aef0: e8eb 1ecd 

  0x000077feb981aef4: ; ImmutableOopMap {rax=Oop rsi=Oop rdx=Oop [80]=Oop }
                      ;*if_icmplt {reexecute=1 rethrow=0 return_oop=0}
                      ; - (reexecute) org.eclipse.swt.widgets.EventTable::sendEvent@430 (line 103)
  0x000077feb981aef4: 06e9 f2f9 | ffff 4889 | 1c24 4889 

  0x000077feb981af00: ;   {runtime_call C1 Runtime throw_range_check_failed_blob}
  0x000077feb981af00: 5424 08e8 

  0x000077feb981af04: ; ImmutableOopMap {rax=Oop rsi=Oop rdx=Oop [80]=Oop }
                      ;*iastore {reexecute=0 rethrow=0 return_oop=0}
                      ; - org.eclipse.swt.widgets.EventTable::sendEvent@447 (line 111)
  0x000077feb981af04: d8c3 cc06 

  0x000077feb981af08: ;   {runtime_call C1 Runtime throw_null_pointer_exception_blob}
  0x000077feb981af08: e8d3 cccc 

  0x000077feb981af0c: ; ImmutableOopMap {rax=Oop rsi=Oop rdx=Oop rdi=Oop r8=Oop [80]=Oop }
                      ;*aastore {reexecute=1 rethrow=0 return_oop=0}
                      ; - (reexecute) org.eclipse.swt.widgets.EventTable::sendEvent@455 (line 112)
                      ;   {runtime_call C1 Runtime throw_null_pointer_exception_blob}
  0x000077feb981af0c: 06e8 cecc 

  0x000077feb981af10: ; ImmutableOopMap {rax=Oop rsi=Oop rdx=Oop rdi=Oop r8=Oop [80]=Oop }
                      ;*aastore {reexecute=1 rethrow=0 return_oop=0}
                      ; - (reexecute) org.eclipse.swt.widgets.EventTable::sendEvent@455 (line 112)
  0x000077feb981af10: cc06 4889 | 1c24 4889 

  0x000077feb981af18: ;   {runtime_call C1 Runtime throw_range_check_failed_blob}
  0x000077feb981af18: 7c24 08e8 

  0x000077feb981af1c: ; ImmutableOopMap {rax=Oop rsi=Oop rdx=Oop rdi=Oop r8=Oop [80]=Oop }
                      ;*aastore {reexecute=1 rethrow=0 return_oop=0}
                      ; - (reexecute) org.eclipse.swt.widgets.EventTable::sendEvent@455 (line 112)
  0x000077feb981af1c: c0c3 cc06 

  0x000077feb981af20: ;   {runtime_call C1 Runtime throw_null_pointer_exception_blob}
  0x000077feb981af20: e8bb cccc 

  0x000077feb981af24: ; ImmutableOopMap {rax=Oop rsi=Oop rdx=Oop rdi=Oop r8=Oop [80]=Oop }
                      ;*aastore {reexecute=1 rethrow=0 return_oop=0}
                      ; - (reexecute) org.eclipse.swt.widgets.EventTable::sendEvent@455 (line 112)
  0x000077feb981af24: 064c 8904 

  0x000077feb981af28: ;   {runtime_call C1 Runtime throw_array_store_exception_blob}
  0x000077feb981af28: 24e8 b2ed 

  0x000077feb981af2c: ; ImmutableOopMap {rax=Oop rsi=Oop rdx=Oop rdi=Oop r8=Oop [80]=Oop }
                      ;*aastore {reexecute=1 rethrow=0 return_oop=0}
                      ; - (reexecute) org.eclipse.swt.widgets.EventTable::sendEvent@455 (line 112)
  0x000077feb981af2c: cc06 448b | 0f49 83f9 | 000f 8419 | fbff ff4c 

  0x000077feb981af3c: ;   {runtime_call g1_pre_barrier_slow}
  0x000077feb981af3c: 890c 24e8 | 9c24 cd06 | e90b fbff | ff49 83f8 | 000f 841b | fbff ff48 

  0x000077feb981af54: ;   {runtime_call g1_post_barrier_slow}
  0x000077feb981af54: 893c 24e8 | 8427 cd06 | e90d fbff 

  0x000077feb981af60: ;   {metadata({method} {0x000077fe9626e198} 'sendEvent' '(Lorg/eclipse/swt/widgets/Event;)V' in 'org/eclipse/swt/widgets/EventTable')}
  0x000077feb981af60: ff49 ba98 | e126 96fe | 7700 004c | 8954 2408 | 48c7 0424 | d201 0000 

  0x000077feb981af78: ;   {runtime_call C1 Runtime counter_overflow_blob}
  0x000077feb981af78: e863 1ecd 

  0x000077feb981af7c: ; ImmutableOopMap {rax=Oop rsi=Oop rdx=Oop [80]=Oop }
                      ;*if_icmplt {reexecute=1 rethrow=0 return_oop=0}
                      ; - (reexecute) org.eclipse.swt.widgets.EventTable::sendEvent@466 (line 110)
  0x000077feb981af7c: 06e9 31fb 

  0x000077feb981af80: ;   {oop(nullptr)}
  0x000077feb981af80: ffff 48bf | 0000 0000 | 0000 0000 | e923 f5ff 

  0x000077feb981af90: ;   {oop(nullptr)}
  0x000077feb981af90: ff48 bf00 | 0000 0000 | 0000 00e9 | 14f5 ffff | 488b 7c24 | 60e9 0af5 | ffff 488b | fee9 02f5 
  0x000077feb981afb0: ;   {oop(nullptr)}
  0x000077feb981afb0: ffff 48bf | 0000 0000 | 0000 0000 | e9f3 f4ff | ff49 8b87 | e005 0000 | 49c7 87e0 | 0500 0000 
  0x000077feb981afd0: 0000 0049 | c787 e805 | 0000 0000 | 0000 4881 | c480 0000 

  0x000077feb981afe4: ;   {runtime_call C1 Runtime unwind_exception_blob}
  0x000077feb981afe4: 005d e9f5 | bccc 06f4 | f4f4 f4f4 
[Stub Code]
  0x000077feb981aff0: ;   {other}
  0x000077feb981aff0: 0f1f 4400 

  0x000077feb981aff4: ;   {static_stub}
  0x000077feb981aff4: 0048 bb00 | 0000 0000 

  0x000077feb981affc: ;   {runtime_call nmethod}
  0x000077feb981affc: 0000 00e9 | fbff ffff 

  0x000077feb981b004: ;   {static_stub}
  0x000077feb981b004: 9048 bb00 | 0000 0000 

  0x000077feb981b00c: ;   {runtime_call nmethod}
  0x000077feb981b00c: 0000 00e9 | fbff ffff 

  0x000077feb981b014: ;   {static_stub}
  0x000077feb981b014: 9048 bb00 | 0000 0000 

  0x000077feb981b01c: ;   {runtime_call nmethod}
  0x000077feb981b01c: 0000 00e9 | fbff ffff 

  0x000077feb981b024: ;   {static_stub}
  0x000077feb981b024: 9048 bb78 | f998 96fe 

  0x000077feb981b02c: ;   {runtime_call I2C/C2I adapters}
  0x000077feb981b02c: 7700 00e9 | fe3b c006 

  0x000077feb981b034: ;   {static_stub}
  0x000077feb981b034: 9048 bb00 | 0000 0000 

  0x000077feb981b03c: ;   {runtime_call nmethod}
  0x000077feb981b03c: 0000 00e9 | fbff ffff 

  0x000077feb981b044: ;   {static_stub}
  0x000077feb981b044: 48bb 0000 | 0000 0000 

  0x000077feb981b04c: ;   {runtime_call nmethod}
  0x000077feb981b04c: 0000 e9fb 

  0x000077feb981b050: ;   {runtime_call C1 Runtime handle_exception_from_callee_blob}
  0x000077feb981b050: ffff ffe8 | 88e9 cc06 

  0x000077feb981b058: ;   {external_word}
  0x000077feb981b058: 48bf 3c77 | 36d3 fe77 | 0000 4883 

  0x000077feb981b064: ;   {runtime_call MacroAssembler::debug64(char*, long, long*)}
  0x000077feb981b064: e4f0 e855 | f551 19f4 
[Deopt Handler Code]
  0x000077feb981b06c: ;   {section_word}
  0x000077feb981b06c: 49ba 6cb0 | 81b9 fe77 | 0000 4152 

  0x000077feb981b078: ;   {runtime_call DeoptimizationBlob}
  0x000077feb981b078: e9e3 4ac0 | 06f4 f4f4 
[/MachCode]


Compiled method (c1) 10069 7535   !   3       org.eclipse.swt.widgets.Display::sendEvent (34 bytes)
 total in heap  [0x000077feb9850c88,0x000077feb98513c0] = 1848
 main code      [0x000077feb9850d80,0x000077feb9851368] = 1512
 stub code      [0x000077feb9851368,0x000077feb98513b8] = 80
 oops           [0x000077feb98513b8,0x000077feb98513c0] = 8
 mutable data [0x000077fe74c9e200,0x000077fe74c9e2d0] = 208
 relocation     [0x000077fe74c9e200,0x000077fe74c9e2a8] = 168
 metadata       [0x000077fe74c9e2a8,0x000077fe74c9e2d0] = 40
 immutable data [0x000077fe74c9e020,0x000077fe74c9e1f8] = 472
 dependencies   [0x000077fe74c9e020,0x000077fe74c9e030] = 16
 nul chk table  [0x000077fe74c9e030,0x000077fe74c9e048] = 24
 handler table  [0x000077fe74c9e048,0x000077fe74c9e078] = 48
 scopes pcs     [0x000077fe74c9e078,0x000077fe74c9e138] = 192
 scopes data    [0x000077fe74c9e138,0x000077fe74c9e1f8] = 192

[Constant Pool (empty)]

[MachCode]
[Instructions begin]
  0x000077feb9850d80: 660f 1f84 | 0000 0000 | 0066 0f1f | 8400 0000 | 0000 448b | 5608 443b 

  0x000077feb9850d98: ;   {runtime_call Shared Runtime ic_miss_blob}
  0x000077feb9850d98: 5008 0f85 | 40c6 bc06 
[Verified Entry Point]
  0x000077feb9850da0: 8984 2400 | c0fe ff55 | 4883 ec70 | 4181 7f20 | 0700 0000 

  0x000077feb9850db4: ;   {runtime_call Stub::method_entry_barrier}
  0x000077feb9850db4: 7405 e865 

  0x000077feb9850db8: ;   {metadata(method data for {method} {0x000077fe9570e098} 'sendEvent' '(Lorg/eclipse/swt/widgets/EventTable;Lorg/eclipse/swt/widgets/Event;)V' in 'org/eclipse/swt/widgets/Display')}
  0x000077feb9850db8: 41bb 0648 | bf20 0222 | 97fe 7700 | 008b 9f90 | 0000 0083 | c302 899f | 9000 0000 | 81e3 fe07 
  0x000077feb9850dd8: 0000 85db | 0f84 9104 | 0000 8b79 | 0c48 8bde 

  0x000077feb9850de8: ;   {metadata(method data for {method} {0x000077fe9570e098} 'sendEvent' '(Lorg/eclipse/swt/widgets/EventTable;Lorg/eclipse/swt/widgets/Event;)V' in 'org/eclipse/swt/widgets/Display')}
  0x000077feb9850de8: 48b8 2002 | 2297 fe77 | 0000 4883 | 80e8 0000 

  0x000077feb9850df8: ;   {metadata(method data for {method} {0x000077fe9570e190} 'sendPreEvent' '(I)V' in 'org/eclipse/swt/widgets/Display')}
  0x000077feb9850df8: 0001 48bb | 2804 2297 | fe77 0000 | 8b83 9000 | 0000 83c0 | 0289 8390 | 0000 0025 | feff 1f00 
  0x000077feb9850e18: 85c0 0f84 | 7904 0000 

  0x000077feb9850e20: ;   {metadata(method data for {method} {0x000077fe9570e190} 'sendPreEvent' '(I)V' in 'org/eclipse/swt/widgets/Display')}
  0x000077feb9850e20: 83ff 3248 | bb28 0422 | 97fe 7700 | 00b8 e800 | 0000 7505 | b8d8 0000 | 004c 8b04 | 034d 8d40 
  0x000077feb9850e40: 014c 8904 | 030f 8518 | 0000 0089 | 7c24 5048 | 894c 2440 | 4889 5424 | 3848 8974 | 2448 e911 
  0x000077feb9850e60: 0100 0083 

  0x000077feb9850e64: ;   {metadata(method data for {method} {0x000077fe9570e190} 'sendPreEvent' '(I)V' in 'org/eclipse/swt/widgets/Display')}
  0x000077feb9850e64: ff33 48bb | 2804 2297 | fe77 0000 | b808 0100 | 0075 05b8 | f800 0000 | 4c8b 0403 | 4d8d 4001 
  0x000077feb9850e84: 4c89 0403 | 0f85 1800 | 0000 897c | 2450 4889 | 4c24 4048 | 8954 2438 | 4889 7424 | 48e9 ce00 
  0x000077feb9850ea4: 0000 83ff 

  0x000077feb9850ea8: ;   {metadata(method data for {method} {0x000077fe9570e190} 'sendPreEvent' '(I)V' in 'org/eclipse/swt/widgets/Display')}
  0x000077feb9850ea8: 3448 bb28 | 0422 97fe | 7700 00b8 | 2801 0000 | 7505 b818 | 0100 004c | 8b04 034d | 8d40 014c 
  0x000077feb9850ec8: 8904 030f | 8518 0000 | 0089 7c24 | 5048 894c | 2440 4889 | 5424 3848 | 8974 2448 | e98b 0000 
  0x000077feb9850ee8: 0083 ff35 

  0x000077feb9850eec: ;   {metadata(method data for {method} {0x000077fe9570e190} 'sendPreEvent' '(I)V' in 'org/eclipse/swt/widgets/Display')}
  0x000077feb9850eec: 48bb 2804 | 2297 fe77 | 0000 b848 | 0100 0075 | 05b8 3801 | 0000 4c8b | 0403 4d8d | 4001 4c89 
  0x000077feb9850f0c: 0403 0f85 | 1800 0000 | 897c 2450 | 4889 4c24 | 4048 8954 | 2438 4889 | 7424 48e9 | 4800 0000 
  0x000077feb9850f2c: 4889 4c24 | 4048 8954 | 2438 488b 

  0x000077feb9850f38: ;   {metadata(method data for {method} {0x000077fe9570e190} 'sendPreEvent' '(I)V' in 'org/eclipse/swt/widgets/Display')}
  0x000077feb9850f38: de48 b828 | 0422 97fe | 7700 0048 | 8380 5801 | 0000 01ba | 3200 0000 | 488b cf4c | 8bc6 498b 
  0x000077feb9850f58: f089 7c24 | 504c 8944 | 2448 0f1f 

  0x000077feb9850f64: ;   {optimized virtual_call}
  0x000077feb9850f64: 4400 00e8 

  0x000077feb9850f68: ; ImmutableOopMap {[56]=Oop [64]=Oop [72]=Oop }
                      ;*invokevirtual sendJDKInternalEvent {reexecute=0 rethrow=0 return_oop=0}
                      ; - org.eclipse.swt.widgets.Display::sendPreEvent@28 (line 5875)
                      ; - org.eclipse.swt.widgets.Display::sendEvent@7 (line 5863)
  0x000077feb9850f68: 24d1 4207 

  0x000077feb9850f6c: ;   {post_call_nop}
  0x000077feb9850f6c: 0f1f 8400 | e402 0000 | 488b 4c24 | 4048 8b74 | 2438 483b | 0648 8bd6 

  0x000077feb9850f84: ;   {metadata(method data for {method} {0x000077fe9570e098} 'sendEvent' '(Lorg/eclipse/swt/widgets/EventTable;Lorg/eclipse/swt/widgets/Event;)V' in 'org/eclipse/swt/widgets/Display')}
  0x000077feb9850f84: 48bf 2002 | 2297 fe77 | 0000 4883 | 8718 0100 | 0001 488b | d166 0f1f 

  0x000077feb9850f9c: ;   {optimized virtual_call}
  0x000077feb9850f9c: 4400 00e8 

  0x000077feb9850fa0: ; ImmutableOopMap {[72]=Oop }
                      ;*invokevirtual sendEvent {reexecute=0 rethrow=0 return_oop=0}
                      ; - org.eclipse.swt.widgets.Display::sendEvent@12 (line 5865)
  0x000077feb9850fa0: fc85 fcff 

  0x000077feb9850fa4: ;   {post_call_nop}
  0x000077feb9850fa4: 0f1f 8400 | 1c03 0001 

  0x000077feb9850fac: ;   {metadata(method data for {method} {0x000077fe9570e098} 'sendEvent' '(Lorg/eclipse/swt/widgets/EventTable;Lorg/eclipse/swt/widgets/Event;)V' in 'org/eclipse/swt/widgets/Display')}
  0x000077feb9850fac: 48ba 2002 | 2297 fe77 | 0000 ff82 | 3801 0000 | 8b7c 2450 | 488b 7424 

  0x000077feb9850fc4: ;   {metadata(method data for {method} {0x000077fe9570e098} 'sendEvent' '(Lorg/eclipse/swt/widgets/EventTable;Lorg/eclipse/swt/widgets/Event;)V' in 'org/eclipse/swt/widgets/Display')}
  0x000077feb9850fc4: 4848 ba20 | 0222 97fe | 7700 0048 | 8382 9001 

  0x000077feb9850fd4: ;   {metadata(method data for {method} {0x000077fe9570e278} 'sendPostEvent' '(I)V' in 'org/eclipse/swt/widgets/Display')}
  0x000077feb9850fd4: 0000 0148 | ba40 1022 | 97fe 7700 | 008b 8a90 | 0000 0083 | c102 898a | 9000 0000 | 81e1 feff 
  0x000077feb9850ff4: 1f00 85c9 | 0f84 c102 | 0000 83ff 

  0x000077feb9851000: ;   {metadata(method data for {method} {0x000077fe9570e278} 'sendPostEvent' '(I)V' in 'org/eclipse/swt/widgets/Display')}
  0x000077feb9851000: 3248 ba40 | 1022 97fe | 7700 00b9 | d800 0000 | 7405 b9e8 | 0000 0048 | 8b34 0a48 | 8d76 0148 
  0x000077feb9851020: 8934 0a0f | 8430 0200 | 0083 ff33 

  0x000077feb985102c: ;   {metadata(method data for {method} {0x000077fe9570e278} 'sendPostEvent' '(I)V' in 'org/eclipse/swt/widgets/Display')}
  0x000077feb985102c: 48ba 4010 | 2297 fe77 | 0000 b9f8 | 0000 0074 | 05b9 0801 | 0000 488b | 340a 488d | 7601 4889 
  0x000077feb985104c: 340a 0f84 | 0502 0000 

  0x000077feb9851054: ;   {metadata(method data for {method} {0x000077fe9570e278} 'sendPostEvent' '(I)V' in 'org/eclipse/swt/widgets/Display')}
  0x000077feb9851054: 83ff 3448 | ba40 1022 | 97fe 7700 | 00b9 1801 | 0000 7405 | b928 0100 | 0048 8b34 | 0a48 8d76 
  0x000077feb9851074: 0148 8934 | 0a0f 84da | 0100 0083 

  0x000077feb9851080: ;   {metadata(method data for {method} {0x000077fe9570e278} 'sendPostEvent' '(I)V' in 'org/eclipse/swt/widgets/Display')}
  0x000077feb9851080: ff35 48ba | 4010 2297 | fe77 0000 | b938 0100 | 0074 05b9 | 4801 0000 | 488b 340a | 488d 7601 
  0x000077feb98510a0: 4889 340a | 0f84 af01 | 0000 488b 

  0x000077feb98510ac: ;   {metadata(method data for {method} {0x000077fe9570e278} 'sendPostEvent' '(I)V' in 'org/eclipse/swt/widgets/Display')}
  0x000077feb98510ac: 7424 4848 | ba40 1022 | 97fe 7700 | 0048 8382 | 5801 0000 | 01ba 3300 | 0000 488b | cf48 8b74 
  0x000077feb98510cc: ;   {optimized virtual_call}
  0x000077feb98510cc: 2448 90e8 

  0x000077feb98510d0: ; ImmutableOopMap {}
                      ;*invokevirtual sendJDKInternalEvent {reexecute=0 rethrow=0 return_oop=0}
                      ; - org.eclipse.swt.widgets.Display::sendPostEvent@28 (line 5883)
                      ; - org.eclipse.swt.widgets.Display::sendEvent@30 (line 5867)
  0x000077feb98510d0: bccf 4207 

  0x000077feb98510d4: ;   {post_call_nop}
  0x000077feb98510d4: 0f1f 8400 | 4c04 0002 | 4883 c470 

  0x000077feb98510e0: ;   {poll_return}
  0x000077feb98510e0: 5d49 3b67 | 280f 87f5 | 0100 00c3 | 498b 87e0 | 0500 004d | 33d2 4d89 | 97e0 0500 | 004d 33d2 
  0x000077feb9851100: 4d89 97e8 | 0500 0048 | 8b74 2448 

  0x000077feb985110c: ;   {metadata(method data for {method} {0x000077fe9570e098} 'sendEvent' '(Lorg/eclipse/swt/widgets/EventTable;Lorg/eclipse/swt/widgets/Event;)V' in 'org/eclipse/swt/widgets/Display')}
  0x000077feb985110c: 48ba 2002 | 2297 fe77 

  0x000077feb9851114: ;   {metadata('org/eclipse/swt/widgets/Display')}
  0x000077feb9851114: 0000 49ba | a84d 2a5d | 0000 0000 | 4c89 9258 | 0100 0048 | 8382 6001 

  0x000077feb985112c: ;   {metadata(method data for {method} {0x000077fe9570e278} 'sendPostEvent' '(I)V' in 'org/eclipse/swt/widgets/Display')}
  0x000077feb985112c: 0000 0148 | ba40 1022 | 97fe 7700 | 008b 8a90 | 0000 0083 | c102 898a | 9000 0000 | 81e1 feff 
  0x000077feb985114c: 1f00 85c9 | 0f84 a001 | 0000 83ff 

  0x000077feb9851158: ;   {metadata(method data for {method} {0x000077fe9570e278} 'sendPostEvent' '(I)V' in 'org/eclipse/swt/widgets/Display')}
  0x000077feb9851158: 3248 ba40 | 1022 97fe | 7700 00b9 | e800 0000 | 7505 b9d8 | 0000 0048 | 8b34 0a48 | 8d76 0148 
  0x000077feb9851178: 8934 0a0f | 850a 0000 | 0048 8944 | 2458 e9de | 0000 0083 

  0x000077feb985118c: ;   {metadata(method data for {method} {0x000077fe9570e278} 'sendPostEvent' '(I)V' in 'org/eclipse/swt/widgets/Display')}
  0x000077feb985118c: ff33 48ba | 4010 2297 | fe77 0000 | b908 0100 | 0075 05b9 | f800 0000 | 488b 340a | 488d 7601 
  0x000077feb98511ac: 4889 340a | 0f85 0a00 | 0000 4889 | 4424 58e9 | a900 0000 

  0x000077feb98511c0: ;   {metadata(method data for {method} {0x000077fe9570e278} 'sendPostEvent' '(I)V' in 'org/eclipse/swt/widgets/Display')}
  0x000077feb98511c0: 83ff 3448 | ba40 1022 | 97fe 7700 | 00b9 2801 | 0000 7505 | b918 0100 | 0048 8b34 | 0a48 8d76 
  0x000077feb98511e0: 0148 8934 | 0a0f 850a | 0000 0048 | 8944 2458 | e974 0000 | 0083 ff35 

  0x000077feb98511f8: ;   {metadata(method data for {method} {0x000077fe9570e278} 'sendPostEvent' '(I)V' in 'org/eclipse/swt/widgets/Display')}
  0x000077feb98511f8: 48ba 4010 | 2297 fe77 | 0000 b938 | 0100 0074 | 05b9 4801 | 0000 488b | 340a 488d | 7601 4889 
  0x000077feb9851218: 340a 4889 | 4424 580f | 8444 0000 | 0048 8b74 | 2448 488b 

  0x000077feb985122c: ;   {metadata(method data for {method} {0x000077fe9570e278} 'sendPostEvent' '(I)V' in 'org/eclipse/swt/widgets/Display')}
  0x000077feb985122c: d648 b940 | 1022 97fe | 7700 0048 | 8381 5801 | 0000 01ba | 3300 0000 

  0x000077feb9851244: ;   {optimized virtual_call}
  0x000077feb9851244: 488b cfe8 

  0x000077feb9851248: ; ImmutableOopMap {[88]=Oop }
                      ;*invokevirtual sendJDKInternalEvent {reexecute=0 rethrow=0 return_oop=0}
                      ; - org.eclipse.swt.widgets.Display::sendPostEvent@28 (line 5883)
                      ; - org.eclipse.swt.widgets.Display::sendEvent@22 (line 5867)
  0x000077feb9851248: 94c4 bc06 

  0x000077feb985124c: ;   {post_call_nop}
  0x000077feb985124c: 0f1f 8400 | c405 0003 | e910 0000 | 0048 83c4 

  0x000077feb985125c: ;   {poll_return}
  0x000077feb985125c: 705d 493b | 6728 0f87 | af00 0000 | c348 8b44 | 2458 e9e9 

  0x000077feb9851270: ;   {metadata({method} {0x000077fe9570e098} 'sendEvent' '(Lorg/eclipse/swt/widgets/EventTable;Lorg/eclipse/swt/widgets/Event;)V' in 'org/eclipse/swt/widgets/Display')}
  0x000077feb9851270: 0000 0049 | ba98 e070 | 95fe 7700 | 004c 8954 | 2408 48c7 | 0424 ffff 

  0x000077feb9851288: ;   {runtime_call C1 Runtime counter_overflow_blob}
  0x000077feb9851288: ffff e851 

  0x000077feb985128c: ; ImmutableOopMap {rsi=Oop rdx=Oop rcx=Oop }
                      ;*synchronization entry
                      ; - org.eclipse.swt.widgets.Display::sendEvent@-1 (line 5862)
  0x000077feb985128c: bbc9 06e9 | 4efb ffff 

  0x000077feb9851294: ;   {runtime_call C1 Runtime throw_null_pointer_exception_blob}
  0x000077feb9851294: e847 69c9 

  0x000077feb9851298: ; ImmutableOopMap {rsi=Oop rdx=Oop rcx=Oop }
                      ;*getfield type {reexecute=1 rethrow=0 return_oop=0}
                      ; - (reexecute) org.eclipse.swt.widgets.Display::sendEvent@1 (line 5862)
                      ;   {metadata({method} {0x000077fe9570e190} 'sendPreEvent' '(I)V' in 'org/eclipse/swt/widgets/Display')}
  0x000077feb9851298: 0649 ba90 | e170 95fe | 7700 004c | 8954 2408 | 48c7 0424 | ffff ffff 

  0x000077feb98512b0: ;   {runtime_call C1 Runtime counter_overflow_blob}
  0x000077feb98512b0: e82b bbc9 

  0x000077feb98512b4: ; ImmutableOopMap {rsi=Oop rdx=Oop rcx=Oop }
                      ;*synchronization entry
                      ; - org.eclipse.swt.widgets.Display::sendPreEvent@-1 (line 5872)
                      ; - org.eclipse.swt.widgets.Display::sendEvent@7 (line 5863)
  0x000077feb98512b4: 06e9 66fb 

  0x000077feb98512b8: ;   {runtime_call C1 Runtime throw_null_pointer_exception_blob}
  0x000077feb98512b8: ffff e821 

  0x000077feb98512bc: ; ImmutableOopMap {rcx=Oop rsi=Oop [72]=Oop }
                      ;*invokevirtual sendEvent {reexecute=0 rethrow=0 return_oop=0}
                      ; - org.eclipse.swt.widgets.Display::sendEvent@12 (line 5865)
                      ;   {metadata({method} {0x000077fe9570e278} 'sendPostEvent' '(I)V' in 'org/eclipse/swt/widgets/Display')}
  0x000077feb98512bc: 69c9 0649 | ba78 e270 | 95fe 7700 | 004c 8954 | 2408 48c7 | 0424 ffff 

  0x000077feb98512d4: ;   {runtime_call C1 Runtime counter_overflow_blob}
  0x000077feb98512d4: ffff e805 

  0x000077feb98512d8: ; ImmutableOopMap {[72]=Oop }
                      ;*synchronization entry
                      ; - org.eclipse.swt.widgets.Display::sendPostEvent@-1 (line 5880)
                      ; - org.eclipse.swt.widgets.Display::sendEvent@30 (line 5867)
  0x000077feb98512d8: bbc9 06e9 | 1efd ffff 

  0x000077feb98512e0: ;   {internal_word}
  0x000077feb98512e0: 49ba e110 | 85b9 fe77 | 0000 4d89 | 9738 0500 

  0x000077feb98512f0: ;   {runtime_call SafepointBlob}
  0x000077feb98512f0: 00e9 6ae5 

  0x000077feb98512f4: ;   {metadata({method} {0x000077fe9570e278} 'sendPostEvent' '(I)V' in 'org/eclipse/swt/widgets/Display')}
  0x000077feb98512f4: bc06 49ba | 78e2 7095 | fe77 0000 | 4c89 5424 | 0848 c704 | 24ff ffff 

  0x000077feb985130c: ;   {runtime_call C1 Runtime counter_overflow_blob}
  0x000077feb985130c: ffe8 ceba 

  0x000077feb9851310: ; ImmutableOopMap {rax=Oop [72]=Oop }
                      ;*synchronization entry
                      ; - org.eclipse.swt.widgets.Display::sendPostEvent@-1 (line 5880)
                      ; - org.eclipse.swt.widgets.Display::sendEvent@22 (line 5867)
  0x000077feb9851310: c906 e93f 

  0x000077feb9851314: ;   {internal_word}
  0x000077feb9851314: feff ff49 | ba5e 1285 | b9fe 7700 | 004d 8997 | 3805 0000 

  0x000077feb9851328: ;   {runtime_call SafepointBlob}
  0x000077feb9851328: e933 e5bc | 068b 7c24 | 50e9 b6fd | ffff 8b7c | 2450 e9ad | fdff ff49 | 8b87 e005 | 0000 49c7 
  0x000077feb9851348: 87e0 0500 | 0000 0000 | 0049 c787 | e805 0000 | 0000 0000 | 4883 c470 

  0x000077feb9851360: ;   {runtime_call C1 Runtime unwind_exception_blob}
  0x000077feb9851360: 5de9 7a59 | c906 f4f4 
[Stub Code]
  0x000077feb9851368: ;   {other}
  0x000077feb9851368: 0f1f 4400 

  0x000077feb985136c: ;   {static_stub}
  0x000077feb985136c: 0048 bb00 | 0000 0000 

  0x000077feb9851374: ;   {runtime_call nmethod}
  0x000077feb9851374: 0000 00e9 | fbff ffff 

  0x000077feb985137c: ;   {static_stub}
  0x000077feb985137c: 48bb 0000 | 0000 0000 

  0x000077feb9851384: ;   {runtime_call nmethod}
  0x000077feb9851384: 0000 e9fb 

  0x000077feb9851388: ;   {runtime_call C1 Runtime handle_exception_from_callee_blob}
  0x000077feb9851388: ffff ffe8 | 5086 c906 

  0x000077feb9851390: ;   {external_word}
  0x000077feb9851390: 48bf 3c77 | 36d3 fe77 | 0000 4883 

  0x000077feb985139c: ;   {runtime_call MacroAssembler::debug64(char*, long, long*)}
  0x000077feb985139c: e4f0 e81d | 924e 19f4 
[Deopt Handler Code]
  0x000077feb98513a4: ;   {section_word}
  0x000077feb98513a4: 49ba a413 | 85b9 fe77 | 0000 4152 

  0x000077feb98513b0: ;   {runtime_call DeoptimizationBlob}
  0x000077feb98513b0: e9ab e7bc | 06f4 f4f4 
[/MachCode]


Compiled method (c1) 10085 7523       3       org.eclipse.swt.widgets.Display::runDeferredEvents (109 bytes)
 total in heap  [0x000077feb984db08,0x000077feb984e578] = 2672
 main code      [0x000077feb984dc00,0x000077feb984e510] = 2320
 stub code      [0x000077feb984e510,0x000077feb984e570] = 96
 oops           [0x000077feb984e570,0x000077feb984e578] = 8
 mutable data [0x000077fe74a004c0,0x000077fe74a005b0] = 240
 relocation     [0x000077fe74a004c0,0x000077fe74a00580] = 192
 metadata       [0x000077fe74a00580,0x000077fe74a005b0] = 48
 immutable data [0x000077fe74a001f0,0x000077fe74a004b0] = 704
 dependencies   [0x000077fe74a001f0,0x000077fe74a00208] = 24
 nul chk table  [0x000077fe74a00208,0x000077fe74a00258] = 80
 scopes pcs     [0x000077fe74a00258,0x000077fe74a003c8] = 368
 scopes data    [0x000077fe74a003c8,0x000077fe74a004b0] = 232

[Constant Pool (empty)]

[MachCode]
[Instructions begin]
  0x000077feb984dc00: 660f 1f84 | 0000 0000 | 0066 0f1f | 8400 0000 | 0000 448b | 5608 443b 

  0x000077feb984dc18: ;   {runtime_call Shared Runtime ic_miss_blob}
  0x000077feb984dc18: 5008 0f85 | c0f7 bc06 
[Verified Entry Point]
  0x000077feb984dc20: 8984 2400 | c0fe ff55 | 4881 ec80 | 0000 0090 | 4181 7f20 | 0700 0000 

  0x000077feb984dc38: ;   {runtime_call Stub::method_entry_barrier}
  0x000077feb984dc38: 7405 e8e1 | 72bb 0648 | 8974 2450 

  0x000077feb984dc44: ;   {metadata(method data for {method} {0x000077fe9570b658} 'runDeferredEvents' '()Z' in 'org/eclipse/swt/widgets/Display')}
  0x000077feb984dc44: 48ba 682b | 4497 fe77 | 0000 8b8a | 9000 0000 | 83c1 0289 | 8a90 0000 | 0081 e1fe | 0700 0085 
  0x000077feb984dc64: c90f 840b 

  0x000077feb984dc68: ;   {metadata(method data for {method} {0x000077fe9570b658} 'runDeferredEvents' '()Z' in 'org/eclipse/swt/widgets/Display')}
  0x000077feb984dc68: 0700 0048 | ba68 2b44 | 97fe 7700 | 00ff 82d8 | 0000 00bf | 0000 0000 | 897c 245c | 0f1f 4000 
  0x000077feb984dc88: 8b4e 7448 | 85c9 ba02 | 0000 0075 | 05ba 0000 

  0x000077feb984dc98: ;   {metadata(method data for {method} {0x000077fe9570b658} 'runDeferredEvents' '()Z' in 'org/eclipse/swt/widgets/Display')}
  0x000077feb984dc98: 0000 49b8 | 682b 4497 | fe77 0000 | 458b 8894 | 0000 0044 | 03ca 4589 | 8894 0000 | 0085 d275 
  0x000077feb984dcb8: 0641 b902 | 0000 0041 | 81e1 fe3f | 0000 4585 | c90f 84c8 | 0600 004d 

  0x000077feb984dcd0: ; ImmutableOopMap {rsi=Oop rcx=Oop [80]=Oop }
                      ;*ifnonnull {reexecute=1 rethrow=0 return_oop=0}
                      ; - (reexecute) org.eclipse.swt.widgets.Display::runDeferredEvents@99 (line 5065)
                      ;   {poll}
  0x000077feb984dcd0: 8b57 3041 | 8502 4885 

  0x000077feb984dcd8: ;   {metadata(method data for {method} {0x000077fe9570b658} 'runDeferredEvents' '()Z' in 'org/eclipse/swt/widgets/Display')}
  0x000077feb984dcd8: c948 ba68 | 2b44 97fe | 7700 0041 | b888 0200 | 0074 0641 | b878 0200 | 004e 8b0c | 024d 8d49 
  0x000077feb984dcf8: 014e 890c | 020f 8424 | 0600 0083 | 790c 000f | 86b5 0600 | 008b 5910 | 4889 5c24 | 6048 85db 
  0x000077feb984dd18: ;   {metadata(method data for {method} {0x000077fe9570b658} 'runDeferredEvents' '()Z' in 'org/eclipse/swt/widgets/Display')}
  0x000077feb984dd18: 48ba 682b | 4497 fe77 | 0000 41b8 | 0001 0000 | 7406 41b8 | f000 0000 | 4e8b 0c02 | 4d8d 4901 
  0x000077feb984dd38: 4e89 0c02 | 0f84 ee05 | 0000 8b51 

  0x000077feb984dd44: ;   {metadata(method data for {method} {0x000077fe9570b658} 'runDeferredEvents' '()Z' in 'org/eclipse/swt/widgets/Display')}
  0x000077feb984dd44: 0cff ca49 | b868 2b44 | 97fe 7700 | 0049 8380 | 2801 0000 | 0148 8bf1 | 4c8b daba | 0100 0000 
  0x000077feb984dd64: 41b8 0000 | 0000 4d8b | cb44 895c | 2458 4a8d | 3c0a 3b7e | 0c0f 8755 | 0600 004b | 8d3c 083b 
  0x000077feb984dd84: 790c 0f87 | 4806 0000 | 4585 c90f | 8c3f 0600 | 0048 63d2 | 4d63 c048 | 8d7c 9610 | 4a8d 7481 
  0x000077feb984dda4: 1049 8bd1 | 40f6 c40f | 0f84 1200 | 0000 4883 

  0x000077feb984ddb4: ;   {runtime_call Stub::oop_disjoint_arraycopy}
  0x000077feb984ddb4: ec08 e805 | 5fbb 0648 | 83c4 08e9 | 0500 0000 

  0x000077feb984ddc4: ;   {runtime_call Stub::oop_disjoint_arraycopy}
  0x000077feb984ddc4: e8f7 5ebb | 0648 8b74 | 2450 8b56 

  0x000077feb984ddd0: ;   {oop(nullptr)}
  0x000077feb984ddd0: 7448 bf00 | 0000 0000 | 0000 008b | 5c24 583b | 5a0c 0f83 | 0306 0000 

  0x000077feb984dde8: ;   {metadata(method data for {method} {0x000077fe9570b658} 'runDeferredEvents' '()Z' in 'org/eclipse/swt/widgets/Display')}
  0x000077feb984dde8: 4885 ff48 | b968 2b44 | 97fe 7700 | 0075 0c80 | 8931 0100 | 0001 e9b8 | 0000 008b | 4708 483b 
  0x000077feb984de08: 8140 0100 | 0075 0d48 | 8381 4801 | 0000 01e9 | 6000 0000 | 483b 8150 | 0100 0075 | 0d48 8381 
  0x000077feb984de28: 5801 0000 | 01e9 4a00 | 0000 4883 | b940 0100 | 0000 7517 | 4889 8140 | 0100 0048 | c781 4801 
  0x000077feb984de48: 0000 0100 | 0000 e929 | 0000 0048 | 83b9 5001 | 0000 0075 | 1748 8981 | 5001 0000 | 48c7 8158 
  0x000077feb984de68: 0100 0001 | 0000 00e9 | 0800 0000 | 4883 8138 | 0100 0001 

  0x000077feb984de7c: ; implicit exception: dispatches to 0x000077feb984e3f9
  0x000077feb984de7c: 8b42 088b | 4f08 488b | 80e0 0000 | 0048 3bc8 | 0f84 2900 | 0000 448b | 4014 4a3b | 0401 0f84 
  0x000077feb984de9c: 1b00 0000 | 4183 f820 | 0f85 5405 | 0000 5150 

  0x000077feb984deac: ;   {runtime_call C1 Runtime slow_subtype_check_blob}
  0x000077feb984deac: e82f c7c9 | 0659 5885 | c00f 8443 | 0500 0048 | 63db 488d | 549a 1041 | 0fbe 5f48 | 85db 0f85 
  0x000077feb984decc: 3705 0000 | 4c8b d744 | 8912 488b | da48 33df | 48c1 eb14 | 4883 fb00 | 0f85 3705 | 0000 488b 
  0x000077feb984deec: 5c24 608b | 7b68 4885 

  0x000077feb984def4: ;   {metadata(method data for {method} {0x000077fe9570b658} 'runDeferredEvents' '()Z' in 'org/eclipse/swt/widgets/Display')}
  0x000077feb984def4: ff48 ba68 | 2b44 97fe | 7700 00b8 | 6801 0000 | 7405 b878 | 0100 0048 | 8b0c 0248 | 8d49 0148 
  0x000077feb984df14: 890c 020f | 846b fdff | ff48 3b07 

  0x000077feb984df20: ;   {metadata(method data for {method} {0x000077fe9570b658} 'runDeferredEvents' '()Z' in 'org/eclipse/swt/widgets/Display')}
  0x000077feb984df20: 488b d748 | b868 2b44 | 97fe 7700 | 008b 5208 | 483b 9090 | 0100 0075 | 0d48 8380 | 9801 0000 
  0x000077feb984df40: 01e9 6000 | 0000 483b | 90a0 0100 | 0075 0d48 | 8380 a801 | 0000 01e9 | 4a00 0000 | 4883 b890 
  0x000077feb984df60: 0100 0000 | 7517 4889 | 9090 0100 | 0048 c780 | 9801 0000 | 0100 0000 | e929 0000 | 0048 83b8 
  0x000077feb984df80: a001 0000 | 0075 1748 | 8990 a001 | 0000 48c7 | 80a8 0100 | 0001 0000 | 00e9 0800 | 0000 4883 
  0x000077feb984dfa0: 8088 0100 

  0x000077feb984dfa4: ;   {metadata(method data for {method} {0x000077fe95695a28} 'isDisposed' '()Z' in 'org/eclipse/swt/widgets/Widget')}
  0x000077feb984dfa4: 0001 48ba | c8e7 d596 | fe77 0000 | 8b82 9000 | 0000 83c0 | 0289 8290 | 0000 0025 | feff 1f00 
  0x000077feb984dfc4: 85c0 0f84 | 7704 0000 | 8b57 1883 | e201 85d2 

  0x000077feb984dfd4: ;   {metadata(method data for {method} {0x000077fe95695a28} 'isDisposed' '()Z' in 'org/eclipse/swt/widgets/Widget')}
  0x000077feb984dfd4: 48ba c8e7 | d596 fe77 | 0000 b8d8 | 0000 0074 | 05b8 e800 | 0000 488b | 0c02 488d | 4901 4889 
  0x000077feb984dff4: 0c02 0f84 | 0a00 0000 | ba01 0000 | 00e9 0500 | 0000 ba00 | 0000 0085 

  0x000077feb984e00c: ;   {metadata(method data for {method} {0x000077fe9570b658} 'runDeferredEvents' '()Z' in 'org/eclipse/swt/widgets/Display')}
  0x000077feb984e00c: d248 ba68 | 2b44 97fe | 7700 00b8 | b801 0000 | 7505 b8c8 | 0100 0048 | 8b0c 0248 | 8d49 0148 
  0x000077feb984e02c: 890c 020f | 8553 fcff | ff8b 536c 

  0x000077feb984e038: ;   {metadata(method data for {method} {0x000077fe9570b658} 'runDeferredEvents' '()Z' in 'org/eclipse/swt/widgets/Display')}
  0x000077feb984e038: 4885 d248 | b868 2b44 | 97fe 7700 | 00b9 d801 | 0000 7405 | b9e8 0100 | 004c 8b04 | 084d 8d40 
  0x000077feb984e058: 014c 8904 | 080f 8419 | 0100 0048 | 3b02 488b 

  0x000077feb984e068: ;   {metadata(method data for {method} {0x000077fe9570b658} 'runDeferredEvents' '()Z' in 'org/eclipse/swt/widgets/Display')}
  0x000077feb984e068: c248 b968 | 2b44 97fe | 7700 008b | 4008 483b | 8100 0200 | 0075 0d48 | 8381 0802 | 0000 01e9 
  0x000077feb984e088: 6000 0000 | 483b 8110 | 0200 0075 | 0d48 8381 | 1802 0000 | 01e9 4a00 | 0000 4883 | b900 0200 
  0x000077feb984e0a8: 0000 7517 | 4889 8100 | 0200 0048 | c781 0802 | 0000 0100 | 0000 e929 | 0000 0048 | 83b9 1002 
  0x000077feb984e0c8: 0000 0075 | 1748 8981 | 1002 0000 | 48c7 8118 | 0200 0001 | 0000 00e9 | 0800 0000 | 4883 81f8 
  0x000077feb984e0e8: 0100 0001 

  0x000077feb984e0ec: ;   {metadata(method data for {method} {0x000077fe95695a28} 'isDisposed' '()Z' in 'org/eclipse/swt/widgets/Widget')}
  0x000077feb984e0ec: 48b8 c8e7 | d596 fe77 | 0000 8b88 | 9000 0000 | 83c1 0289 | 8890 0000 | 0081 e1fe | ff1f 0085 
  0x000077feb984e10c: c90f 8456 | 0300 008b | 5218 83e2 

  0x000077feb984e118: ;   {metadata(method data for {method} {0x000077fe95695a28} 'isDisposed' '()Z' in 'org/eclipse/swt/widgets/Widget')}
  0x000077feb984e118: 0185 d248 | bac8 e7d5 | 96fe 7700 | 00b8 d800 | 0000 7405 | b8e8 0000 | 0048 8b0c | 0248 8d49 
  0x000077feb984e138: 0148 890c | 020f 840a | 0000 00ba | 0100 0000 | e905 0000 | 00ba 0000 | 0000 85d2 

  0x000077feb984e154: ;   {metadata(method data for {method} {0x000077fe9570b658} 'runDeferredEvents' '()Z' in 'org/eclipse/swt/widgets/Display')}
  0x000077feb984e154: 48ba 682b | 4497 fe77 | 0000 b828 | 0200 0075 | 05b8 3802 | 0000 488b | 0c02 488d | 4901 4889 
  0x000077feb984e174: 0c02 0f85 | 0cfb ffff 

  0x000077feb984e17c: ;   {metadata(method data for {method} {0x000077fe9570b658} 'runDeferredEvents' '()Z' in 'org/eclipse/swt/widgets/Display')}
  0x000077feb984e17c: 488b d748 | b868 2b44 | 97fe 7700 | 008b 5208 | 483b 9050 | 0200 0075 | 0d48 8380 | 5802 0000 
  0x000077feb984e19c: 01e9 6000 | 0000 483b | 9060 0200 | 0075 0d48 | 8380 6802 | 0000 01e9 | 4a00 0000 | 4883 b850 
  0x000077feb984e1bc: 0200 0000 | 7517 4889 | 9050 0200 | 0048 c780 | 5802 0000 | 0100 0000 | e929 0000 | 0048 83b8 
  0x000077feb984e1dc: 6002 0000 | 0075 1748 | 8990 6002 | 0000 48c7 | 8068 0200 | 0001 0000 | 00e9 0800 | 0000 4883 
  0x000077feb984e1fc: 8048 0200 

  0x000077feb984e200: ;   {metadata(method data for {method} {0x000077fe95697360} 'sendEvent' '(Lorg/eclipse/swt/widgets/Event;)V' in 'org/eclipse/swt/widgets/Widget')}
  0x000077feb984e200: 0001 48ba | 30f6 4597 | fe77 0000 | 8b82 9000 | 0000 83c0 | 0289 8290 | 0000 0025 | feff 1f00 
  0x000077feb984e220: 85c0 0f84 | 6202 0000 | 8b43 6448 | 3b00 488b 

  0x000077feb984e230: ;   {metadata(method data for {method} {0x000077fe95697360} 'sendEvent' '(Lorg/eclipse/swt/widgets/Event;)V' in 'org/eclipse/swt/widgets/Widget')}
  0x000077feb984e230: d048 b930 | f645 97fe 

  0x000077feb984e238: ;   {metadata('org/eclipse/swt/widgets/Display')}
  0x000077feb984e238: 7700 0049 | baa8 4d2a | 5d00 0000 | 004c 8991 | e000 0000 | 4883 81e8 | 0000 0001 | 488b d348 
  0x000077feb984e258: 8bf0 4889 | 4424 7048 | 897c 2468 

  0x000077feb984e264: ;   {optimized virtual_call}
  0x000077feb984e264: 6666 90e8 

  0x000077feb984e268: ; ImmutableOopMap {[80]=Oop [96]=Oop [104]=Oop [112]=Oop }
                      ;*invokevirtual filterEvent {reexecute=0 rethrow=0 return_oop=0}
                      ; - org.eclipse.swt.widgets.Widget::sendEvent@7 (line 1655)
                      ; - org.eclipse.swt.widgets.Display::runDeferredEvents@92 (line 5080)
  0x000077feb984e268: b423 0000 

  0x000077feb984e26c: ;   {post_call_nop}
  0x000077feb984e26c: 0f1f 8400 | 6407 0001 

  0x000077feb984e274: ;   {metadata(method data for {method} {0x000077fe95697360} 'sendEvent' '(Lorg/eclipse/swt/widgets/Event;)V' in 'org/eclipse/swt/widgets/Widget')}
  0x000077feb984e274: 85c0 48ba | 30f6 4597 | fe77 0000 | b908 0100 | 0075 05b9 | 1801 0000 | 488b 340a | 488d 7601 
  0x000077feb984e294: 4889 340a | 0f85 7600 | 0000 488b | 7c24 688b | 5720 4885 

  0x000077feb984e2a8: ;   {metadata(method data for {method} {0x000077fe95697360} 'sendEvent' '(Lorg/eclipse/swt/widgets/Event;)V' in 'org/eclipse/swt/widgets/Widget')}
  0x000077feb984e2a8: d248 b930 | f645 97fe | 7700 00be | 2801 0000 | 7405 be38 | 0100 0048 | 8b3c 3148 | 8d7f 0148 
  0x000077feb984e2c8: 893c 310f | 8443 0000 | 0048 8b44 | 2470 488b | 5c24 6048 

  0x000077feb984e2dc: ;   {metadata(method data for {method} {0x000077fe95697360} 'sendEvent' '(Lorg/eclipse/swt/widgets/Event;)V' in 'org/eclipse/swt/widgets/Widget')}
  0x000077feb984e2dc: 8bc8 48be | 30f6 4597 | fe77 0000 

  0x000077feb984e2e8: ;   {metadata('org/eclipse/swt/widgets/Display')}
  0x000077feb984e2e8: 49ba a84d | 2a5d 0000 | 0000 4c89 | 9650 0100 | 0048 8386 | 5801 0000 | 0148 8bcb 

  0x000077feb984e304: ;   {optimized virtual_call}
  0x000077feb984e304: 488b f0e8 

  0x000077feb984e308: ; ImmutableOopMap {[80]=Oop }
                      ;*invokevirtual sendEvent {reexecute=0 rethrow=0 return_oop=0}
                      ; - org.eclipse.swt.widgets.Widget::sendEvent@26 (line 1656)
                      ; - org.eclipse.swt.widgets.Display::runDeferredEvents@92 (line 5080)
  0x000077feb984e308: 942a 0000 

  0x000077feb984e30c: ;   {post_call_nop}
  0x000077feb984e30c: 0f1f 8400 | 0408 0002 | bf01 0000 | 0089 7c24 | 5c48 8b74 | 2450 e961 | f9ff ff8b | 7c24 5ce9 
  0x000077feb984e32c: 1900 0000 | 8b7c 245c 

  0x000077feb984e334: ;   {metadata(method data for {method} {0x000077fe9570b658} 'runDeferredEvents' '()Z' in 'org/eclipse/swt/widgets/Display')}
  0x000077feb984e334: 48b8 682b | 4497 fe77 | 0000 ff80 | 1001 0000 | 488b 7424 | 5041 0fbe | 4748 85c0 | 0f85 5a01 
  0x000077feb984e354: 0000 c746 | 7400 0000 | 0083 e701 | 488b c748 | 81c4 8000 

  0x000077feb984e368: ;   {poll_return}
  0x000077feb984e368: 0000 5d49 | 3b67 280f | 8756 0100 

  0x000077feb984e374: ;   {metadata({method} {0x000077fe9570b658} 'runDeferredEvents' '()Z' in 'org/eclipse/swt/widgets/Display')}
  0x000077feb984e374: 00c3 49ba | 58b6 7095 | fe77 0000 | 4c89 5424 | 0848 c704 | 24ff ffff 

  0x000077feb984e38c: ;   {runtime_call C1 Runtime counter_overflow_blob}
  0x000077feb984e38c: ffe8 4eea 

  0x000077feb984e390: ; ImmutableOopMap {rsi=Oop [80]=Oop }
                      ;*synchronization entry
                      ; - org.eclipse.swt.widgets.Display::runDeferredEvents@-1 (line 5059)
  0x000077feb984e390: c906 e9d4 

  0x000077feb984e394: ;   {metadata({method} {0x000077fe9570b658} 'runDeferredEvents' '()Z' in 'org/eclipse/swt/widgets/Display')}
  0x000077feb984e394: f8ff ff49 | ba58 b670 | 95fe 7700 | 004c 8954 | 2408 48c7 | 0424 6300 

  0x000077feb984e3ac: ;   {runtime_call C1 Runtime counter_overflow_blob}
  0x000077feb984e3ac: 0000 e82d 

  0x000077feb984e3b0: ; ImmutableOopMap {rsi=Oop rcx=Oop [80]=Oop }
                      ;*ifnonnull {reexecute=1 rethrow=0 return_oop=0}
                      ; - (reexecute) org.eclipse.swt.widgets.Display::runDeferredEvents@99 (line 5065)
  0x000077feb984e3b0: eac9 06e9 | 17f9 ffff 

  0x000077feb984e3b8: ;   {runtime_call C1 Runtime throw_null_pointer_exception_blob}
  0x000077feb984e3b8: e823 98c9 

  0x000077feb984e3bc: ; ImmutableOopMap {rsi=Oop rcx=Oop [80]=Oop }
                      ;*aaload {reexecute=0 rethrow=0 return_oop=0}
                      ; - org.eclipse.swt.widgets.Display::runDeferredEvents@10 (line 5068)
                      ;   {runtime_call C1 Runtime throw_null_pointer_exception_blob}
  0x000077feb984e3bc: 06e8 1e98 

  0x000077feb984e3c0: ; ImmutableOopMap {rsi=Oop rcx=Oop [80]=Oop }
                      ;*aaload {reexecute=0 rethrow=0 return_oop=0}
                      ; - org.eclipse.swt.widgets.Display::runDeferredEvents@10 (line 5068)
  0x000077feb984e3c0: c906 48c7 | 0424 0000 | 0000 4889 

  0x000077feb984e3cc: ;   {runtime_call C1 Runtime throw_range_check_failed_blob}
  0x000077feb984e3cc: 4c24 08e8 

  0x000077feb984e3d0: ; ImmutableOopMap {rsi=Oop rcx=Oop [80]=Oop }
                      ;*aaload {reexecute=0 rethrow=0 return_oop=0}
                      ; - org.eclipse.swt.widgets.Display::runDeferredEvents@10 (line 5068)
  0x000077feb984e3d0: 0c8f c906 

  0x000077feb984e3d4: ;   {static_call}
  0x000077feb984e3d4: 6666 90e8 

  0x000077feb984e3d8: ; ImmutableOopMap {[80]=Oop [96]=Oop }
                      ;*invokestatic arraycopy {reexecute=0 rethrow=0 return_oop=0}
                      ; - org.eclipse.swt.widgets.Display::runDeferredEvents@39 (line 5071)
  0x000077feb984e3d8: 04f9 bc06 | e9e8 f9ff 

  0x000077feb984e3e0: ;   {runtime_call C1 Runtime throw_null_pointer_exception_blob}
  0x000077feb984e3e0: ffe8 fa97 

  0x000077feb984e3e4: ; ImmutableOopMap {rsi=Oop rdx=Oop rdi=Oop [80]=Oop [96]=Oop }
                      ;*aastore {reexecute=1 rethrow=0 return_oop=0}
                      ; - (reexecute) org.eclipse.swt.widgets.Display::runDeferredEvents@48 (line 5072)
                      ;   {runtime_call C1 Runtime throw_null_pointer_exception_blob}
  0x000077feb984e3e4: c906 e8f5 

  0x000077feb984e3e8: ; ImmutableOopMap {rsi=Oop rdx=Oop rdi=Oop [80]=Oop [96]=Oop }
                      ;*aastore {reexecute=1 rethrow=0 return_oop=0}
                      ; - (reexecute) org.eclipse.swt.widgets.Display::runDeferredEvents@48 (line 5072)
  0x000077feb984e3e8: 97c9 0648 | 891c 2448 | 8954 2408 

  0x000077feb984e3f4: ;   {runtime_call C1 Runtime throw_range_check_failed_blob}
  0x000077feb984e3f4: e8e7 8ec9 

  0x000077feb984e3f8: ; ImmutableOopMap {rsi=Oop rdx=Oop rdi=Oop [80]=Oop [96]=Oop }
                      ;*aastore {reexecute=1 rethrow=0 return_oop=0}
                      ; - (reexecute) org.eclipse.swt.widgets.Display::runDeferredEvents@48 (line 5072)
                      ;   {runtime_call C1 Runtime throw_null_pointer_exception_blob}
  0x000077feb984e3f8: 06e8 e297 

  0x000077feb984e3fc: ; ImmutableOopMap {rsi=Oop rdx=Oop rdi=Oop [80]=Oop [96]=Oop }
                      ;*aastore {reexecute=1 rethrow=0 return_oop=0}
                      ; - (reexecute) org.eclipse.swt.widgets.Display::runDeferredEvents@48 (line 5072)
  0x000077feb984e3fc: c906 4889 

  0x000077feb984e400: ;   {runtime_call C1 Runtime throw_array_store_exception_blob}
  0x000077feb984e400: 3c24 e8d9 

  0x000077feb984e404: ; ImmutableOopMap {rsi=Oop rdx=Oop rdi=Oop [80]=Oop [96]=Oop }
                      ;*aastore {reexecute=1 rethrow=0 return_oop=0}
                      ; - (reexecute) org.eclipse.swt.widgets.Display::runDeferredEvents@48 (line 5072)
  0x000077feb984e404: b8c9 068b | 1a48 83fb | 000f 84bd | faff ff48 

  0x000077feb984e414: ;   {runtime_call g1_pre_barrier_slow}
  0x000077feb984e414: 891c 24e8 | c4ef c906 | e9af faff | ff48 83ff | 000f 84bf | faff ff48 

  0x000077feb984e42c: ;   {runtime_call g1_post_barrier_slow}
  0x000077feb984e42c: 8914 24e8 | acf2 c906 | e9b1 faff 

  0x000077feb984e438: ;   {runtime_call C1 Runtime throw_null_pointer_exception_blob}
  0x000077feb984e438: ffe8 a297 

  0x000077feb984e43c: ; ImmutableOopMap {rsi=Oop rbx=Oop [80]=Oop [96]=Oop }
                      ;*getfield widget {reexecute=1 rethrow=0 return_oop=0}
                      ; - (reexecute) org.eclipse.swt.widgets.Display::runDeferredEvents@50 (line 5075)
                      ;   {runtime_call C1 Runtime throw_null_pointer_exception_blob}
  0x000077feb984e43c: c906 e89d 

  0x000077feb984e440: ; ImmutableOopMap {rsi=Oop rbx=Oop rdi=Oop [80]=Oop [96]=Oop }
                      ;*invokevirtual isDisposed {reexecute=0 rethrow=0 return_oop=0}
                      ; - org.eclipse.swt.widgets.Display::runDeferredEvents@62 (line 5076)
                      ;   {metadata({method} {0x000077fe95695a28} 'isDisposed' '()Z' in 'org/eclipse/swt/widgets/Widget')}
  0x000077feb984e440: 97c9 0649 | ba28 5a69 | 95fe 7700 | 004c 8954 | 2408 48c7 | 0424 ffff 

  0x000077feb984e458: ;   {runtime_call C1 Runtime counter_overflow_blob}
  0x000077feb984e458: ffff e881 

  0x000077feb984e45c: ; ImmutableOopMap {rsi=Oop rbx=Oop rdi=Oop [80]=Oop [96]=Oop }
                      ;*synchronization entry
                      ; - org.eclipse.swt.widgets.Widget::isDisposed@-1 (line 1282)
                      ; - org.eclipse.swt.widgets.Display::runDeferredEvents@62 (line 5076)
  0x000077feb984e45c: e9c9 06e9 | 68fb ffff 

  0x000077feb984e464: ;   {runtime_call C1 Runtime throw_null_pointer_exception_blob}
  0x000077feb984e464: e877 97c9 

  0x000077feb984e468: ; ImmutableOopMap {rsi=Oop rbx=Oop rdi=Oop rdx=Oop [80]=Oop [96]=Oop }
                      ;*invokevirtual isDisposed {reexecute=0 rethrow=0 return_oop=0}
                      ; - org.eclipse.swt.widgets.Display::runDeferredEvents@81 (line 5078)
                      ;   {metadata({method} {0x000077fe95695a28} 'isDisposed' '()Z' in 'org/eclipse/swt/widgets/Widget')}
  0x000077feb984e468: 0649 ba28 | 5a69 95fe | 7700 004c | 8954 2408 | 48c7 0424 | ffff ffff 

  0x000077feb984e480: ;   {runtime_call C1 Runtime counter_overflow_blob}
  0x000077feb984e480: e85b e9c9 

  0x000077feb984e484: ; ImmutableOopMap {rsi=Oop rbx=Oop rdi=Oop rdx=Oop [80]=Oop [96]=Oop }
                      ;*synchronization entry
                      ; - org.eclipse.swt.widgets.Widget::isDisposed@-1 (line 1282)
                      ; - org.eclipse.swt.widgets.Display::runDeferredEvents@81 (line 5078)
  0x000077feb984e484: 06e9 89fc 

  0x000077feb984e488: ;   {metadata({method} {0x000077fe95697360} 'sendEvent' '(Lorg/eclipse/swt/widgets/Event;)V' in 'org/eclipse/swt/widgets/Widget')}
  0x000077feb984e488: ffff 49ba | 6073 6995 | fe77 0000 | 4c89 5424 | 0848 c704 | 24ff ffff 

  0x000077feb984e4a0: ;   {runtime_call C1 Runtime counter_overflow_blob}
  0x000077feb984e4a0: ffe8 3ae9 

  0x000077feb984e4a4: ; ImmutableOopMap {rbx=Oop rdi=Oop [80]=Oop [96]=Oop }
                      ;*synchronization entry
                      ; - org.eclipse.swt.widgets.Widget::sendEvent@-1 (line 1654)
                      ; - org.eclipse.swt.widgets.Display::runDeferredEvents@92 (line 5080)
  0x000077feb984e4a4: c906 e97d 

  0x000077feb984e4a8: ;   {runtime_call C1 Runtime throw_null_pointer_exception_blob}
  0x000077feb984e4a8: fdff ffe8 

  0x000077feb984e4ac: ; ImmutableOopMap {rbx=Oop rdi=Oop rax=Oop [80]=Oop [96]=Oop }
                      ;*invokevirtual filterEvent {reexecute=0 rethrow=0 return_oop=0}
                      ; - org.eclipse.swt.widgets.Widget::sendEvent@7 (line 1655)
                      ; - org.eclipse.swt.widgets.Display::runDeferredEvents@92 (line 5080)
  0x000077feb984e4ac: 3097 c906 | 8b46 7448 | 83f8 000f | 8499 feff | ff48 8904 

  0x000077feb984e4c0: ;   {runtime_call g1_pre_barrier_slow}
  0x000077feb984e4c0: 24e8 1aef | c906 e98b 

  0x000077feb984e4c8: ;   {internal_word}
  0x000077feb984e4c8: feff ff49 | ba6b e384 | b9fe 7700 | 004d 8997 | 3805 0000 

  0x000077feb984e4dc: ;   {runtime_call SafepointBlob}
  0x000077feb984e4dc: e97f 13bd | 0649 8b87 | e005 0000 | 49c7 87e0 | 0500 0000 | 0000 0049 | c787 e805 | 0000 0000 
  0x000077feb984e4fc: 0000 4881 | c480 0000 

  0x000077feb984e504: ;   {runtime_call C1 Runtime unwind_exception_blob}
  0x000077feb984e504: 005d e9d5 | 87c9 06f4 | f4f4 f4f4 
[Stub Code]
  0x000077feb984e510: ;   {other}
  0x000077feb984e510: 0f1f 4400 

  0x000077feb984e514: ;   {static_stub}
  0x000077feb984e514: 0048 bb28 | 2470 95fe 

  0x000077feb984e51c: ;   {runtime_call I2C/C2I adapters}
  0x000077feb984e51c: 7700 00e9 | 1265 bd06 

  0x000077feb984e524: ;   {static_stub}
  0x000077feb984e524: 9048 bb98 | e070 95fe 

  0x000077feb984e52c: ;   {runtime_call I2C/C2I adapters}
  0x000077feb984e52c: 7700 00e9 | 06d3 bc06 

  0x000077feb984e534: ;   {static_stub}
  0x000077feb984e534: 9048 bb00 | 0000 0000 

  0x000077feb984e53c: ;   {runtime_call nmethod}
  0x000077feb984e53c: 0000 00e9 | fbff ffff 
[Exception Handler]
  0x000077feb984e544: ;   {runtime_call C1 Runtime handle_exception_from_callee_blob}
  0x000077feb984e544: e897 b4c9 

  0x000077feb984e548: ;   {external_word}
  0x000077feb984e548: 0648 bf3c | 7736 d3fe | 7700 0048 

  0x000077feb984e554: ;   {runtime_call MacroAssembler::debug64(char*, long, long*)}
  0x000077feb984e554: 83e4 f0e8 | 64c0 4e19 

  0x000077feb984e55c: ;   {section_word}
  0x000077feb984e55c: f449 ba5d | e584 b9fe | 7700 0041 

  0x000077feb984e568: ;   {runtime_call DeoptimizationBlob}
  0x000077feb984e568: 52e9 f215 | bd06 f4f4 
[/MachCode]


---------------  P R O C E S S  ---------------

Threads class SMR info:
_java_thread_list=0x000077fd78002730, length=45, elements={
0x000077fecc02e730, 0x000077fecc152330, 0x000077fecc153ae0, 0x000077fecc155510,
0x000077fecc156d60, 0x000077fecc158510, 0x000077fecc15a240, 0x000077fecc15bb60,
0x000077fecc2178e0, 0x000077fecc21a080, 0x000077fecc762040, 0x000077fe20001930,
0x000077fecc7636e0, 0x000077fecc765090, 0x000077fecc765cf0, 0x000077fecc7677f0,
0x000077fecc778f70, 0x000077fecc7e99a0, 0x000077fecc7eac40, 0x000077fecc7f77b0,
0x000077fe440056d0, 0x000077fe3c001130, 0x000077fe44006ab0, 0x000077fe44007d90,
0x000077fe44009260, 0x000077fe4400a730, 0x000077feccb3f470, 0x000077fe2c03aa10,
0x000077fe2c3b8110, 0x000077fecc808040, 0x000077fe38057620, 0x000077fecc91d790,
0x000077fecc856880, 0x000077fecc857cb0, 0x000077feccc48c50, 0x000077fdcc01f610,
0x000077fdc0000f40, 0x000077feccdb8030, 0x000077fecce6ed20, 0x000077fdc0002550,
0x000077fdc0003b80, 0x000077fecd0651f0, 0x000077fecd3d8480, 0x000077fd6c0077b0,
0x000077fd6c0093a0
}

Java Threads: ( => current thread )
=>0x000077fecc02e730 JavaThread "main"                              [_thread_in_native, id=31974, stack(0x000077fed3a31000,0x000077fed3b31000) (1024K)]
  0x000077fecc152330 JavaThread "Reference Handler"          daemon [_thread_blocked, id=31982, stack(0x000077feb5684000,0x000077feb5784000) (1024K)]
  0x000077fecc153ae0 JavaThread "Finalizer"                  daemon [_thread_blocked, id=31983, stack(0x000077feb5584000,0x000077feb5684000) (1024K)]
  0x000077fecc155510 JavaThread "Signal Dispatcher"          daemon [_thread_blocked, id=31984, stack(0x000077feb5484000,0x000077feb5584000) (1024K)]
  0x000077fecc156d60 JavaThread "Service Thread"             daemon [_thread_blocked, id=31985, stack(0x000077feb5384000,0x000077feb5484000) (1024K)]
  0x000077fecc158510 JavaThread "Monitor Deflation Thread"   daemon [_thread_blocked, id=31986, stack(0x000077feb5284000,0x000077feb5384000) (1024K)]
  0x000077fecc15a240 JavaThread "C2 CompilerThread0"         daemon [_thread_blocked, id=31987, stack(0x000077feb5184000,0x000077feb5284000) (1024K)]
  0x000077fecc15bb60 JavaThread "C1 CompilerThread0"         daemon [_thread_blocked, id=31988, stack(0x000077feb5084000,0x000077feb5184000) (1024K)]
  0x000077fecc2178e0 JavaThread "Notification Thread"        daemon [_thread_blocked, id=31989, stack(0x000077feb4f84000,0x000077feb5084000) (1024K)]
  0x000077fecc21a080 JavaThread "Common-Cleaner"             daemon [_thread_blocked, id=31990, stack(0x000077feb4e84000,0x000077feb4f84000) (1024K)]
  0x000077fecc762040 JavaThread "Equinox resolver thread - Equinox Container: 32a61752-2d36-4790-b5f8-303905de1fd2" daemon [_thread_blocked, id=32019, stack(0x000077fe68183000,0x000077fe68384000) (2052K)]
  0x000077fe20001930 JavaThread "Equinox resolver thread - Equinox Container: 32a61752-2d36-4790-b5f8-303905de1fd2" daemon [_thread_blocked, id=32020, stack(0x000077fe68384000,0x000077fe68585000) (2052K)]
  0x000077fecc7636e0 JavaThread "Equinox resolver thread - Equinox Container: 32a61752-2d36-4790-b5f8-303905de1fd2" daemon [_thread_blocked, id=32021, stack(0x000077fe6918b000,0x000077fe6938c000) (2052K)]
  0x000077fecc765090 JavaThread "Equinox resolver thread - Equinox Container: 32a61752-2d36-4790-b5f8-303905de1fd2" daemon [_thread_blocked, id=32022, stack(0x000077fe68f8a000,0x000077fe6918b000) (2052K)]
  0x000077fecc765cf0 JavaThread "Equinox resolver thread - Equinox Container: 32a61752-2d36-4790-b5f8-303905de1fd2" daemon [_thread_blocked, id=32023, stack(0x000077fe68987000,0x000077fe68b88000) (2052K)]
  0x000077fecc7677f0 JavaThread "Equinox resolver thread - Equinox Container: 32a61752-2d36-4790-b5f8-303905de1fd2" daemon [_thread_blocked, id=32024, stack(0x000077fe68786000,0x000077fe68987000) (2052K)]
  0x000077fecc778f70 JavaThread "Active Thread: Equinox Container: 32a61752-2d36-4790-b5f8-303905de1fd2"        [_thread_blocked, id=32025, stack(0x000077fe68585000,0x000077fe68786000) (2052K)]
  0x000077fecc7e99a0 JavaThread "Framework Event Dispatcher: Equinox Container: 32a61752-2d36-4790-b5f8-303905de1fd2" daemon [_thread_blocked, id=32026, stack(0x000077fe68d89000,0x000077fe68f8a000) (2052K)]
  0x000077fecc7eac40 JavaThread "Start Level: Equinox Container: 32a61752-2d36-4790-b5f8-303905de1fd2" daemon [_thread_blocked, id=32027, stack(0x000077fe68b88000,0x000077fe68d89000) (2052K)]
  0x000077fecc7f77b0 JavaThread "Refresh Thread: Equinox Container: 32a61752-2d36-4790-b5f8-303905de1fd2" daemon [_thread_blocked, id=32028, stack(0x000077fe6978e000,0x000077fe6998f000) (2052K)]
  0x000077fe440056d0 JavaThread "Equinox resolver thread - Equinox Container: 32a61752-2d36-4790-b5f8-303905de1fd2" daemon [_thread_blocked, id=32029, stack(0x000077fe6938c000,0x000077fe6958d000) (2052K)]
  0x000077fe3c001130 JavaThread "Equinox resolver thread - Equinox Container: 32a61752-2d36-4790-b5f8-303905de1fd2" daemon [_thread_blocked, id=32030, stack(0x000077fe6958d000,0x000077fe6978e000) (2052K)]
  0x000077fe44006ab0 JavaThread "Equinox resolver thread - Equinox Container: 32a61752-2d36-4790-b5f8-303905de1fd2" daemon [_thread_blocked, id=32031, stack(0x000077fe63df8000,0x000077fe63ef8000) (1024K)]
  0x000077fe44007d90 JavaThread "Equinox resolver thread - Equinox Container: 32a61752-2d36-4790-b5f8-303905de1fd2" daemon [_thread_blocked, id=32032, stack(0x000077fe63cf8000,0x000077fe63df8000) (1024K)]
  0x000077fe44009260 JavaThread "Equinox resolver thread - Equinox Container: 32a61752-2d36-4790-b5f8-303905de1fd2" daemon [_thread_blocked, id=32033, stack(0x000077fe63bf8000,0x000077fe63cf8000) (1024K)]
  0x000077fe4400a730 JavaThread "Equinox resolver thread - Equinox Container: 32a61752-2d36-4790-b5f8-303905de1fd2" daemon [_thread_blocked, id=32034, stack(0x000077fe63af8000,0x000077fe63bf8000) (1024K)]
  0x000077feccb3f470 JavaThread "Bundle File Closer"         daemon [_thread_blocked, id=32045, stack(0x000077fe62fef000,0x000077fe630ef000) (1024K)]
  0x000077fe2c03aa10 JavaThread "SCR Component Actor"        daemon [_thread_blocked, id=32058, stack(0x000077fe62eef000,0x000077fe62fef000) (1024K)]
  0x000077fe2c3b8110 JavaThread "EMF Reference Cleaner"      daemon [_thread_blocked, id=32064, stack(0x000077fe62def000,0x000077fe62eef000) (1024K)]
  0x000077fecc808040 JavaThread "Gogo shell"                        [_thread_blocked, id=32065, stack(0x000077fe62cef000,0x000077fe62def000) (1024K)]
  0x000077fe38057620 JavaThread "Worker-JM"                         [_thread_blocked, id=32068, stack(0x000077fe62aef000,0x000077fe62bef000) (1024K)]
  0x000077fecc91d790 JavaThread "Worker-0"                          [_thread_blocked, id=32069, stack(0x000077fe62bef000,0x000077fe62cef000) (1024K)]
  0x000077fecc856880 JavaThread "Java2D Disposer"            daemon [_thread_blocked, id=32070, stack(0x000077fe62559000,0x000077fe62659000) (1024K)]
  0x000077fecc857cb0 JavaThread "AWT-XAWT"                   daemon [_thread_in_native, id=32071, stack(0x000077fe62459000,0x000077fe62559000) (1024K)]
  0x000077feccc48c50 JavaThread "Database navigator events processor"        [_thread_blocked, id=32072, stack(0x000077fe62359000,0x000077fe62459000) (1024K)]
  0x000077fdcc01f610 JavaThread "Worker-2"                          [_thread_blocked, id=32073, stack(0x000077fe62259000,0x000077fe62359000) (1024K)]
  0x000077fdc0000f40 JavaThread "Worker-3"                          [_thread_blocked, id=32081, stack(0x000077fe604fc000,0x000077fe605fc000) (1024K)]
  0x000077feccdb8030 JavaThread "idle-timeout-task"          daemon [_thread_blocked, id=32082, stack(0x000077fdb36ff000,0x000077fdb37ff000) (1024K)]
  0x000077fecce6ed20 JavaThread "HTTP-Dispatcher"                   [_thread_in_native, id=32083, stack(0x000077fdb35ff000,0x000077fdb36ff000) (1024K)]
  0x000077fdc0002550 JavaThread "Worker-4"                          [_thread_blocked, id=32084, stack(0x000077fdb34ff000,0x000077fdb35ff000) (1024K)]
  0x000077fdc0003b80 JavaThread "Worker-5"                          [_thread_blocked, id=32085, stack(0x000077fdb33ff000,0x000077fdb34ff000) (1024K)]
  0x000077fecd0651f0 JavaThread "SWTResourceTracker"         daemon [_thread_blocked, id=32087, stack(0x000077fe605fc000,0x000077fe607fd000) (2052K)]
  0x000077fecd3d8480 JavaThread "EventAdmin Async Event Dispatcher Thread" daemon [_thread_blocked, id=32142, stack(0x000077fe630ef000,0x000077fe631ef000) (1024K)]
  0x000077fd6c0077b0 JavaThread "pool-2-thread-1"                   [_thread_blocked, id=32143, stack(0x000077fdb21f6000,0x000077fdb23f7000) (2052K)]
  0x000077fd6c0093a0 JavaThread "pool-3-thread-1"                   [_thread_blocked, id=32144, stack(0x000077fdb25f8000,0x000077fdb27f9000) (2052K)]
Total: 45

Other Threads:
  0x000077fecc1134a0 VMThread "VM Thread"                           [id=31981, stack(0x000077feb59fd000,0x000077feb5afd000) (1024K)]
  0x000077fecc0d7880 WatcherThread "VM Periodic Task Thread"        [id=31980, stack(0x000077feb5afe000,0x000077feb5bfe000) (1024K)]
  0x000077fecc071ac0 WorkerThread "GC Thread#0"                     [id=31975, stack(0x000077fed0d00000,0x000077fed0e00000) (1024K)]
  0x000077fe9c0084e0 WorkerThread "GC Thread#1"                     [id=32035, stack(0x000077fe639f8000,0x000077fe63af8000) (1024K)]
  0x000077fe9c009690 WorkerThread "GC Thread#2"                     [id=32036, stack(0x000077fe638f7000,0x000077fe639f7000) (1024K)]
  0x000077fe9c00a440 WorkerThread "GC Thread#3"                     [id=32037, stack(0x000077fe637f6000,0x000077fe638f6000) (1024K)]
  0x000077fe9c010b30 WorkerThread "GC Thread#4"                     [id=32038, stack(0x000077fe636f5000,0x000077fe637f5000) (1024K)]
  0x000077fe9c011750 WorkerThread "GC Thread#5"                     [id=32039, stack(0x000077fe635f4000,0x000077fe636f4000) (1024K)]
  0x000077fe9c012500 WorkerThread "GC Thread#6"                     [id=32040, stack(0x000077fe634f3000,0x000077fe635f3000) (1024K)]
  0x000077fe9c0132b0 WorkerThread "GC Thread#7"                     [id=32041, stack(0x000077fe633f2000,0x000077fe634f2000) (1024K)]
  0x000077fe9c014080 WorkerThread "GC Thread#8"                     [id=32042, stack(0x000077fe632f1000,0x000077fe633f1000) (1024K)]
  0x000077fe9c015270 WorkerThread "GC Thread#9"                     [id=32043, stack(0x000077fe631f0000,0x000077fe632f0000) (1024K)]
  0x000077fecc07f370 ConcurrentGCThread "G1 Main Marker"            [id=31976, stack(0x000077fed0bff000,0x000077fed0cff000) (1024K)]
  0x000077fecc080540 WorkerThread "G1 Conc#0"                       [id=31977, stack(0x000077fed0afe000,0x000077fed0bfe000) (1024K)]
  0x000077fea8000ce0 WorkerThread "G1 Conc#1"                       [id=32056, stack(0x000077fe69ca2000,0x000077fe69ea2000) (2048K)]
  0x000077fea80018c0 WorkerThread "G1 Conc#2"                       [id=32057, stack(0x000077fe69ea3000,0x000077fe6a0a3000) (2048K)]
  0x000077fecc0ca580 ConcurrentGCThread "G1 Refine#0"               [id=31978, stack(0x000077feb5d00000,0x000077feb5e00000) (1024K)]
  0x000077fecc0cb770 ConcurrentGCThread "G1 Service"                [id=31979, stack(0x000077feb5bff000,0x000077feb5cff000) (1024K)]
Total: 18

Threads with active compile tasks:
Total: 0

VM state: not at safepoint (normal execution)

VM Mutex/Monitor currently owned by a thread: None

Heap address: 0x00000000c0000000, size: 1024 MB, Compressed Oops mode: 32-bit

CDS archive(s) not mapped
Compressed class space mapped at: 0x000000005d000000-0x000000009d000000, reserved size: 1073741824
UseCompressedClassPointers 1, UseCompactObjectHeaders 0
Narrow klass pointer bits 32, Max shift 3
Narrow klass base: 0x0000000000000000, Narrow klass shift: 0
Encoding Range: [0x0000000000000000 - 0x0000000100000000), (4294967296 bytes)
Klass Range:    [0x000000005d000000 - 0x000000009d000000), (1073741824 bytes)
Klass ID Range:  [1560281088 - 2634022905) (1073741817)
No protection zone.

GC Precious Log:
 CardTable entry size: 512
 Card Set container configuration: InlinePtr #cards 5 size 8 Array Of Cards #cards 10 size 36 Howl #buckets 4 coarsen threshold 1843 Howl Bitmap #cards 512 size 80 coarsen threshold 460 Card regions per heap region 1 cards per card region 2048
 CPUs: 12 total, 12 available
 Memory: 15405M
 Large Page Support: Disabled
 NUMA Support: Disabled
 Compressed Oops: Enabled (32-bit)
 Heap Region Size: 1M
 Heap Min Capacity: 64M
 Heap Initial Capacity: 64M
 Heap Max Capacity: 1G
 Pre-touch: Disabled
 Parallel Workers: 10
 Concurrent Workers: 3
 Concurrent Refinement Workers: 10
 Periodic GC: Disabled

Heap:
 garbage-first heap   total reserved 1048576K, committed 137216K, used 66932K [0x00000000c0000000, 0x0000000100000000)
  region size 1024K, 30 young (30720K), 9 survivors (9216K)

Heap Regions: E=young(eden), S=young(survivor), O=old, HS=humongous(starts), HC=humongous(continues), CS=collection set, F=free, TAMS=top-at-mark-start, PB=parsable bottom
|   0|0x00000000c0000000, 0x00000000c0100000, 0x00000000c0100000|100%| O|  |TAMS 0x00000000c0000000| PB 0x00000000c0000000| Untracked |  0
|   1|0x00000000c0100000, 0x00000000c0200000, 0x00000000c0200000|100%| O|  |TAMS 0x00000000c0100000| PB 0x00000000c0100000| Untracked |  0
|   2|0x00000000c0200000, 0x00000000c0300000, 0x00000000c0300000|100%| O|  |TAMS 0x00000000c0200000| PB 0x00000000c0200000| Untracked |  0
|   3|0x00000000c0300000, 0x00000000c0400000, 0x00000000c0400000|100%| O|  |TAMS 0x00000000c0300000| PB 0x00000000c0300000| Untracked |  0
|   4|0x00000000c0400000, 0x00000000c0500000, 0x00000000c0500000|100%| O|  |TAMS 0x00000000c0400000| PB 0x00000000c0400000| Untracked |  0
|   5|0x00000000c0500000, 0x00000000c0600000, 0x00000000c0600000|100%| O|  |TAMS 0x00000000c0500000| PB 0x00000000c0500000| Untracked |  0
|   6|0x00000000c0600000, 0x00000000c0700000, 0x00000000c0700000|100%| O|  |TAMS 0x00000000c0600000| PB 0x00000000c0600000| Untracked |  0
|   7|0x00000000c0700000, 0x00000000c0800000, 0x00000000c0800000|100%| O|  |TAMS 0x00000000c0700000| PB 0x00000000c0700000| Untracked |  0
|   8|0x00000000c0800000, 0x00000000c0900000, 0x00000000c0900000|100%| O|  |TAMS 0x00000000c0800000| PB 0x00000000c0800000| Untracked |  0
|   9|0x00000000c0900000, 0x00000000c0a00000, 0x00000000c0a00000|100%| O|  |TAMS 0x00000000c0900000| PB 0x00000000c0900000| Untracked |  0
|  10|0x00000000c0a00000, 0x00000000c0a00000, 0x00000000c0b00000|  0%| F|  |TAMS 0x00000000c0a00000| PB 0x00000000c0a00000| Untracked |  0
|  11|0x00000000c0b00000, 0x00000000c0c00000, 0x00000000c0c00000|100%| O|  |TAMS 0x00000000c0b00000| PB 0x00000000c0b00000| Untracked |  0
|  12|0x00000000c0c00000, 0x00000000c0d00000, 0x00000000c0d00000|100%| O|  |TAMS 0x00000000c0c00000| PB 0x00000000c0c00000| Untracked |  0
|  13|0x00000000c0d00000, 0x00000000c0e00000, 0x00000000c0e00000|100%| O|  |TAMS 0x00000000c0d00000| PB 0x00000000c0d00000| Untracked |  0
|  14|0x00000000c0e00000, 0x00000000c0f00000, 0x00000000c0f00000|100%| O|  |TAMS 0x00000000c0e00000| PB 0x00000000c0e00000| Untracked |  0
|  15|0x00000000c0f00000, 0x00000000c0fe1508, 0x00000000c1000000| 88%| O|  |TAMS 0x00000000c0f00000| PB 0x00000000c0f00000| Untracked |  0
|  16|0x00000000c1000000, 0x00000000c1100000, 0x00000000c1100000|100%|HS|  |TAMS 0x00000000c1000000| PB 0x00000000c1000000| Complete |  0
|  17|0x00000000c1100000, 0x00000000c1100000, 0x00000000c1200000|  0%| F|  |TAMS 0x00000000c1100000| PB 0x00000000c1100000| Untracked |  0
|  18|0x00000000c1200000, 0x00000000c1300000, 0x00000000c1300000|100%| O|  |TAMS 0x00000000c1200000| PB 0x00000000c1200000| Untracked |  0
|  19|0x00000000c1300000, 0x00000000c1400000, 0x00000000c1400000|100%| O|Cm|TAMS 0x00000000c1300000| PB 0x00000000c1300000| Complete |  0
|  20|0x00000000c1400000, 0x00000000c1500000, 0x00000000c1500000|100%| O|Cm|TAMS 0x00000000c1400000| PB 0x00000000c1400000| Complete |  0
|  21|0x00000000c1500000, 0x00000000c1500000, 0x00000000c1600000|  0%| F|  |TAMS 0x00000000c1500000| PB 0x00000000c1500000| Untracked |  0
|  22|0x00000000c1600000, 0x00000000c1600000, 0x00000000c1700000|  0%| F|  |TAMS 0x00000000c1600000| PB 0x00000000c1600000| Untracked |  0
|  23|0x00000000c1700000, 0x00000000c1700000, 0x00000000c1800000|  0%| F|  |TAMS 0x00000000c1700000| PB 0x00000000c1700000| Untracked |  0
|  24|0x00000000c1800000, 0x00000000c1900000, 0x00000000c1900000|100%| O|  |TAMS 0x00000000c1800000| PB 0x00000000c1800000| Untracked |  0
|  25|0x00000000c1900000, 0x00000000c1a00000, 0x00000000c1a00000|100%| O|  |TAMS 0x00000000c1900000| PB 0x00000000c1900000| Untracked |  0
|  26|0x00000000c1a00000, 0x00000000c1b00000, 0x00000000c1b00000|100%| O|  |TAMS 0x00000000c1a00000| PB 0x00000000c1a00000| Untracked |  0
|  27|0x00000000c1b00000, 0x00000000c1c00000, 0x00000000c1c00000|100%| O|  |TAMS 0x00000000c1b00000| PB 0x00000000c1b00000| Untracked |  0
|  28|0x00000000c1c00000, 0x00000000c1d00000, 0x00000000c1d00000|100%| O|  |TAMS 0x00000000c1c00000| PB 0x00000000c1c00000| Untracked |  0
|  29|0x00000000c1d00000, 0x00000000c1e00000, 0x00000000c1e00000|100%| O|  |TAMS 0x00000000c1d00000| PB 0x00000000c1d00000| Untracked |  0
|  30|0x00000000c1e00000, 0x00000000c1f00000, 0x00000000c1f00000|100%| O|  |TAMS 0x00000000c1e00000| PB 0x00000000c1e00000| Untracked |  0
|  31|0x00000000c1f00000, 0x00000000c2000000, 0x00000000c2000000|100%| O|  |TAMS 0x00000000c1f00000| PB 0x00000000c1f00000| Untracked |  0
|  32|0x00000000c2000000, 0x00000000c203ab40, 0x00000000c2100000| 22%| O|  |TAMS 0x00000000c2000000| PB 0x00000000c2000000| Untracked |  0
|  33|0x00000000c2100000, 0x00000000c2100000, 0x00000000c2200000|  0%| F|  |TAMS 0x00000000c2100000| PB 0x00000000c2100000| Untracked |  0
|  34|0x00000000c2200000, 0x00000000c2200000, 0x00000000c2300000|  0%| F|  |TAMS 0x00000000c2200000| PB 0x00000000c2200000| Untracked |  0
|  35|0x00000000c2300000, 0x00000000c2389de0, 0x00000000c2400000| 53%| S|CS|TAMS 0x00000000c2300000| PB 0x00000000c2300000| Complete |  0
|  36|0x00000000c2400000, 0x00000000c2500000, 0x00000000c2500000|100%| S|CS|TAMS 0x00000000c2400000| PB 0x00000000c2400000| Complete |  0
|  37|0x00000000c2500000, 0x00000000c2600000, 0x00000000c2600000|100%| S|CS|TAMS 0x00000000c2500000| PB 0x00000000c2500000| Complete |  0
|  38|0x00000000c2600000, 0x00000000c2700000, 0x00000000c2700000|100%| S|CS|TAMS 0x00000000c2600000| PB 0x00000000c2600000| Complete |  0
|  39|0x00000000c2700000, 0x00000000c2800000, 0x00000000c2800000|100%| S|CS|TAMS 0x00000000c2700000| PB 0x00000000c2700000| Complete |  0
|  40|0x00000000c2800000, 0x00000000c2900000, 0x00000000c2900000|100%| S|CS|TAMS 0x00000000c2800000| PB 0x00000000c2800000| Complete |  0
|  41|0x00000000c2900000, 0x00000000c2a00000, 0x00000000c2a00000|100%| S|CS|TAMS 0x00000000c2900000| PB 0x00000000c2900000| Complete |  0
|  42|0x00000000c2a00000, 0x00000000c2b00000, 0x00000000c2b00000|100%| S|CS|TAMS 0x00000000c2a00000| PB 0x00000000c2a00000| Complete |  0
|  43|0x00000000c2b00000, 0x00000000c2c00000, 0x00000000c2c00000|100%| S|CS|TAMS 0x00000000c2b00000| PB 0x00000000c2b00000| Complete |  0
|  44|0x00000000c2c00000, 0x00000000c2c00000, 0x00000000c2d00000|  0%| F|  |TAMS 0x00000000c2c00000| PB 0x00000000c2c00000| Untracked |  0
|  45|0x00000000c2d00000, 0x00000000c2d00000, 0x00000000c2e00000|  0%| F|  |TAMS 0x00000000c2d00000| PB 0x00000000c2d00000| Untracked |  0
|  46|0x00000000c2e00000, 0x00000000c2e00000, 0x00000000c2f00000|  0%| F|  |TAMS 0x00000000c2e00000| PB 0x00000000c2e00000| Untracked |  0
|  47|0x00000000c2f00000, 0x00000000c2f00000, 0x00000000c3000000|  0%| F|  |TAMS 0x00000000c2f00000| PB 0x00000000c2f00000| Untracked |  0
|  48|0x00000000c3000000, 0x00000000c3000000, 0x00000000c3100000|  0%| F|  |TAMS 0x00000000c3000000| PB 0x00000000c3000000| Untracked |  0
|  49|0x00000000c3100000, 0x00000000c3100000, 0x00000000c3200000|  0%| F|  |TAMS 0x00000000c3100000| PB 0x00000000c3100000| Untracked |  0
|  50|0x00000000c3200000, 0x00000000c3200000, 0x00000000c3300000|  0%| F|  |TAMS 0x00000000c3200000| PB 0x00000000c3200000| Untracked |  0
|  51|0x00000000c3300000, 0x00000000c3300000, 0x00000000c3400000|  0%| F|  |TAMS 0x00000000c3300000| PB 0x00000000c3300000| Untracked |  0
|  52|0x00000000c3400000, 0x00000000c3400000, 0x00000000c3500000|  0%| F|  |TAMS 0x00000000c3400000| PB 0x00000000c3400000| Untracked |  0
|  53|0x00000000c3500000, 0x00000000c3500000, 0x00000000c3600000|  0%| F|  |TAMS 0x00000000c3500000| PB 0x00000000c3500000| Untracked |  0
|  54|0x00000000c3600000, 0x00000000c3700000, 0x00000000c3700000|100%| O|  |TAMS 0x00000000c3600000| PB 0x00000000c3600000| Untracked |  0
|  55|0x00000000c3700000, 0x00000000c3800000, 0x00000000c3800000|100%| O|  |TAMS 0x00000000c3700000| PB 0x00000000c3700000| Untracked |  0
|  56|0x00000000c3800000, 0x00000000c3900000, 0x00000000c3900000|100%| O|  |TAMS 0x00000000c3800000| PB 0x00000000c3800000| Untracked |  0
|  57|0x00000000c3900000, 0x00000000c3a00000, 0x00000000c3a00000|100%| O|  |TAMS 0x00000000c3900000| PB 0x00000000c3900000| Untracked |  0
|  58|0x00000000c3a00000, 0x00000000c3b00000, 0x00000000c3b00000|100%| O|  |TAMS 0x00000000c3a00000| PB 0x00000000c3a00000| Untracked |  0
|  59|0x00000000c3b00000, 0x00000000c3c00000, 0x00000000c3c00000|100%| O|  |TAMS 0x00000000c3b00000| PB 0x00000000c3b00000| Untracked |  0
|  60|0x00000000c3c00000, 0x00000000c3d00000, 0x00000000c3d00000|100%| O|  |TAMS 0x00000000c3c00000| PB 0x00000000c3c00000| Untracked |  0
|  61|0x00000000c3d00000, 0x00000000c3e00000, 0x00000000c3e00000|100%| O|  |TAMS 0x00000000c3d00000| PB 0x00000000c3d00000| Untracked |  0
|  62|0x00000000c3e00000, 0x00000000c3f00000, 0x00000000c3f00000|100%| O|  |TAMS 0x00000000c3e00000| PB 0x00000000c3e00000| Untracked |  0
|  63|0x00000000c3f00000, 0x00000000c3fb7378, 0x00000000c4000000| 71%| O|Cm|TAMS 0x00000000c3f00000| PB 0x00000000c3f00000| Complete |  0
|  64|0x00000000c4000000, 0x00000000c4000000, 0x00000000c4100000|  0%| F|  |TAMS 0x00000000c4000000| PB 0x00000000c4000000| Untracked |  0
|  65|0x00000000c4100000, 0x00000000c4100000, 0x00000000c4200000|  0%| F|  |TAMS 0x00000000c4100000| PB 0x00000000c4100000| Untracked |  0
|  66|0x00000000c4200000, 0x00000000c4200000, 0x00000000c4300000|  0%| F|  |TAMS 0x00000000c4200000| PB 0x00000000c4200000| Untracked |  0
|  67|0x00000000c4300000, 0x00000000c4300000, 0x00000000c4400000|  0%| F|  |TAMS 0x00000000c4300000| PB 0x00000000c4300000| Untracked |  0
|  68|0x00000000c4400000, 0x00000000c4400000, 0x00000000c4500000|  0%| F|  |TAMS 0x00000000c4400000| PB 0x00000000c4400000| Untracked |  0
|  69|0x00000000c4500000, 0x00000000c4500000, 0x00000000c4600000|  0%| F|  |TAMS 0x00000000c4500000| PB 0x00000000c4500000| Untracked |  0
|  70|0x00000000c4600000, 0x00000000c4600000, 0x00000000c4700000|  0%| F|  |TAMS 0x00000000c4600000| PB 0x00000000c4600000| Untracked |  0
|  71|0x00000000c4700000, 0x00000000c4700000, 0x00000000c4800000|  0%| F|  |TAMS 0x00000000c4700000| PB 0x00000000c4700000| Untracked |  0
|  72|0x00000000c4800000, 0x00000000c4800000, 0x00000000c4900000|  0%| F|  |TAMS 0x00000000c4800000| PB 0x00000000c4800000| Untracked |  0
|  73|0x00000000c4900000, 0x00000000c4900000, 0x00000000c4a00000|  0%| F|  |TAMS 0x00000000c4900000| PB 0x00000000c4900000| Untracked |  0
|  74|0x00000000c4a00000, 0x00000000c4a00000, 0x00000000c4b00000|  0%| F|  |TAMS 0x00000000c4a00000| PB 0x00000000c4a00000| Untracked |  0
|  75|0x00000000c4b00000, 0x00000000c4b00000, 0x00000000c4c00000|  0%| F|  |TAMS 0x00000000c4b00000| PB 0x00000000c4b00000| Untracked |  0
|  76|0x00000000c4c00000, 0x00000000c4c00000, 0x00000000c4d00000|  0%| F|  |TAMS 0x00000000c4c00000| PB 0x00000000c4c00000| Untracked |  0
|  77|0x00000000c4d00000, 0x00000000c4d00000, 0x00000000c4e00000|  0%| F|  |TAMS 0x00000000c4d00000| PB 0x00000000c4d00000| Untracked |  0
|  78|0x00000000c4e00000, 0x00000000c4e00000, 0x00000000c4f00000|  0%| F|  |TAMS 0x00000000c4e00000| PB 0x00000000c4e00000| Untracked |  0
|  79|0x00000000c4f00000, 0x00000000c4f00000, 0x00000000c5000000|  0%| F|  |TAMS 0x00000000c4f00000| PB 0x00000000c4f00000| Untracked |  0
|  80|0x00000000c5000000, 0x00000000c5000000, 0x00000000c5100000|  0%| F|  |TAMS 0x00000000c5000000| PB 0x00000000c5000000| Untracked |  0
|  81|0x00000000c5100000, 0x00000000c5100000, 0x00000000c5200000|  0%| F|  |TAMS 0x00000000c5100000| PB 0x00000000c5100000| Untracked |  0
|  82|0x00000000c5200000, 0x00000000c5200000, 0x00000000c5300000|  0%| F|  |TAMS 0x00000000c5200000| PB 0x00000000c5200000| Untracked |  0
|  83|0x00000000c5300000, 0x00000000c5300000, 0x00000000c5400000|  0%| F|  |TAMS 0x00000000c5300000| PB 0x00000000c5300000| Untracked |  0
|  84|0x00000000c5400000, 0x00000000c5400000, 0x00000000c5500000|  0%| F|  |TAMS 0x00000000c5400000| PB 0x00000000c5400000| Untracked |  0
|  85|0x00000000c5500000, 0x00000000c5500000, 0x00000000c5600000|  0%| F|  |TAMS 0x00000000c5500000| PB 0x00000000c5500000| Untracked |  0
|  86|0x00000000c5600000, 0x00000000c5600000, 0x00000000c5700000|  0%| F|  |TAMS 0x00000000c5600000| PB 0x00000000c5600000| Untracked |  0
|  87|0x00000000c5700000, 0x00000000c5700000, 0x00000000c5800000|  0%| F|  |TAMS 0x00000000c5700000| PB 0x00000000c5700000| Untracked |  0
|  88|0x00000000c5800000, 0x00000000c5800000, 0x00000000c5900000|  0%| F|  |TAMS 0x00000000c5800000| PB 0x00000000c5800000| Untracked |  0
|  89|0x00000000c5900000, 0x00000000c5900000, 0x00000000c5a00000|  0%| F|  |TAMS 0x00000000c5900000| PB 0x00000000c5900000| Untracked |  0
|  90|0x00000000c5a00000, 0x00000000c5a00000, 0x00000000c5b00000|  0%| F|  |TAMS 0x00000000c5a00000| PB 0x00000000c5a00000| Untracked |  0
|  91|0x00000000c5b00000, 0x00000000c5b00000, 0x00000000c5c00000|  0%| F|  |TAMS 0x00000000c5b00000| PB 0x00000000c5b00000| Untracked |  0
|  92|0x00000000c5c00000, 0x00000000c5c00000, 0x00000000c5d00000|  0%| F|  |TAMS 0x00000000c5c00000| PB 0x00000000c5c00000| Untracked |  0
|  93|0x00000000c5d00000, 0x00000000c5d00000, 0x00000000c5e00000|  0%| F|  |TAMS 0x00000000c5d00000| PB 0x00000000c5d00000| Untracked |  0
|  94|0x00000000c5e00000, 0x00000000c5e00000, 0x00000000c5f00000|  0%| F|  |TAMS 0x00000000c5e00000| PB 0x00000000c5e00000| Untracked |  0
|  95|0x00000000c5f00000, 0x00000000c5f00000, 0x00000000c6000000|  0%| F|  |TAMS 0x00000000c5f00000| PB 0x00000000c5f00000| Untracked |  0
|  96|0x00000000c6000000, 0x00000000c6000000, 0x00000000c6100000|  0%| F|  |TAMS 0x00000000c6000000| PB 0x00000000c6000000| Untracked |  0
|  97|0x00000000c6100000, 0x00000000c6100000, 0x00000000c6200000|  0%| F|  |TAMS 0x00000000c6100000| PB 0x00000000c6100000| Untracked |  0
|  98|0x00000000c6200000, 0x00000000c6200000, 0x00000000c6300000|  0%| F|  |TAMS 0x00000000c6200000| PB 0x00000000c6200000| Untracked |  0
|  99|0x00000000c6300000, 0x00000000c6300000, 0x00000000c6400000|  0%| F|  |TAMS 0x00000000c6300000| PB 0x00000000c6300000| Untracked |  0
| 100|0x00000000c6400000, 0x00000000c6400000, 0x00000000c6500000|  0%| F|  |TAMS 0x00000000c6400000| PB 0x00000000c6400000| Untracked |  0
| 101|0x00000000c6500000, 0x00000000c6500000, 0x00000000c6600000|  0%| F|  |TAMS 0x00000000c6500000| PB 0x00000000c6500000| Untracked |  0
| 102|0x00000000c6600000, 0x00000000c6600000, 0x00000000c6700000|  0%| F|  |TAMS 0x00000000c6600000| PB 0x00000000c6600000| Untracked |  0
| 103|0x00000000c6700000, 0x00000000c6700000, 0x00000000c6800000|  0%| F|  |TAMS 0x00000000c6700000| PB 0x00000000c6700000| Untracked |  0
| 104|0x00000000c6800000, 0x00000000c6800000, 0x00000000c6900000|  0%| F|  |TAMS 0x00000000c6800000| PB 0x00000000c6800000| Untracked |  0
| 105|0x00000000c6900000, 0x00000000c6900000, 0x00000000c6a00000|  0%| F|  |TAMS 0x00000000c6900000| PB 0x00000000c6900000| Untracked |  0
| 106|0x00000000c6a00000, 0x00000000c6a00000, 0x00000000c6b00000|  0%| F|  |TAMS 0x00000000c6a00000| PB 0x00000000c6a00000| Untracked |  0
| 107|0x00000000c6b00000, 0x00000000c6b00000, 0x00000000c6c00000|  0%| F|  |TAMS 0x00000000c6b00000| PB 0x00000000c6b00000| Untracked |  0
| 108|0x00000000c6c00000, 0x00000000c6c00000, 0x00000000c6d00000|  0%| F|  |TAMS 0x00000000c6c00000| PB 0x00000000c6c00000| Untracked |  0
| 109|0x00000000c6d00000, 0x00000000c6d00000, 0x00000000c6e00000|  0%| F|  |TAMS 0x00000000c6d00000| PB 0x00000000c6d00000| Untracked |  0
| 110|0x00000000c6e00000, 0x00000000c6e00000, 0x00000000c6f00000|  0%| F|  |TAMS 0x00000000c6e00000| PB 0x00000000c6e00000| Untracked |  0
| 111|0x00000000c6f00000, 0x00000000c6f00000, 0x00000000c7000000|  0%| F|  |TAMS 0x00000000c6f00000| PB 0x00000000c6f00000| Untracked |  0
| 112|0x00000000c7000000, 0x00000000c7000000, 0x00000000c7100000|  0%| F|  |TAMS 0x00000000c7000000| PB 0x00000000c7000000| Untracked |  0
| 113|0x00000000c7100000, 0x00000000c7200000, 0x00000000c7200000|100%| E|  |TAMS 0x00000000c7100000| PB 0x00000000c7100000| Complete |  0
| 114|0x00000000c7200000, 0x00000000c7300000, 0x00000000c7300000|100%| E|CS|TAMS 0x00000000c7200000| PB 0x00000000c7200000| Complete |  0
| 115|0x00000000c7300000, 0x00000000c7400000, 0x00000000c7400000|100%| E|CS|TAMS 0x00000000c7300000| PB 0x00000000c7300000| Complete |  0
| 116|0x00000000c7400000, 0x00000000c7500000, 0x00000000c7500000|100%| E|CS|TAMS 0x00000000c7400000| PB 0x00000000c7400000| Complete |  0
| 117|0x00000000c7500000, 0x00000000c7600000, 0x00000000c7600000|100%| E|CS|TAMS 0x00000000c7500000| PB 0x00000000c7500000| Complete |  0
| 118|0x00000000c7600000, 0x00000000c7700000, 0x00000000c7700000|100%| E|CS|TAMS 0x00000000c7600000| PB 0x00000000c7600000| Complete |  0
| 119|0x00000000c7700000, 0x00000000c7800000, 0x00000000c7800000|100%| E|CS|TAMS 0x00000000c7700000| PB 0x00000000c7700000| Complete |  0
| 120|0x00000000c7800000, 0x00000000c7900000, 0x00000000c7900000|100%| E|CS|TAMS 0x00000000c7800000| PB 0x00000000c7800000| Complete |  0
| 121|0x00000000c7900000, 0x00000000c7a00000, 0x00000000c7a00000|100%| E|CS|TAMS 0x00000000c7900000| PB 0x00000000c7900000| Complete |  0
| 122|0x00000000c7a00000, 0x00000000c7b00000, 0x00000000c7b00000|100%| E|CS|TAMS 0x00000000c7a00000| PB 0x00000000c7a00000| Complete |  0
| 123|0x00000000c7b00000, 0x00000000c7c00000, 0x00000000c7c00000|100%| E|CS|TAMS 0x00000000c7b00000| PB 0x00000000c7b00000| Complete |  0
| 124|0x00000000c7c00000, 0x00000000c7d00000, 0x00000000c7d00000|100%| E|CS|TAMS 0x00000000c7c00000| PB 0x00000000c7c00000| Complete |  0
| 125|0x00000000c7d00000, 0x00000000c7e00000, 0x00000000c7e00000|100%| E|CS|TAMS 0x00000000c7d00000| PB 0x00000000c7d00000| Complete |  0
| 126|0x00000000c7e00000, 0x00000000c7f00000, 0x00000000c7f00000|100%| E|CS|TAMS 0x00000000c7e00000| PB 0x00000000c7e00000| Complete |  0
| 127|0x00000000c7f00000, 0x00000000c8000000, 0x00000000c8000000|100%| E|CS|TAMS 0x00000000c7f00000| PB 0x00000000c7f00000| Complete |  0
| 128|0x00000000c8000000, 0x00000000c8100000, 0x00000000c8100000|100%| E|CS|TAMS 0x00000000c8000000| PB 0x00000000c8000000| Complete |  0
| 129|0x00000000c8100000, 0x00000000c8200000, 0x00000000c8200000|100%| E|CS|TAMS 0x00000000c8100000| PB 0x00000000c8100000| Complete |  0
| 130|0x00000000c8200000, 0x00000000c8300000, 0x00000000c8300000|100%| E|CS|TAMS 0x00000000c8200000| PB 0x00000000c8200000| Complete |  0
| 131|0x00000000c8300000, 0x00000000c8400000, 0x00000000c8400000|100%| E|CS|TAMS 0x00000000c8300000| PB 0x00000000c8300000| Complete |  0
| 132|0x00000000c8400000, 0x00000000c8500000, 0x00000000c8500000|100%| E|CS|TAMS 0x00000000c8400000| PB 0x00000000c8400000| Complete |  0
| 195|0x00000000cc300000, 0x00000000cc400000, 0x00000000cc400000|100%| E|CS|TAMS 0x00000000cc300000| PB 0x00000000cc300000| Complete |  0

Card table byte_map: [0x000077fed0e00000,0x000077fed1000000] _byte_map_base: 0x000077fed0800000

Marking Bits: (CMBitMap*) 0x000077fecc072810
 Bits: [0x000077feb7e00000, 0x000077feb8e00000)

Polling page: 0x000077fed3b52000

Metaspace:
Metaspace        used 59106K, committed 60608K, reserved 1114112K
 class space     used 7118K, committed 7680K, reserved 1048576K

Usage:
  Non-class:     50.77 MB used.
      Class:      6.95 MB used.
       Both:     57.72 MB used.

Virtual space:
  Non-class space:       64.00 MB reserved,      51.69 MB ( 81%) committed,  1 nodes.
      Class space:        1.00 GB reserved,       7.50 MB ( <1%) committed,  1 nodes.
             Both:        1.06 GB reserved,      59.19 MB (  5%) committed. 

Chunk freelists:
   Non-Class:  11.58 MB
       Class:  8.45 MB
        Both:  20.02 MB

MaxMetaspaceSize: unlimited
CompressedClassSpaceSize: 1.00 GB
Initial GC threshold: 21.00 MB
Current GC threshold: 81.50 MB
CDS: off
 - commit_granule_bytes: 65536.
 - commit_granule_words: 8192.
 - virtual_space_node_default_size: 8388608.
 - enlarge_chunks_in_place: 1.
UseCompressedClassPointers 1, UseCompactObjectHeaders 0
Narrow klass pointer bits 32, Max shift 3
Narrow klass base: 0x0000000000000000, Narrow klass shift: 0
Encoding Range: [0x0000000000000000 - 0x0000000100000000), (4294967296 bytes)
Klass Range:    [0x000000005d000000 - 0x000000009d000000), (1073741824 bytes)
Klass ID Range:  [1560281088 - 2634022905) (1073741817)
No protection zone.


Internal statistics:

num_allocs_failed_limit: 6.
num_arena_births: 684.
num_arena_deaths: 0.
num_vsnodes_births: 2.
num_vsnodes_deaths: 0.
num_space_committed: 947.
num_space_uncommitted: 0.
num_chunks_returned_to_freelist: 6.
num_chunks_taken_from_freelist: 2976.
num_chunk_merges: 3.
num_chunk_splits: 1875.
num_chunks_enlarged: 1155.
num_inconsistent_stats: 0.

CodeHeap 'non-profiled nmethods': size=120032Kb used=3278Kb max_used=3278Kb free=116753Kb
 bounds [0x000077fec0961000, 0x000077fec0ca1000, 0x000077fec7e99000]
CodeHeap 'profiled nmethods': size=120032Kb used=9967Kb max_used=9967Kb free=110064Kb
 bounds [0x000077feb8e97000, 0x000077feb9857000, 0x000077fec03cf000]
CodeHeap 'non-nmethods': size=5704Kb used=1922Kb max_used=2075Kb free=3781Kb
 bounds [0x000077fec03cf000, 0x000077fec063f000, 0x000077fec0961000]
CodeCache: size=245768Kb, used=15167Kb, max_used=15320Kb, free=230598Kb
 total_blobs=7662, nmethods=6737, adapters=828, full_count=0
Compilation: enabled, stopped_count=0, restarted_count=0

Compilation events (20 events):
Event: 8.695 Thread 0x000077fecc15bb60 7532       3       java.util.stream.ForEachOps$ForEachOp::evaluateSequential (13 bytes)
Event: 8.695 Thread 0x000077fecc15bb60 nmethod 7532 0x000077feb984fd88 code [0x000077feb984fe80, 0x000077feb98501d8]
Event: 8.695 Thread 0x000077fecc15bb60 7529       1       java.util.Spliterators$IteratorSpliterator::characteristics (5 bytes)
Event: 8.695 Thread 0x000077fecc15bb60 nmethod 7529 0x000077fec0c94508 code [0x000077fec0c94600, 0x000077fec0c946c0]
Event: 9.191 Thread 0x000077fecc15bb60 7533       3       org.eclipse.swt.widgets.Event::<init> (10 bytes)
Event: 9.191 Thread 0x000077fecc15bb60 nmethod 7533 0x000077feb9850208 code [0x000077feb9850300, 0x000077feb9850460]
Event: 9.191 Thread 0x000077fecc15bb60 7534   !   3       org.eclipse.swt.widgets.Display::filterEvent (43 bytes)
Event: 9.192 Thread 0x000077fecc15bb60 nmethod 7534 0x000077feb9850508 code [0x000077feb9850600, 0x000077feb9850c20]
Event: 9.192 Thread 0x000077fecc15bb60 7535   !   3       org.eclipse.swt.widgets.Display::sendEvent (34 bytes)
Event: 9.192 Thread 0x000077fecc15bb60 nmethod 7535 0x000077feb9850c88 code [0x000077feb9850d80, 0x000077feb98513b8]
Event: 9.192 Thread 0x000077fecc15bb60 7536       3       org.eclipse.swt.widgets.Scrollable::gtk_draw (208 bytes)
Event: 9.192 Thread 0x000077fecc15bb60 nmethod 7536 0x000077feb9851408 code [0x000077feb9851500, 0x000077feb9851f18]
Event: 9.324 Thread 0x000077fecc15bb60 7537       3       org.eclipse.swt.widgets.Control::containedInRegion (28 bytes)
Event: 9.324 Thread 0x000077fecc15bb60 nmethod 7537 0x000077feb9851f88 code [0x000077feb9852080, 0x000077feb9852250]
Event: 9.325 Thread 0x000077fecc15bb60 7538       3       org.eclipse.swt.widgets.Button::windowProc (45 bytes)
Event: 9.325 Thread 0x000077fecc15bb60 nmethod 7538 0x000077feb9852288 code [0x000077feb9852380, 0x000077feb9852678]
Event: 9.575 Thread 0x000077fecc15bb60 7539       3       org.eclipse.swt.widgets.Composite::gtk_draw (106 bytes)
Event: 9.576 Thread 0x000077fecc15bb60 nmethod 7539 0x000077feb9852688 code [0x000077feb9852780, 0x000077feb9852cc0]
Event: 9.846 Thread 0x000077fecc15a240 7540       4       java.util.stream.AbstractPipeline::wrapSink (37 bytes)
Event: 9.849 Thread 0x000077fecc15a240 nmethod 7540 0x000077fec0c94808 code [0x000077fec0c94900, 0x000077fec0c94a28]

GC Heap Usage History (20 events):
Event: 1.114 {heap Before GC invocations=4 (full 0):
 garbage-first heap   total reserved 1048576K, committed 65536K, used 43008K [0x00000000c0000000, 0x0000000100000000)
  region size 1024K, 24 young (24576K), 5 survivors (5120K)
}
Event: 1.127 {heap After GC invocations=5 (full 0):
 garbage-first heap   total reserved 1048576K, committed 65536K, used 39936K [0x00000000c0000000, 0x0000000100000000)
  region size 1024K, 3 young (3072K), 3 survivors (3072K)
}
Event: 1.150 {heap Before GC invocations=5 (full 0):
 garbage-first heap   total reserved 1048576K, committed 65536K, used 49152K [0x00000000c0000000, 0x0000000100000000)
  region size 1024K, 13 young (13312K), 3 survivors (3072K)
}
Event: 1.155 {heap After GC invocations=6 (full 0):
 garbage-first heap   total reserved 1048576K, committed 131072K, used 46080K [0x00000000c0000000, 0x0000000100000000)
  region size 1024K, 2 young (2048K), 2 survivors (2048K)
}
Event: 1.249 {heap Before GC invocations=7 (full 0):
 garbage-first heap   total reserved 1048576K, committed 131072K, used 80896K [0x00000000c0000000, 0x0000000100000000)
  region size 1024K, 36 young (36864K), 2 survivors (2048K)
}
Event: 1.257 {heap After GC invocations=8 (full 0):
 garbage-first heap   total reserved 1048576K, committed 131072K, used 54106K [0x00000000c0000000, 0x0000000100000000)
  region size 1024K, 5 young (5120K), 5 survivors (5120K)
}
Event: 1.574 {heap Before GC invocations=8 (full 0):
 garbage-first heap   total reserved 1048576K, committed 131072K, used 87898K [0x00000000c0000000, 0x0000000100000000)
  region size 1024K, 38 young (38912K), 5 survivors (5120K)
}
Event: 1.582 {heap After GC invocations=9 (full 0):
 garbage-first heap   total reserved 1048576K, committed 131072K, used 59655K [0x00000000c0000000, 0x0000000100000000)
  region size 1024K, 5 young (5120K), 5 survivors (5120K)
}
Event: 1.943 {heap Before GC invocations=9 (full 0):
 garbage-first heap   total reserved 1048576K, committed 131072K, used 92423K [0x00000000c0000000, 0x0000000100000000)
  region size 1024K, 38 young (38912K), 5 survivors (5120K)
}
Event: 1.955 {heap After GC invocations=10 (full 0):
 garbage-first heap   total reserved 1048576K, committed 131072K, used 65536K [0x00000000c0000000, 0x0000000100000000)
  region size 1024K, 5 young (5120K), 5 survivors (5120K)
}
Event: 2.390 {heap Before GC invocations=10 (full 0):
 garbage-first heap   total reserved 1048576K, committed 131072K, used 86016K [0x00000000c0000000, 0x0000000100000000)
  region size 1024K, 27 young (27648K), 5 survivors (5120K)
}
Event: 2.397 {heap After GC invocations=11 (full 0):
 garbage-first heap   total reserved 1048576K, committed 131072K, used 70114K [0x00000000c0000000, 0x0000000100000000)
  region size 1024K, 5 young (5120K), 5 survivors (5120K)
}
Event: 2.643 {heap Before GC invocations=12 (full 0):
 garbage-first heap   total reserved 1048576K, committed 126976K, used 70114K [0x00000000c0000000, 0x0000000100000000)
  region size 1024K, 36 young (36864K), 5 survivors (5120K)
}
Event: 2.647 {heap After GC invocations=13 (full 0):
 garbage-first heap   total reserved 1048576K, committed 126976K, used 40371K [0x00000000c0000000, 0x0000000100000000)
  region size 1024K, 3 young (3072K), 3 survivors (3072K)
}
Event: 2.698 {heap Before GC invocations=13 (full 0):
 garbage-first heap   total reserved 1048576K, committed 126976K, used 87475K [0x00000000c0000000, 0x0000000100000000)
  region size 1024K, 49 young (50176K), 3 survivors (3072K)
}
Event: 2.701 {heap After GC invocations=14 (full 0):
 garbage-first heap   total reserved 1048576K, committed 200704K, used 31515K [0x00000000c0000000, 0x0000000100000000)
  region size 1024K, 3 young (3072K), 3 survivors (3072K)
}
Event: 3.853 {heap Before GC invocations=14 (full 0):
 garbage-first heap   total reserved 1048576K, committed 200704K, used 107291K [0x00000000c0000000, 0x0000000100000000)
  region size 1024K, 73 young (74752K), 3 survivors (3072K)
}
Event: 3.859 {heap After GC invocations=15 (full 0):
 garbage-first heap   total reserved 1048576K, committed 200704K, used 39835K [0x00000000c0000000, 0x0000000100000000)
  region size 1024K, 10 young (10240K), 10 survivors (10240K)
}
Event: 7.020 {heap Before GC invocations=16 (full 0):
 garbage-first heap   total reserved 1048576K, committed 137216K, used 115611K [0x00000000c0000000, 0x0000000100000000)
  region size 1024K, 80 young (81920K), 10 survivors (10240K)
}
Event: 7.034 {heap After GC invocations=17 (full 0):
 garbage-first heap   total reserved 1048576K, committed 137216K, used 46452K [0x00000000c0000000, 0x0000000100000000)
  region size 1024K, 9 young (9216K), 9 survivors (9216K)
}

Metaspace Usage History (20 events):
Event: 1.114 {metaspace Before GC invocations=4 (full 0):
 Metaspace       used 17573K, committed 17792K, reserved 1114112K
  class space    used 1735K, committed 1856K, reserved 1048576K
}
Event: 1.127 {metaspace After GC invocations=5 (full 0):
 Metaspace       used 17573K, committed 17792K, reserved 1114112K
  class space    used 1735K, committed 1856K, reserved 1048576K
}
Event: 1.150 {metaspace Before GC invocations=5 (full 0):
 Metaspace       used 17594K, committed 17792K, reserved 1114112K
  class space    used 1735K, committed 1856K, reserved 1048576K
}
Event: 1.155 {metaspace After GC invocations=6 (full 0):
 Metaspace       used 17594K, committed 17792K, reserved 1114112K
  class space    used 1735K, committed 1856K, reserved 1048576K
}
Event: 1.249 {metaspace Before GC invocations=7 (full 0):
 Metaspace       used 17597K, committed 17792K, reserved 1114112K
  class space    used 1735K, committed 1856K, reserved 1048576K
}
Event: 1.257 {metaspace After GC invocations=8 (full 0):
 Metaspace       used 17597K, committed 17792K, reserved 1114112K
  class space    used 1735K, committed 1856K, reserved 1048576K
}
Event: 1.574 {metaspace Before GC invocations=8 (full 0):
 Metaspace       used 20567K, committed 20864K, reserved 1114112K
  class space    used 2066K, committed 2176K, reserved 1048576K
}
Event: 1.582 {metaspace After GC invocations=9 (full 0):
 Metaspace       used 20567K, committed 20864K, reserved 1114112K
  class space    used 2066K, committed 2176K, reserved 1048576K
}
Event: 1.943 {metaspace Before GC invocations=9 (full 0):
 Metaspace       used 21671K, committed 21952K, reserved 1114112K
  class space    used 2175K, committed 2304K, reserved 1048576K
}
Event: 1.955 {metaspace After GC invocations=10 (full 0):
 Metaspace       used 21671K, committed 21952K, reserved 1114112K
  class space    used 2175K, committed 2304K, reserved 1048576K
}
Event: 2.390 {metaspace Before GC invocations=10 (full 0):
 Metaspace       used 29012K, committed 29696K, reserved 1114112K
  class space    used 3003K, committed 3328K, reserved 1048576K
}
Event: 2.397 {metaspace After GC invocations=11 (full 0):
 Metaspace       used 29012K, committed 29696K, reserved 1114112K
  class space    used 3003K, committed 3328K, reserved 1048576K
}
Event: 2.643 {metaspace Before GC invocations=12 (full 0):
 Metaspace       used 33224K, committed 33984K, reserved 1114112K
  class space    used 3565K, committed 3904K, reserved 1048576K
}
Event: 2.647 {metaspace After GC invocations=13 (full 0):
 Metaspace       used 33224K, committed 33984K, reserved 1114112K
  class space    used 3565K, committed 3904K, reserved 1048576K
}
Event: 2.698 {metaspace Before GC invocations=13 (full 0):
 Metaspace       used 33404K, committed 34112K, reserved 1114112K
  class space    used 3586K, committed 3904K, reserved 1048576K
}
Event: 2.701 {metaspace After GC invocations=14 (full 0):
 Metaspace       used 33404K, committed 34112K, reserved 1114112K
  class space    used 3586K, committed 3904K, reserved 1048576K
}
Event: 3.853 {metaspace Before GC invocations=14 (full 0):
 Metaspace       used 48643K, committed 49856K, reserved 1114112K
  class space    used 5646K, committed 6208K, reserved 1048576K
}
Event: 3.859 {metaspace After GC invocations=15 (full 0):
 Metaspace       used 48643K, committed 49856K, reserved 1114112K
  class space    used 5646K, committed 6208K, reserved 1048576K
}
Event: 7.020 {metaspace Before GC invocations=16 (full 0):
 Metaspace       used 59067K, committed 60544K, reserved 1114112K
  class space    used 7114K, committed 7680K, reserved 1048576K
}
Event: 7.034 {metaspace After GC invocations=17 (full 0):
 Metaspace       used 59067K, committed 60544K, reserved 1114112K
  class space    used 7114K, committed 7680K, reserved 1048576K
}

Dll operation events (18 events):
Event: 0.003 Loaded shared library /snap/dbeaver-ce/543/usr/share/dbeaver-ce/jre/lib/libjava.so
Event: 0.046 Loaded shared library /snap/dbeaver-ce/543/usr/share/dbeaver-ce/jre/lib/libsimdsort.so
Event: 0.108 Loaded shared library /snap/dbeaver-ce/543/usr/share/dbeaver-ce/jre/lib/libnio.so
Event: 0.113 Loaded shared library /snap/dbeaver-ce/543/usr/share/dbeaver-ce/jre/lib/libzip.so
Event: 0.134 Loaded shared library /snap/dbeaver-ce/543/usr/share/dbeaver-ce/jre/lib/libnet.so
Event: 0.159 Loaded shared library /snap/dbeaver-ce/543/usr/share/dbeaver-ce/jre/lib/libjimage.so
Event: 0.223 Loaded shared library /snap/dbeaver-ce/543/usr/share/dbeaver-ce/plugins/org.eclipse.equinox.launcher.gtk.linux.x86_64_1.2.1500.v20250801-0854/eclipse_11916.so
Event: 2.249 Loaded shared library /snap/dbeaver-ce/543/usr/share/dbeaver-ce/jre/lib/libverify.so
Event: 2.272 Loaded shared library /home/konstantin/snap/dbeaver-ce/543/.local/share/DBeaverData/install-data/org.jkiss.dbeaver.product/26.1.5-202608181400/org.eclipse.osgi/152/0/.cp/libswt-gtk-4973r12.so
Event: 2.273 Loaded shared library /home/konstantin/snap/dbeaver-ce/543/.local/share/DBeaverData/install-data/org.jkiss.dbeaver.product/26.1.5-202608181400/org.eclipse.osgi/152/0/.cp/libswt-pi3-gtk-4973r12.so
Event: 2.346 Loaded shared library /snap/dbeaver-ce/543/usr/share/dbeaver-ce/jre/lib/libawt.so
Event: 2.347 Loaded shared library /snap/dbeaver-ce/543/usr/share/dbeaver-ce/jre/lib/libawt_xawt.so
Event: 2.363 Loaded shared library /snap/dbeaver-ce/543/usr/share/dbeaver-ce/jre/lib/libfontmanager.so
Event: 2.915 Loaded shared library /snap/dbeaver-ce/543/usr/share/dbeaver-ce/jre/lib/libjaas.so
Event: 2.948 Loaded shared library /home/konstantin/snap/dbeaver-ce/543/.local/share/DBeaverData/install-data/org.jkiss.dbeaver.product/26.1.5-202608181400/org.eclipse.osgi/49/0/.cp/os/linux/x86_64/libunixfile_1_0_0.so
Event: 3.038 Loaded shared library /home/konstantin/snap/dbeaver-ce/543/.local/share/DBeaverData/install-data/org.jkiss.dbeaver.product/26.1.5-202608181400/org.eclipse.osgi/152/0/.cp/libswt-cairo-gtk-4973r12.so
Event: 3.141 Loaded shared library /snap/dbeaver-ce/543/usr/share/dbeaver-ce/jre/lib/libextnet.so
Event: 3.680 Loaded shared library /home/konstantin/snap/dbeaver-ce/543/.local/share/DBeaverData/install-data/org.jkiss.dbeaver.product/26.1.5-202608181400/org.eclipse.osgi/152/0/.cp/libswt-atk-gtk-4973r12.so

Deoptimization events (20 events):
Event: 5.440 Thread 0x000077fecc02e730 DEOPT PACKING pc=0x000077fec0c81b00 sp=0x000077fed3b2dd40
Event: 5.440 Thread 0x000077fecc02e730 DEOPT UNPACKING pc=0x000077fec04eec79 sp=0x000077fed3b2dd38 mode 2
Event: 5.741 Thread 0x000077fecc02e730 Uncommon trap: trap_request=0xffffff45 fr.pc=0x000077fec0c81d10 relative=0x0000000000000c10
Event: 5.741 Thread 0x000077fecc02e730 Uncommon trap: reason=unstable_if action=reinterpret pc=0x000077fec0c81d10 method=org.eclipse.swt.widgets.Synchronizer.addLast(Lorg/eclipse/swt/widgets/RunnableLock;)V @ 17 c2
Event: 5.741 Thread 0x000077fecc02e730 DEOPT PACKING pc=0x000077fec0c81d10 sp=0x000077fed3b2dde0
Event: 5.741 Thread 0x000077fecc02e730 DEOPT UNPACKING pc=0x000077fec04eec79 sp=0x000077fed3b2da80 mode 2
Event: 5.741 Thread 0x000077fecc02e730 Uncommon trap: trap_request=0xffffff45 fr.pc=0x000077fec0c85ce8 relative=0x00000000000003e8
Event: 5.741 Thread 0x000077fecc02e730 Uncommon trap: reason=unstable_if action=reinterpret pc=0x000077fec0c85ce8 method=org.eclipse.swt.widgets.Synchronizer.addLast(Lorg/eclipse/swt/widgets/RunnableLock;)V @ 17 c2
Event: 5.741 Thread 0x000077fecc02e730 DEOPT PACKING pc=0x000077fec0c85ce8 sp=0x000077fed3b2dc30
Event: 5.741 Thread 0x000077fecc02e730 DEOPT UNPACKING pc=0x000077fec04eec79 sp=0x000077fed3b2dba0 mode 2
Event: 5.983 Thread 0x000077fecc02e730 DEOPT PACKING pc=0x000077feb983ee86 sp=0x000077fed3b2dea0
Event: 5.983 Thread 0x000077fecc02e730 DEOPT UNPACKING pc=0x000077fec041ffef sp=0x000077fed3b2d3e0 mode 0
Event: 6.042 Thread 0x000077fecc02e730 Uncommon trap: trap_request=0xffffff45 fr.pc=0x000077fec0c8aae4 relative=0x0000000000000b64
Event: 6.042 Thread 0x000077fecc02e730 Uncommon trap: reason=unstable_if action=reinterpret pc=0x000077fec0c8aae4 method=org.eclipse.swt.widgets.Synchronizer.addLast(Lorg/eclipse/swt/widgets/RunnableLock;)V @ 17 c2
Event: 6.042 Thread 0x000077fecc02e730 DEOPT PACKING pc=0x000077fec0c8aae4 sp=0x000077fed3b2de50
Event: 6.042 Thread 0x000077fecc02e730 DEOPT UNPACKING pc=0x000077fec04eec79 sp=0x000077fed3b2dbb0 mode 2
Event: 8.332 Thread 0x000077fecc02e730 Uncommon trap: trap_request=0xffffffc6 fr.pc=0x000077fec0c8dc70 relative=0x00000000000000f0
Event: 8.332 Thread 0x000077fecc02e730 Uncommon trap: reason=bimorphic_or_optimized_type_check action=maybe_recompile pc=0x000077fec0c8dc70 method=org.eclipse.swt.widgets.RunnableLock.run(Lorg/eclipse/swt/widgets/Display;)V @ 11 c2
Event: 8.332 Thread 0x000077fecc02e730 DEOPT PACKING pc=0x000077fec0c8dc70 sp=0x000077fed3b2deb0
Event: 8.332 Thread 0x000077fecc02e730 DEOPT UNPACKING pc=0x000077fec04eec79 sp=0x000077fed3b2de68 mode 2

Classes loaded (20 events):
Event: 4.661 Loading class java/util/stream/ReduceOps$6ReducingSink
Event: 4.661 Loading class java/util/stream/Sink$OfInt
Event: 4.661 Loading class java/util/function/IntConsumer
Event: 4.661 Loading class java/util/function/IntConsumer done
Event: 4.661 Loading class java/util/stream/Sink$OfInt done
Event: 4.661 Loading class java/util/stream/ReduceOps$6ReducingSink done
Event: 4.661 Loading class java/util/stream/ReferencePipeline$4$1
Event: 4.661 Loading class java/util/stream/ReferencePipeline$4$1 done
Event: 4.661 Loading class java/util/OptionalInt
Event: 4.661 Loading class java/util/OptionalInt done
Event: 4.840 Loading class java/math/BigInteger$RecursiveOp
Event: 4.840 Loading class java/util/concurrent/RecursiveTask
Event: 4.840 Loading class java/util/concurrent/RecursiveTask done
Event: 4.840 Loading class java/math/BigInteger$RecursiveOp done
Event: 4.840 Loading class java/math/BigInteger$RecursiveOp$RecursiveSquare
Event: 4.841 Loading class java/math/BigInteger$RecursiveOp$RecursiveSquare done
Event: 4.844 Loading class jdk/internal/math/FormattedFPDecimal
Event: 4.844 Loading class jdk/internal/math/FormattedFPDecimal done
Event: 4.845 Loading class java/math/MathContext
Event: 4.845 Loading class java/math/MathContext done

Classes unloaded (0 events):
No events

Classes redefined (0 events):
No events

Internal exceptions (20 events):
Event: 4.315 Thread 0x000077fecc02e730 Exception <a 'java/io/FileNotFoundException'{0x00000000c659dcc0}> (0x00000000c659dcc0) 
thrown [src/hotspot/share/prims/jni.cpp, line 516]
Event: 4.315 Thread 0x000077fecc02e730 Exception <a 'java/io/FileNotFoundException'{0x00000000c659ef10}> (0x00000000c659ef10) 
thrown [src/hotspot/share/prims/jni.cpp, line 516]
Event: 4.315 Thread 0x000077fecc02e730 Exception <a 'java/io/FileNotFoundException'{0x00000000c65a0118}> (0x00000000c65a0118) 
thrown [src/hotspot/share/prims/jni.cpp, line 516]
Event: 4.315 Thread 0x000077fecc02e730 Exception <a 'java/io/FileNotFoundException'{0x00000000c65a1308}> (0x00000000c65a1308) 
thrown [src/hotspot/share/prims/jni.cpp, line 516]
Event: 4.315 Thread 0x000077fecc02e730 Exception <a 'java/io/FileNotFoundException'{0x00000000c65a2630}> (0x00000000c65a2630) 
thrown [src/hotspot/share/prims/jni.cpp, line 516]
Event: 4.315 Thread 0x000077fecc02e730 Exception <a 'java/io/FileNotFoundException'{0x00000000c65a3bb8}> (0x00000000c65a3bb8) 
thrown [src/hotspot/share/prims/jni.cpp, line 516]
Event: 4.315 Thread 0x000077fecc02e730 Exception <a 'java/io/FileNotFoundException'{0x00000000c65a4e60}> (0x00000000c65a4e60) 
thrown [src/hotspot/share/prims/jni.cpp, line 516]
Event: 4.326 Thread 0x000077fecc91d790 Exception <a 'java/lang/NoSuchMethodError'{0x00000000c8310308}: 'java.lang.Object java.lang.invoke.DirectMethodHandle$Holder.newInvokeSpecial(java.lang.Object, java.lang.Object, int)'> (0x00000000c8310308) 
thrown [src/hotspot/share/interpreter/linkResolver.cpp, line 803]
Event: 4.327 Thread 0x000077fecc91d790 Exception <a 'java/lang/NoSuchMethodError'{0x00000000c6317088}: 'java.lang.Object java.lang.invoke.DirectMethodHandle$Holder.newInvokeSpecial(java.lang.Object, double)'> (0x00000000c6317088) 
thrown [src/hotspot/share/interpreter/linkResolver.cpp, line 803]
Event: 4.363 Thread 0x000077fecc02e730 Exception <a 'java/lang/NoSuchMethodError'{0x00000000c5fac4e8}: 'void java.lang.invoke.DirectMethodHandle$Holder.invokeVirtual(java.lang.Object, java.lang.Object, java.lang.Object, int)'> (0x00000000c5fac4e8) 
thrown [src/hotspot/share/interpreter/linkResolver.cpp, line 803]
Event: 4.363 Thread 0x000077fecc02e730 Exception <a 'java/lang/NoSuchMethodError'{0x00000000c5fbcc20}: 'java.lang.Object java.lang.invoke.DirectMethodHandle$Holder.invokeVirtual(java.lang.Object, java.lang.Object, java.lang.Object)'> (0x00000000c5fbcc20) 
thrown [src/hotspot/share/interpreter/linkResolver.cpp, line 803]
Event: 4.366 Thread 0x000077fecc02e730 Exception <a 'java/lang/NoSuchMethodError'{0x00000000c5fd5de8}: 'java.lang.Object java.lang.invoke.Invokers$Holder.invoke_MT(java.lang.Object, java.lang.Object, java.lang.Object, java.lang.Object, java.lang.Object)'> (0x00000000c5fd5de8) 
thrown [src/hotspot/share/interpreter/linkResolver.cpp, line 803]
Event: 4.466 Thread 0x000077fecc02e730 Exception <a 'java/io/FileNotFoundException'{0x00000000c5c8e5f8}> (0x00000000c5c8e5f8) 
thrown [src/hotspot/share/prims/jni.cpp, line 516]
Event: 4.609 Thread 0x000077fecc02e730 Exception <a 'java/lang/NoSuchMethodError'{0x00000000c56df2e8}: 'java.lang.Object java.lang.invoke.DirectMethodHandle$Holder.invokeStaticInit(java.lang.Object, float, float, int, int, int, int)'> (0x00000000c56df2e8) 
thrown [src/hotspot/share/interpreter/linkResolver.cpp, line 803]
Event: 4.640 Thread 0x000077fecc02e730 Exception <a 'java/lang/IncompatibleClassChangeError'{0x00000000c54a2e60}: Found class java.lang.Object, but interface was expected> (0x00000000c54a2e60) 
thrown [src/hotspot/share/interpreter/linkResolver.cpp, line 871]
Event: 4.681 Thread 0x000077fecc02e730 Exception <a 'java/lang/NoSuchMethodError'{0x00000000c525b718}: 'java.lang.Object java.lang.invoke.DirectMethodHandle$Holder.invokeInterface(java.lang.Object, java.lang.Object, int)'> (0x00000000c525b718) 
thrown [src/hotspot/share/interpreter/linkResolver.cpp, line 803]
Event: 4.686 Thread 0x000077fecc02e730 Exception <a 'java/lang/NoSuchMethodError'{0x00000000c528d490}: 'java.lang.Object java.lang.invoke.DirectMethodHandle$Holder.invokeSpecialIFC(java.lang.Object, java.lang.Object, java.lang.Object)'> (0x00000000c528d490) 
thrown [src/hotspot/share/interpreter/linkResolver.cpp, line 803]
Event: 4.787 Thread 0x000077fdcc01f610 Exception <a 'java/io/FileNotFoundException'{0x00000000c4e16370}> (0x00000000c4e16370) 
thrown [src/hotspot/share/prims/jni.cpp, line 516]
Event: 4.832 Thread 0x000077fdcc01f610 Exception <a 'java/lang/NoClassDefFoundError'{0x00000000c4de44d8}: org/apache/logging/log4j/spi/LoggerAdapter> (0x00000000c4de44d8) 
thrown [src/hotspot/share/classfile/systemDictionary.cpp, line 317]
Event: 4.997 Thread 0x000077fecc02e730 Exception <a 'java/lang/IncompatibleClassChangeError'{0x00000000c4f49600}: Found class java.lang.Object, but interface was expected> (0x00000000c4f49600) 
thrown [src/hotspot/share/interpreter/linkResolver.cpp, line 871]

VM Operations (20 events):
Event: 3.877 Executing safepoint VM operation: G1PauseRemark
Event: 3.881 Executing safepoint VM operation: G1PauseRemark done
Event: 3.886 Executing safepoint VM operation: G1PauseCleanup
Event: 3.886 Executing safepoint VM operation: G1PauseCleanup done
Event: 3.905 Executing non-safepoint VM operation: HandshakeAllThreads (Deoptimize)
Event: 3.905 Executing non-safepoint VM operation: HandshakeAllThreads (Deoptimize) done
Event: 3.923 Executing non-safepoint VM operation: HandshakeAllThreads (Deoptimize)
Event: 3.923 Executing non-safepoint VM operation: HandshakeAllThreads (Deoptimize) done
Event: 4.353 Executing non-safepoint VM operation: HandshakeAllThreads (Deoptimize)
Event: 4.353 Executing non-safepoint VM operation: HandshakeAllThreads (Deoptimize) done
Event: 4.365 Executing non-safepoint VM operation: HandshakeAllThreads (Deoptimize)
Event: 4.365 Executing non-safepoint VM operation: HandshakeAllThreads (Deoptimize) done
Event: 4.369 Executing non-safepoint VM operation: HandshakeAllThreads (Deoptimize)
Event: 4.369 Executing non-safepoint VM operation: HandshakeAllThreads (Deoptimize) done
Event: 4.389 Executing non-safepoint VM operation: HandshakeAllThreads (Deoptimize)
Event: 4.389 Executing non-safepoint VM operation: HandshakeAllThreads (Deoptimize) done
Event: 4.661 Executing non-safepoint VM operation: HandshakeAllThreads (Deoptimize)
Event: 4.661 Executing non-safepoint VM operation: HandshakeAllThreads (Deoptimize) done
Event: 7.020 Executing safepoint VM operation: G1CollectForAllocation (G1 Evacuation Pause)
Event: 7.034 Executing safepoint VM operation: G1CollectForAllocation (G1 Evacuation Pause) done

Memory protections (20 events):
Event: 2.177 Protecting memory [0x000077fe62aef000,0x000077fe62af3000] with protection modes 0
Event: 2.224 Protecting memory [0x000077fe62aef000,0x000077fe62af3000] with protection modes 0
Event: 2.282 Protecting memory [0x000077fe62bef000,0x000077fe62bf3000] with protection modes 0
Event: 2.385 Protecting memory [0x000077fe62559000,0x000077fe6255d000] with protection modes 0
Event: 2.387 Protecting memory [0x000077fe62459000,0x000077fe6245d000] with protection modes 0
Event: 2.887 Protecting memory [0x000077fe62359000,0x000077fe6235d000] with protection modes 0
Event: 3.019 Protecting memory [0x000077fe62259000,0x000077fe6225d000] with protection modes 0
Event: 3.121 Protecting memory [0x000077fe604fc000,0x000077fe60500000] with protection modes 0
Event: 3.145 Protecting memory [0x000077fdb36ff000,0x000077fdb3703000] with protection modes 0
Event: 3.152 Protecting memory [0x000077fdb35ff000,0x000077fdb3603000] with protection modes 0
Event: 3.273 Protecting memory [0x000077fdb34ff000,0x000077fdb3503000] with protection modes 0
Event: 3.273 Protecting memory [0x000077fdb33ff000,0x000077fdb3403000] with protection modes 0
Event: 3.610 Protecting memory [0x000077fe605fc000,0x000077fe60600000] with protection modes 0
Event: 4.106 Protecting memory [0x000077fdb21f6000,0x000077fdb21fa000] with protection modes 0
Event: 4.466 Protecting memory [0x000077fe630ef000,0x000077fe630f3000] with protection modes 0
Event: 4.472 Protecting memory [0x000077fdb21f6000,0x000077fdb21fa000] with protection modes 0
Event: 4.473 Protecting memory [0x000077fdb25f8000,0x000077fdb25fc000] with protection modes 0
Event: 4.842 Protecting memory [0x000077fd4fdff000,0x000077fd4fe03000] with protection modes 0
Event: 5.393 Protecting memory [0x000077feb4d66000,0x000077feb4d6a000] with protection modes 0
Event: 5.398 Protecting memory [0x000077fdb2dfc000,0x000077fdb2e00000] with protection modes 0

Nmethod flushes (20 events):
Event: 3.880 Thread 0x000077fecc1134a0 flushing  nmethod 0x000077feb9087208
Event: 3.880 Thread 0x000077fecc1134a0 flushing  nmethod 0x000077feb9087888
Event: 3.880 Thread 0x000077fecc1134a0 flushing  nmethod 0x000077feb915b308
Event: 3.880 Thread 0x000077fecc1134a0 flushing  nmethod 0x000077feb915b988
Event: 3.880 Thread 0x000077fecc1134a0 flushing  nmethod 0x000077feb9174d08
Event: 3.880 Thread 0x000077fecc1134a0 flushing  nmethod 0x000077feb91b8b88
Event: 3.880 Thread 0x000077fecc1134a0 flushing  nmethod 0x000077feb91bc888
Event: 3.880 Thread 0x000077fecc1134a0 flushing  nmethod 0x000077feb91c3408
Event: 3.880 Thread 0x000077fecc1134a0 flushing  nmethod 0x000077feb924c808
Event: 3.880 Thread 0x000077fecc1134a0 flushing  nmethod 0x000077feb924d188
Event: 3.880 Thread 0x000077fecc1134a0 flushing  nmethod 0x000077feb92f7e08
Event: 3.880 Thread 0x000077fecc1134a0 flushing osr nmethod 0x000077feb92fb588
Event: 3.880 Thread 0x000077fecc1134a0 flushing  nmethod 0x000077feb9355588
Event: 3.880 Thread 0x000077fecc1134a0 flushing  nmethod 0x000077feb9355888
Event: 3.880 Thread 0x000077fecc1134a0 flushing  nmethod 0x000077feb935a188
Event: 3.880 Thread 0x000077fecc1134a0 flushing  nmethod 0x000077feb939f408
Event: 3.880 Thread 0x000077fecc1134a0 flushing  nmethod 0x000077feb93a7788
Event: 3.880 Thread 0x000077fecc1134a0 flushing  nmethod 0x000077feb93a8508
Event: 3.880 Thread 0x000077fecc1134a0 flushing  nmethod 0x000077feb9418e08
Event: 3.880 Thread 0x000077fecc1134a0 flushing  nmethod 0x000077feb94d9988

Events (20 events):
Event: 3.019 Thread 0x000077fecc91d790 Thread added: 0x000077fdcc01f610
Event: 3.121 Thread 0x000077fdcc01f610 Thread added: 0x000077fdc0000f40
Event: 3.145 Thread 0x000077fecc02e730 Thread added: 0x000077feccdb8030
Event: 3.152 Thread 0x000077fecc02e730 Thread added: 0x000077fecce6ed20
Event: 3.273 Thread 0x000077fdcc01f610 Thread added: 0x000077fdc0002550
Event: 3.273 Thread 0x000077fdcc01f610 Thread added: 0x000077fdc0003b80
Event: 3.610 Thread 0x000077fecc02e730 Thread added: 0x000077fecd0651f0
Event: 4.106 Thread 0x000077fecc02e730 Thread added: 0x000077fecd2c3610
Event: 4.111 Thread 0x000077fecd2c3610 Thread exited: 0x000077fecd2c3610
Event: 4.135 Thread 0x000077fe745f9f80 Thread exited: 0x000077fe745f9f80
Event: 4.466 Thread 0x000077fecc02e730 Thread added: 0x000077fecd3d8480
Event: 4.472 Thread 0x000077fecd3d8480 Thread added: 0x000077fd6c0077b0
Event: 4.473 Thread 0x000077fecd3d8480 Thread added: 0x000077fd6c0093a0
Event: 4.842 Thread 0x000077fecc15a240 Thread added: 0x000077fe80fd4340
Event: 5.117 Thread 0x000077fe80fd4340 Thread exited: 0x000077fe80fd4340
Event: 5.117 Thread 0x000077fe7419fa60 Thread exited: 0x000077fe7419fa60
Event: 5.393 Thread 0x000077fecc15bb60 Thread added: 0x000077fe74bfac90
Event: 5.398 Thread 0x000077fe74bfac90 Thread added: 0x000077fd780050b0
Event: 5.701 Thread 0x000077fd780050b0 Thread exited: 0x000077fd780050b0
Event: 5.709 Thread 0x000077fe74bfac90 Thread exited: 0x000077fe74bfac90


Dynamic libraries:
5d000000-5d080000 rw-p 00000000 00:00 0 
5d080000-5d0a0000 rw-p 00000000 00:00 0 
5d0a0000-5d0c0000 rw-p 00000000 00:00 0 
5d0c0000-5d140000 rw-p 00000000 00:00 0 
5d140000-5d1c0000 rw-p 00000000 00:00 0 
5d1c0000-5d200000 rw-p 00000000 00:00 0 
5d200000-5d2c0000 rw-p 00000000 00:00 0 
5d2c0000-5d300000 rw-p 00000000 00:00 0 
5d300000-5d440000 rw-p 00000000 00:00 0 
5d440000-5d470000 rw-p 00000000 00:00 0 
5d470000-5d480000 ---p 00000000 00:00 0 
5d480000-5d790000 rw-p 00000000 00:00 0 
5d790000-9d000000 ---p 00000000 00:00 0 
c0000000-c8500000 rw-p 00000000 00:00 0 
c8500000-cc300000 ---p 00000000 00:00 0 
cc300000-cc400000 rw-p 00000000 00:00 0 
cc400000-100000000 ---p 00000000 00:00 0 
637b51d7a000-637b51d7b000 r--p 00000000 07:21 1615                       /snap/dbeaver-ce/543/usr/share/dbeaver-ce/jre/bin/java
637b51d7b000-637b51d7c000 r-xp 00001000 07:21 1615                       /snap/dbeaver-ce/543/usr/share/dbeaver-ce/jre/bin/java
637b51d7c000-637b51d7d000 r--p 00002000 07:21 1615                       /snap/dbeaver-ce/543/usr/share/dbeaver-ce/jre/bin/java
637b51d7d000-637b51d7e000 r--p 00002000 07:21 1615                       /snap/dbeaver-ce/543/usr/share/dbeaver-ce/jre/bin/java
637b51d7e000-637b51d7f000 rw-p 00003000 07:21 1615                       /snap/dbeaver-ce/543/usr/share/dbeaver-ce/jre/bin/java
637b8fa9a000-637b8fae5000 rw-p 00000000 00:00 0                          [heap]
77fd38000000-77fd38021000 rw-p 00000000 00:00 0 
77fd38021000-77fd3c000000 ---p 00000000 00:00 0 
77fd40000000-77fd40137000 rw-p 00000000 00:00 0 
77fd40137000-77fd44000000 ---p 00000000 00:00 0 
77fd44000000-77fd44021000 rw-p 00000000 00:00 0 
77fd44021000-77fd48000000 ---p 00000000 00:00 0 
77fd48000000-77fd48021000 rw-p 00000000 00:00 0 
77fd48021000-77fd4c000000 ---p 00000000 00:00 0 
77fd4d1ff000-77fd4d400000 rw-p 00000000 00:00 0 
77fd4d400000-77fd4e696000 r--p 00000000 08:22 9194242                    /usr/share/fonts/opentype/noto/NotoSansCJK-Regular.ttc
77fd4e800000-77fd4fa96000 r--p 00000000 08:22 9194242                    /usr/share/fonts/opentype/noto/NotoSansCJK-Regular.ttc
77fd4fadc000-77fd4fb6d000 r--p 00000000 08:22 9194478                    /usr/share/fonts/truetype/noto/NotoSansMath-Regular.ttf
77fd4fb6d000-77fd4fbfe000 r--p 00000000 08:22 9194478                    /usr/share/fonts/truetype/noto/NotoSansMath-Regular.ttf
77fd4fbfe000-77fd4fdff000 rw-p 00000000 00:00 0 
77fd4fdff000-77fd4fe03000 ---p 00000000 00:00 0 
77fd4fe03000-77fd50000000 rw-p 00000000 00:00 0 
77fd50000000-77fd50021000 rw-p 00000000 00:00 0 
77fd50021000-77fd54000000 ---p 00000000 00:00 0 
77fd54000000-77fd54021000 rw-p 00000000 00:00 0 
77fd54021000-77fd58000000 ---p 00000000 00:00 0 
77fd58000000-77fd58034000 rw-p 00000000 00:00 0 
77fd58034000-77fd5c000000 ---p 00000000 00:00 0 
77fd5c000000-77fd5c034000 rw-p 00000000 00:00 0 
77fd5c034000-77fd60000000 ---p 00000000 00:00 0 
77fd60000000-77fd60034000 rw-p 00000000 00:00 0 
77fd60034000-77fd64000000 ---p 00000000 00:00 0 
77fd64000000-77fd64050000 rw-p 00000000 00:00 0 
77fd64050000-77fd68000000 ---p 00000000 00:00 0 
77fd68000000-77fd68034000 rw-p 00000000 00:00 0 
77fd68034000-77fd6c000000 ---p 00000000 00:00 0 
77fd6c000000-77fd6c034000 rw-p 00000000 00:00 0 
77fd6c034000-77fd70000000 ---p 00000000 00:00 0 
77fd70000000-77fd70034000 rw-p 00000000 00:00 0 
77fd70034000-77fd74000000 ---p 00000000 00:00 0 
77fd74000000-77fd74034000 rw-p 00000000 00:00 0 
77fd74034000-77fd78000000 ---p 00000000 00:00 0 
77fd78000000-77fd78488000 rw-p 00000000 00:00 0 
77fd78488000-77fd7c000000 ---p 00000000 00:00 0 
77fd7c000000-77fd7c3b5000 rw-p 00000000 00:00 0 
77fd7c3b5000-77fd80000000 ---p 00000000 00:00 0 
77fd80000000-77fd80034000 rw-p 00000000 00:00 0 
77fd80034000-77fd84000000 ---p 00000000 00:00 0 
77fd84000000-77fd88000000 rw-s 00000000 00:01 9453                       /memfd:pulseaudio (deleted)
77fd88000000-77fd88021000 rw-p 00000000 00:00 0 
77fd88021000-77fd8c000000 ---p 00000000 00:00 0 
77fd8c000000-77fd8c034000 rw-p 00000000 00:00 0 
77fd8c034000-77fd90000000 ---p 00000000 00:00 0 
77fd90000000-77fd90021000 rw-p 00000000 00:00 0 
77fd90021000-77fd94000000 ---p 00000000 00:00 0 
77fd94000000-77fd94021000 rw-p 00000000 00:00 0 
77fd94021000-77fd98000000 ---p 00000000 00:00 0 
77fd98000000-77fd98021000 rw-p 00000000 00:00 0 
77fd98021000-77fd9c000000 ---p 00000000 00:00 0 
77fd9c000000-77fd9c021000 rw-p 00000000 00:00 0 
77fd9c021000-77fda0000000 ---p 00000000 00:00 0 
77fda0000000-77fda0022000 rw-p 00000000 00:00 0 
77fda0022000-77fda4000000 ---p 00000000 00:00 0 
77fda4000000-77fda4027000 rw-p 00000000 00:00 0 
77fda4027000-77fda8000000 ---p 00000000 00:00 0 
77fda8000000-77fda8021000 rw-p 00000000 00:00 0 
77fda8021000-77fdac000000 ---p 00000000 00:00 0 
77fdac000000-77fdac021000 rw-p 00000000 00:00 0 
77fdac021000-77fdb0000000 ---p 00000000 00:00 0 
77fdb0023000-77fdb0055000 r--p 00000000 08:22 9209831                    /usr/share/icons/Yaru/icon-theme.cache
77fdb0055000-77fdb00d3000 r--p 00000000 08:22 9194378                    /usr/share/fonts/truetype/noto/NotoSans-Bold.ttf
77fdb00d3000-77fdb0151000 r--p 00000000 08:22 9194378                    /usr/share/fonts/truetype/noto/NotoSans-Bold.ttf
77fdb0151000-77fdb0952000 rw-p 00000000 00:00 0 
77fdb0952000-77fdb0958000 r--p 00000000 08:22 9075046                    /usr/lib/x86_64-linux-gnu/libmp3lame.so.0.0.0
77fdb0958000-77fdb0981000 r-xp 00006000 08:22 9075046                    /usr/lib/x86_64-linux-gnu/libmp3lame.so.0.0.0
77fdb0981000-77fdb098e000 r--p 0002f000 08:22 9075046                    /usr/lib/x86_64-linux-gnu/libmp3lame.so.0.0.0
77fdb098e000-77fdb098f000 r--p 0003b000 08:22 9075046                    /usr/lib/x86_64-linux-gnu/libmp3lame.so.0.0.0
77fdb098f000-77fdb0990000 rw-p 0003c000 08:22 9075046                    /usr/lib/x86_64-linux-gnu/libmp3lame.so.0.0.0
77fdb0990000-77fdb09a1000 rw-p 00000000 00:00 0 
77fdb09a1000-77fdb09a6000 r--p 00000000 08:22 9075049                    /usr/lib/x86_64-linux-gnu/libmpg123.so.0.49.4
77fdb09a6000-77fdb09e4000 r-xp 00005000 08:22 9075049                    /usr/lib/x86_64-linux-gnu/libmpg123.so.0.49.4
77fdb09e4000-77fdb09fe000 r--p 00043000 08:22 9075049                    /usr/lib/x86_64-linux-gnu/libmpg123.so.0.49.4
77fdb09fe000-77fdb09ff000 r--p 0005d000 08:22 9075049                    /usr/lib/x86_64-linux-gnu/libmpg123.so.0.49.4
77fdb09ff000-77fdb0a00000 rw-p 0005e000 08:22 9075049                    /usr/lib/x86_64-linux-gnu/libmpg123.so.0.49.4
77fdb0a00000-77fdb0a07000 r--p 00000000 08:22 9075117                    /usr/lib/x86_64-linux-gnu/libopus.so.0.11.1
77fdb0a07000-77fdb0a79000 r-xp 00007000 08:22 9075117                    /usr/lib/x86_64-linux-gnu/libopus.so.0.11.1
77fdb0a79000-77fdb0e12000 r--p 00079000 08:22 9075117                    /usr/lib/x86_64-linux-gnu/libopus.so.0.11.1
77fdb0e12000-77fdb0e15000 r--p 00412000 08:22 9075117                    /usr/lib/x86_64-linux-gnu/libopus.so.0.11.1
77fdb0e15000-77fdb0e16000 rw-p 00415000 08:22 9075117                    /usr/lib/x86_64-linux-gnu/libopus.so.0.11.1
77fdb0e16000-77fdb0e52000 r--p 00000000 08:22 9194388                    /usr/share/fonts/truetype/noto/NotoSansArabic-Regular.ttf
77fdb0e52000-77fdb0e66000 r--p 00000000 08:22 9075331                    /usr/lib/x86_64-linux-gnu/libvorbisenc.so.2.0.12
77fdb0e66000-77fdb0e69000 r-xp 00014000 08:22 9075331                    /usr/lib/x86_64-linux-gnu/libvorbisenc.so.2.0.12
77fdb0e69000-77fdb0ee0000 r--p 00017000 08:22 9075331                    /usr/lib/x86_64-linux-gnu/libvorbisenc.so.2.0.12
77fdb0ee0000-77fdb0efc000 r--p 0008d000 08:22 9075331                    /usr/lib/x86_64-linux-gnu/libvorbisenc.so.2.0.12
77fdb0efc000-77fdb0efd000 rw-p 000a9000 08:22 9075331                    /usr/lib/x86_64-linux-gnu/libvorbisenc.so.2.0.12
77fdb0efd000-77fdb0f06000 r--p 00000000 08:22 9074462                    /usr/lib/x86_64-linux-gnu/libFLAC.so.14.0.0
77fdb0f06000-77fdb0f4e000 r-xp 00009000 08:22 9074462                    /usr/lib/x86_64-linux-gnu/libFLAC.so.14.0.0
77fdb0f4e000-77fdb0f5f000 r--p 00051000 08:22 9074462                    /usr/lib/x86_64-linux-gnu/libFLAC.so.14.0.0
77fdb0f5f000-77fdb0f60000 r--p 00062000 08:22 9074462                    /usr/lib/x86_64-linux-gnu/libFLAC.so.14.0.0
77fdb0f60000-77fdb0f61000 rw-p 00063000 08:22 9074462                    /usr/lib/x86_64-linux-gnu/libFLAC.so.14.0.0
77fdb0f61000-77fdb0f6a000 r--p 00000000 08:22 9075234                    /usr/lib/x86_64-linux-gnu/libsndfile.so.1.0.37
77fdb0f6a000-77fdb0fd2000 r-xp 00009000 08:22 9075234                    /usr/lib/x86_64-linux-gnu/libsndfile.so.1.0.37
77fdb0fd2000-77fdb0feb000 r--p 00071000 08:22 9075234                    /usr/lib/x86_64-linux-gnu/libsndfile.so.1.0.37
77fdb0feb000-77fdb0fee000 r--p 0008a000 08:22 9075234                    /usr/lib/x86_64-linux-gnu/libsndfile.so.1.0.37
77fdb0fee000-77fdb0fef000 rw-p 0008d000 08:22 9075234                    /usr/lib/x86_64-linux-gnu/libsndfile.so.1.0.37
77fdb0fef000-77fdb0ff1000 rw-p 00000000 00:00 0 
77fdb0ff1000-77fdb11f2000 rw-p 00000000 00:00 0 
77fdb11f2000-77fdb19f2000 rw-s 00000000 00:01 13                         /SYSV00000000 (deleted)
77fdb19f2000-77fdb21f6000 rw-p 00000000 00:00 0 
77fdb21f6000-77fdb21fa000 ---p 00000000 00:00 0 
77fdb21fa000-77fdb25f8000 rw-p 00000000 00:00 0 
77fdb25f8000-77fdb25fc000 ---p 00000000 00:00 0 
77fdb25fc000-77fdb2dfc000 rw-p 00000000 00:00 0 
77fdb2dfc000-77fdb2e00000 ---p 00000000 00:00 0 
77fdb2e00000-77fdb33ff000 rw-p 00000000 00:00 0 
77fdb33ff000-77fdb3403000 ---p 00000000 00:00 0 
77fdb3403000-77fdb34ff000 rw-p 00000000 00:00 0 
77fdb34ff000-77fdb3503000 ---p 00000000 00:00 0 
77fdb3503000-77fdb35ff000 rw-p 00000000 00:00 0 
77fdb35ff000-77fdb3603000 ---p 00000000 00:00 0 
77fdb3603000-77fdb36ff000 rw-p 00000000 00:00 0 
77fdb36ff000-77fdb3703000 ---p 00000000 00:00 0 
77fdb3703000-77fdb4000000 rw-p 00000000 00:00 0 
77fdb4000000-77fdb4021000 rw-p 00000000 00:00 0 
77fdb4021000-77fdb8000000 ---p 00000000 00:00 0 
77fdb8000000-77fdb8021000 rw-p 00000000 00:00 0 
77fdb8021000-77fdbc000000 ---p 00000000 00:00 0 
77fdbc000000-77fdbc021000 rw-p 00000000 00:00 0 
77fdbc021000-77fdc0000000 ---p 00000000 00:00 0 
77fdc0000000-77fdc00d6000 rw-p 00000000 00:00 0 
77fdc00d6000-77fdc4000000 ---p 00000000 00:00 0 
77fdc4000000-77fdc4021000 rw-p 00000000 00:00 0 
77fdc4021000-77fdc8000000 ---p 00000000 00:00 0 
77fdc8000000-77fdc8021000 rw-p 00000000 00:00 0 
77fdc8021000-77fdcc000000 ---p 00000000 00:00 0 
77fdcc000000-77fdcc02a000 rw-p 00000000 00:00 0 
77fdcc02a000-77fdd0000000 ---p 00000000 00:00 0 
77fdd0000000-77fdd0021000 rw-p 00000000 00:00 0 
77fdd0021000-77fdd4000000 ---p 00000000 00:00 0 
77fdd4000000-77fdd4021000 rw-p 00000000 00:00 0 
77fdd4021000-77fdd8000000 ---p 00000000 00:00 0 
77fdd8000000-77fdd8021000 rw-p 00000000 00:00 0 
77fdd8021000-77fddc000000 ---p 00000000 00:00 0 
77fddc000000-77fddc021000 rw-p 00000000 00:00 0 
77fddc021000-77fde0000000 ---p 00000000 00:00 0 
77fde0000000-77fde0021000 rw-p 00000000 00:00 0 
77fde0021000-77fde4000000 ---p 00000000 00:00 0 
77fde4000000-77fde4021000 rw-p 00000000 00:00 0 
77fde4021000-77fde8000000 ---p 00000000 00:00 0 
77fde8000000-77fdea7f7000 rw-p 00000000 00:00 0 
77fdea7f7000-77fdec000000 ---p 00000000 00:00 0 
77fdec000000-77fdec021000 rw-p 00000000 00:00 0 
77fdec021000-77fdf0000000 ---p 00000000 00:00 0 
77fdf0000000-77fdf0021000 rw-p 00000000 00:00 0 
77fdf0021000-77fdf4000000 ---p 00000000 00:00 0 
77fdf4000000-77fdf4021000 rw-p 00000000 00:00 0 
77fdf4021000-77fdf8000000 ---p 00000000 00:00 0 
77fdf8000000-77fdf8021000 rw-p 00000000 00:00 0 
77fdf8021000-77fdfc000000 ---p 00000000 00:00 0 
77fdfc000000-77fdfc021000 rw-p 00000000 00:00 0 
77fdfc021000-77fe00000000 ---p 00000000 00:00 0 
77fe00000000-77fe00021000 rw-p 00000000 00:00 0 
77fe00021000-77fe04000000 ---p 00000000 00:00 0 
77fe04000000-77fe04021000 rw-p 00000000 00:00 0 
77fe04021000-77fe08000000 ---p 00000000 00:00 0 
77fe08000000-77fe08021000 rw-p 00000000 00:00 0 
77fe08021000-77fe0c000000 ---p 00000000 00:00 0 
77fe0c000000-77fe0c021000 rw-p 00000000 00:00 0 
77fe0c021000-77fe10000000 ---p 00000000 00:00 0 
77fe10000000-77fe10021000 rw-p 00000000 00:00 0 
77fe10021000-77fe14000000 ---p 00000000 00:00 0 
77fe14000000-77fe14021000 rw-p 00000000 00:00 0 
77fe14021000-77fe18000000 ---p 00000000 00:00 0 
77fe18000000-77fe18021000 rw-p 00000000 00:00 0 
77fe18021000-77fe1c000000 ---p 00000000 00:00 0 
77fe1c000000-77fe1c034000 rw-p 00000000 00:00 0 
77fe1c034000-77fe20000000 ---p 00000000 00:00 0 
77fe20000000-77fe20034000 rw-p 00000000 00:00 0 
77fe20034000-77fe24000000 ---p 00000000 00:00 0 
77fe24000000-77fe24034000 rw-p 00000000 00:00 0 
77fe24034000-77fe28000000 ---p 00000000 00:00 0 
77fe28000000-77fe28034000 rw-p 00000000 00:00 0 
77fe28034000-77fe2c000000 ---p 00000000 00:00 0 
77fe2c000000-77fe2c7bf000 rw-p 00000000 00:00 0 
77fe2c7bf000-77fe30000000 ---p 00000000 00:00 0 
77fe30000000-77fe30034000 rw-p 00000000 00:00 0 
77fe30034000-77fe34000000 ---p 00000000 00:00 0 
77fe34000000-77fe34034000 rw-p 00000000 00:00 0 
77fe34034000-77fe38000000 ---p 00000000 00:00 0 
77fe38000000-77fe3807c000 rw-p 00000000 00:00 0 
77fe3807c000-77fe3c000000 ---p 00000000 00:00 0 
77fe3c000000-77fe3c034000 rw-p 00000000 00:00 0 
77fe3c034000-77fe40000000 ---p 00000000 00:00 0 
77fe40000000-77fe40034000 rw-p 00000000 00:00 0 
77fe40034000-77fe44000000 ---p 00000000 00:00 0 
77fe44000000-77fe44036000 rw-p 00000000 00:00 0 
77fe44036000-77fe48000000 ---p 00000000 00:00 0 
77fe48000000-77fe48034000 rw-p 00000000 00:00 0 
77fe48034000-77fe4c000000 ---p 00000000 00:00 0 
77fe4c000000-77fe4c052000 rw-p 00000000 00:00 0 
77fe4c052000-77fe50000000 ---p 00000000 00:00 0 
77fe50000000-77fe50021000 rw-p 00000000 00:00 0 
77fe50021000-77fe54000000 ---p 00000000 00:00 0 
77fe54000000-77fe54021000 rw-p 00000000 00:00 0 
77fe54021000-77fe58000000 ---p 00000000 00:00 0 
77fe58000000-77fe58021000 rw-p 00000000 00:00 0 
77fe58021000-77fe5c000000 ---p 00000000 00:00 0 
77fe5c000000-77fe5c021000 rw-p 00000000 00:00 0 
77fe5c021000-77fe60000000 ---p 00000000 00:00 0 
77fe60012000-77fe6004e000 r--p 00000000 08:22 9194388                    /usr/share/fonts/truetype/noto/NotoSansArabic-Regular.ttf
77fe6004e000-77fe60052000 r--p 00000000 08:22 9044015                    /usr/lib/x86_64-linux-gnu/libapparmor.so.1.30.7
77fe60052000-77fe6005c000 r-xp 00004000 08:22 9044015                    /usr/lib/x86_64-linux-gnu/libapparmor.so.1.30.7
77fe6005c000-77fe60063000 r--p 0000e000 08:22 9044015                    /usr/lib/x86_64-linux-gnu/libapparmor.so.1.30.7
77fe60063000-77fe60064000 r--p 00014000 08:22 9044015                    /usr/lib/x86_64-linux-gnu/libapparmor.so.1.30.7
77fe60064000-77fe60065000 rw-p 00015000 08:22 9044015                    /usr/lib/x86_64-linux-gnu/libapparmor.so.1.30.7
77fe60065000-77fe60067000 r--p 00000000 08:22 9074654                    /usr/lib/x86_64-linux-gnu/libasyncns.so.0.3.1
77fe60067000-77fe6006a000 r-xp 00002000 08:22 9074654                    /usr/lib/x86_64-linux-gnu/libasyncns.so.0.3.1
77fe6006a000-77fe6006b000 r--p 00005000 08:22 9074654                    /usr/lib/x86_64-linux-gnu/libasyncns.so.0.3.1
77fe6006b000-77fe6006c000 r--p 00006000 08:22 9074654                    /usr/lib/x86_64-linux-gnu/libasyncns.so.0.3.1
77fe6006c000-77fe6006d000 rw-p 00007000 08:22 9074654                    /usr/lib/x86_64-linux-gnu/libasyncns.so.0.3.1
77fe6006d000-77fe6007f000 r--p 00000000 08:22 9076890                    /usr/lib/x86_64-linux-gnu/pulseaudio/libpulsecommon-17.0.so
77fe6007f000-77fe600c9000 r-xp 00012000 08:22 9076890                    /usr/lib/x86_64-linux-gnu/pulseaudio/libpulsecommon-17.0.so
77fe600c9000-77fe600e8000 r--p 0005c000 08:22 9076890                    /usr/lib/x86_64-linux-gnu/pulseaudio/libpulsecommon-17.0.so
77fe600e8000-77fe600ea000 r--p 0007a000 08:22 9076890                    /usr/lib/x86_64-linux-gnu/pulseaudio/libpulsecommon-17.0.so
77fe600ea000-77fe600eb000 rw-p 0007c000 08:22 9076890                    /usr/lib/x86_64-linux-gnu/pulseaudio/libpulsecommon-17.0.so
77fe600eb000-77fe602ec000 rw-p 00000000 00:00 0 
77fe602ec000-77fe603f4000 r--p 00000000 08:22 9194641                    /usr/share/fonts/truetype/ubuntu/UbuntuSans[wdth,wght].ttf
77fe603f4000-77fe604fc000 r--p 00000000 08:22 9194641                    /usr/share/fonts/truetype/ubuntu/UbuntuSans[wdth,wght].ttf
77fe604fc000-77fe60500000 ---p 00000000 00:00 0 
77fe60500000-77fe605fc000 rw-p 00000000 00:00 0 
77fe605fc000-77fe60600000 ---p 00000000 00:00 0 
77fe60600000-77fe62000000 rw-p 00000000 00:00 0 
77fe62000000-77fe62002000 r-xp 00000000 08:22 27280762                   /home/konstantin/snap/dbeaver-ce/543/.local/share/DBeaverData/install-data/org.jkiss.dbeaver.product/26.1.5-202608181400/org.eclipse.osgi/49/0/.cp/os/linux/x86_64/libunixfile_1_0_0.so
77fe62002000-77fe62201000 ---p 00002000 08:22 27280762                   /home/konstantin/snap/dbeaver-ce/543/.local/share/DBeaverData/install-data/org.jkiss.dbeaver.product/26.1.5-202608181400/org.eclipse.osgi/49/0/.cp/os/linux/x86_64/libunixfile_1_0_0.so
77fe62201000-77fe62202000 r--p 00001000 08:22 27280762                   /home/konstantin/snap/dbeaver-ce/543/.local/share/DBeaverData/install-data/org.jkiss.dbeaver.product/26.1.5-202608181400/org.eclipse.osgi/49/0/.cp/os/linux/x86_64/libunixfile_1_0_0.so
77fe62202000-77fe62203000 rw-p 00002000 08:22 27280762                   /home/konstantin/snap/dbeaver-ce/543/.local/share/DBeaverData/install-data/org.jkiss.dbeaver.product/26.1.5-202608181400/org.eclipse.osgi/49/0/.cp/os/linux/x86_64/libunixfile_1_0_0.so
77fe62205000-77fe62259000 r--p 00000000 08:22 9194290                    /usr/share/fonts/truetype/dejavu/DejaVuSansMono.ttf
77fe62259000-77fe6225d000 ---p 00000000 00:00 0 
77fe6225d000-77fe62359000 rw-p 00000000 00:00 0 
77fe62359000-77fe6235d000 ---p 00000000 00:00 0 
77fe6235d000-77fe62459000 rw-p 00000000 00:00 0 
77fe62459000-77fe6245d000 ---p 00000000 00:00 0 
77fe6245d000-77fe62559000 rw-p 00000000 00:00 0 
77fe62559000-77fe6255d000 ---p 00000000 00:00 0 
77fe6255d000-77fe62659000 rw-p 00000000 00:00 0 
77fe62659000-77fe62664000 r--p 00000000 07:21 1833                       /snap/dbeaver-ce/543/usr/share/dbeaver-ce/jre/lib/libfreetype.so
77fe62664000-77fe626dc000 r-xp 0000b000 07:21 1833                       /snap/dbeaver-ce/543/usr/share/dbeaver-ce/jre/lib/libfreetype.so
77fe626dc000-77fe62700000 r--p 00083000 07:21 1833                       /snap/dbeaver-ce/543/usr/share/dbeaver-ce/jre/lib/libfreetype.so
77fe62700000-77fe62706000 r--p 000a7000 07:21 1833                       /snap/dbeaver-ce/543/usr/share/dbeaver-ce/jre/lib/libfreetype.so
77fe62706000-77fe62707000 rw-p 000ad000 07:21 1833                       /snap/dbeaver-ce/543/usr/share/dbeaver-ce/jre/lib/libfreetype.so
77fe62707000-77fe6270e000 r--p 00000000 07:21 1832                       /snap/dbeaver-ce/543/usr/share/dbeaver-ce/jre/lib/libfontmanager.so
77fe6270e000-77fe62891000 r-xp 00007000 07:21 1832                       /snap/dbeaver-ce/543/usr/share/dbeaver-ce/jre/lib/libfontmanager.so
77fe62891000-77fe628cd000 r--p 0018a000 07:21 1832                       /snap/dbeaver-ce/543/usr/share/dbeaver-ce/jre/lib/libfontmanager.so
77fe628cd000-77fe628cf000 r--p 001c6000 07:21 1832                       /snap/dbeaver-ce/543/usr/share/dbeaver-ce/jre/lib/libfontmanager.so
77fe628cf000-77fe628d0000 rw-p 001c8000 07:21 1832                       /snap/dbeaver-ce/543/usr/share/dbeaver-ce/jre/lib/libfontmanager.so
77fe628d0000-77fe628d1000 rw-p 00000000 00:00 0 
77fe628d1000-77fe628d3000 r--p 00000000 08:22 9074543                    /usr/lib/x86_64-linux-gnu/libXtst.so.6.1.0
77fe628d3000-77fe628d6000 r-xp 00002000 08:22 9074543                    /usr/lib/x86_64-linux-gnu/libXtst.so.6.1.0
77fe628d6000-77fe628d7000 r--p 00005000 08:22 9074543                    /usr/lib/x86_64-linux-gnu/libXtst.so.6.1.0
77fe628d7000-77fe628d8000 r--p 00005000 08:22 9074543                    /usr/lib/x86_64-linux-gnu/libXtst.so.6.1.0
77fe628d8000-77fe628d9000 rw-p 00006000 08:22 9074543                    /usr/lib/x86_64-linux-gnu/libXtst.so.6.1.0
77fe628df000-77fe628e5000 r--p 00000000 08:22 27280776                   /home/konstantin/snap/dbeaver-ce/543/.local/share/DBeaverData/install-data/org.jkiss.dbeaver.product/26.1.5-202608181400/org.eclipse.osgi/152/0/.cp/libswt-cairo-gtk-4973r12.so
77fe628e5000-77fe628e8000 r-xp 00006000 08:22 27280776                   /home/konstantin/snap/dbeaver-ce/543/.local/share/DBeaverData/install-data/org.jkiss.dbeaver.product/26.1.5-202608181400/org.eclipse.osgi/152/0/.cp/libswt-cairo-gtk-4973r12.so
77fe628e8000-77fe628ea000 r--p 00009000 08:22 27280776                   /home/konstantin/snap/dbeaver-ce/543/.local/share/DBeaverData/install-data/org.jkiss.dbeaver.product/26.1.5-202608181400/org.eclipse.osgi/152/0/.cp/libswt-cairo-gtk-4973r12.so
77fe628ea000-77fe628eb000 r--p 0000a000 08:22 27280776                   /home/konstantin/snap/dbeaver-ce/543/.local/share/DBeaverData/install-data/org.jkiss.dbeaver.product/26.1.5-202608181400/org.eclipse.osgi/152/0/.cp/libswt-cairo-gtk-4973r12.so
77fe628eb000-77fe628ec000 rw-p 0000b000 08:22 27280776                   /home/konstantin/snap/dbeaver-ce/543/.local/share/DBeaverData/install-data/org.jkiss.dbeaver.product/26.1.5-202608181400/org.eclipse.osgi/152/0/.cp/libswt-cairo-gtk-4973r12.so
77fe628ec000-77fe628fd000 r--p 00000000 07:21 1830                       /snap/dbeaver-ce/543/usr/share/dbeaver-ce/jre/lib/libawt_xawt.so
77fe628fd000-77fe62940000 r-xp 00011000 07:21 1830                       /snap/dbeaver-ce/543/usr/share/dbeaver-ce/jre/lib/libawt_xawt.so
77fe62940000-77fe62954000 r--p 00054000 07:21 1830                       /snap/dbeaver-ce/543/usr/share/dbeaver-ce/jre/lib/libawt_xawt.so
77fe62954000-77fe62956000 r--p 00067000 07:21 1830                       /snap/dbeaver-ce/543/usr/share/dbeaver-ce/jre/lib/libawt_xawt.so
77fe62956000-77fe62958000 rw-p 00069000 07:21 1830                       /snap/dbeaver-ce/543/usr/share/dbeaver-ce/jre/lib/libawt_xawt.so
77fe62958000-77fe6295a000 rw-p 00000000 00:00 0 
77fe6295a000-77fe62979000 r--p 00000000 07:21 1828                       /snap/dbeaver-ce/543/usr/share/dbeaver-ce/jre/lib/libawt.so
77fe62979000-77fe62a17000 r-xp 0001f000 07:21 1828                       /snap/dbeaver-ce/543/usr/share/dbeaver-ce/jre/lib/libawt.so
77fe62a17000-77fe62a24000 r--p 000bd000 07:21 1828                       /snap/dbeaver-ce/543/usr/share/dbeaver-ce/jre/lib/libawt.so
77fe62a24000-77fe62a25000 r--p 000c9000 07:21 1828                       /snap/dbeaver-ce/543/usr/share/dbeaver-ce/jre/lib/libawt.so
77fe62a25000-77fe62a30000 rw-p 000ca000 07:21 1828                       /snap/dbeaver-ce/543/usr/share/dbeaver-ce/jre/lib/libawt.so
77fe62a30000-77fe62a55000 rw-p 00000000 00:00 0 
77fe62a55000-77fe62a94000 r--p 00000000 08:22 27280740                   /home/konstantin/snap/dbeaver-ce/543/.local/share/DBeaverData/install-data/org.jkiss.dbeaver.product/26.1.5-202608181400/org.eclipse.osgi/152/0/.cp/libswt-gtk-4973r12.so
77fe62a94000-77fe62abd000 r-xp 0003f000 08:22 27280740                   /home/konstantin/snap/dbeaver-ce/543/.local/share/DBeaverData/install-data/org.jkiss.dbeaver.product/26.1.5-202608181400/org.eclipse.osgi/152/0/.cp/libswt-gtk-4973r12.so
77fe62abd000-77fe62ae2000 r--p 00068000 08:22 27280740                   /home/konstantin/snap/dbeaver-ce/543/.local/share/DBeaverData/install-data/org.jkiss.dbeaver.product/26.1.5-202608181400/org.eclipse.osgi/152/0/.cp/libswt-gtk-4973r12.so
77fe62ae2000-77fe62ae3000 r--p 0008c000 08:22 27280740                   /home/konstantin/snap/dbeaver-ce/543/.local/share/DBeaverData/install-data/org.jkiss.dbeaver.product/26.1.5-202608181400/org.eclipse.osgi/152/0/.cp/libswt-gtk-4973r12.so
77fe62ae3000-77fe62aeb000 rw-p 0008d000 08:22 27280740                   /home/konstantin/snap/dbeaver-ce/543/.local/share/DBeaverData/install-data/org.jkiss.dbeaver.product/26.1.5-202608181400/org.eclipse.osgi/152/0/.cp/libswt-gtk-4973r12.so
77fe62aeb000-77fe62aef000 rw-p 00000000 00:00 0 
77fe62aef000-77fe62af3000 ---p 00000000 00:00 0 
77fe62af3000-77fe62bef000 rw-p 00000000 00:00 0 
77fe62bef000-77fe62bf3000 ---p 00000000 00:00 0 
77fe62bf3000-77fe62cef000 rw-p 00000000 00:00 0 
77fe62cef000-77fe62cf3000 ---p 00000000 00:00 0 
77fe62cf3000-77fe62def000 rw-p 00000000 00:00 0 
77fe62def000-77fe62df3000 ---p 00000000 00:00 0 
77fe62df3000-77fe62eef000 rw-p 00000000 00:00 0 
77fe62eef000-77fe62ef3000 ---p 00000000 00:00 0 
77fe62ef3000-77fe62fef000 rw-p 00000000 00:00 0 
77fe62fef000-77fe62ff3000 ---p 00000000 00:00 0 
77fe62ff3000-77fe630ef000 rw-p 00000000 00:00 0 
77fe630ef000-77fe630f3000 ---p 00000000 00:00 0 
77fe630f3000-77fe63af8000 rw-p 00000000 00:00 0 
77fe63af8000-77fe63afc000 ---p 00000000 00:00 0 
77fe63afc000-77fe63bf8000 rw-p 00000000 00:00 0 
77fe63bf8000-77fe63bfc000 ---p 00000000 00:00 0 
77fe63bfc000-77fe63cf8000 rw-p 00000000 00:00 0 
77fe63cf8000-77fe63cfc000 ---p 00000000 00:00 0 
77fe63cfc000-77fe63df8000 rw-p 00000000 00:00 0 
77fe63df8000-77fe63dfc000 ---p 00000000 00:00 0 
77fe63dfc000-77fe63ef8000 rw-p 00000000 00:00 0 
77fe63ef8000-77fe64000000 r--p 00000000 08:22 9194641                    /usr/share/fonts/truetype/ubuntu/UbuntuSans[wdth,wght].ttf
77fe64000000-77fe64098000 rw-p 00000000 00:00 0 
77fe64098000-77fe68000000 ---p 00000000 00:00 0 
77fe68002000-77fe68003000 r--p 00000000 07:21 1836                       /snap/dbeaver-ce/543/usr/share/dbeaver-ce/jre/lib/libjaas.so
77fe68003000-77fe68004000 r-xp 00001000 07:21 1836                       /snap/dbeaver-ce/543/usr/share/dbeaver-ce/jre/lib/libjaas.so
77fe68004000-77fe68005000 r--p 00002000 07:21 1836                       /snap/dbeaver-ce/543/usr/share/dbeaver-ce/jre/lib/libjaas.so
77fe68005000-77fe68006000 r--p 00002000 07:21 1836                       /snap/dbeaver-ce/543/usr/share/dbeaver-ce/jre/lib/libjaas.so
77fe68006000-77fe68007000 rw-p 00003000 07:21 1836                       /snap/dbeaver-ce/543/usr/share/dbeaver-ce/jre/lib/libjaas.so
77fe68007000-77fe68042000 r--p 00000000 08:22 27280741                   /home/konstantin/snap/dbeaver-ce/543/.local/share/DBeaverData/install-data/org.jkiss.dbeaver.product/26.1.5-202608181400/org.eclipse.osgi/152/0/.cp/libswt-pi3-gtk-4973r12.so
77fe68042000-77fe68063000 r-xp 0003b000 08:22 27280741                   /home/konstantin/snap/dbeaver-ce/543/.local/share/DBeaverData/install-data/org.jkiss.dbeaver.product/26.1.5-202608181400/org.eclipse.osgi/152/0/.cp/libswt-pi3-gtk-4973r12.so
77fe68063000-77fe68076000 r--p 0005c000 08:22 27280741                   /home/konstantin/snap/dbeaver-ce/543/.local/share/DBeaverData/install-data/org.jkiss.dbeaver.product/26.1.5-202608181400/org.eclipse.osgi/152/0/.cp/libswt-pi3-gtk-4973r12.so
77fe68076000-77fe68077000 r--p 0006e000 08:22 27280741                   /home/konstantin/snap/dbeaver-ce/543/.local/share/DBeaverData/install-data/org.jkiss.dbeaver.product/26.1.5-202608181400/org.eclipse.osgi/152/0/.cp/libswt-pi3-gtk-4973r12.so
77fe68077000-77fe6807a000 rw-p 0006f000 08:22 27280741                   /home/konstantin/snap/dbeaver-ce/543/.local/share/DBeaverData/install-data/org.jkiss.dbeaver.product/26.1.5-202608181400/org.eclipse.osgi/152/0/.cp/libswt-pi3-gtk-4973r12.so
77fe6807a000-77fe6807b000 rw-p 00000000 00:00 0 
77fe6807b000-77fe68183000 r--p 00000000 08:22 9194641                    /usr/share/fonts/truetype/ubuntu/UbuntuSans[wdth,wght].ttf
77fe68183000-77fe68187000 ---p 00000000 00:00 0 
77fe68187000-77fe68384000 rw-p 00000000 00:00 0 
77fe68384000-77fe68388000 ---p 00000000 00:00 0 
77fe68388000-77fe68585000 rw-p 00000000 00:00 0 
77fe68585000-77fe68589000 ---p 00000000 00:00 0 
77fe68589000-77fe68786000 rw-p 00000000 00:00 0 
77fe68786000-77fe6878a000 ---p 00000000 00:00 0 
77fe6878a000-77fe68987000 rw-p 00000000 00:00 0 
77fe68987000-77fe6898b000 ---p 00000000 00:00 0 
77fe6898b000-77fe68b88000 rw-p 00000000 00:00 0 
77fe68b88000-77fe68b8c000 ---p 00000000 00:00 0 
77fe68b8c000-77fe68d89000 rw-p 00000000 00:00 0 
77fe68d89000-77fe68d8d000 ---p 00000000 00:00 0 
77fe68d8d000-77fe68f8a000 rw-p 00000000 00:00 0 
77fe68f8a000-77fe68f8e000 ---p 00000000 00:00 0 
77fe68f8e000-77fe6918b000 rw-p 00000000 00:00 0 
77fe6918b000-77fe6918f000 ---p 00000000 00:00 0 
77fe6918f000-77fe6938c000 rw-p 00000000 00:00 0 
77fe6938c000-77fe69390000 ---p 00000000 00:00 0 
77fe69390000-77fe6958d000 rw-p 00000000 00:00 0 
77fe6958d000-77fe69591000 ---p 00000000 00:00 0 
77fe69591000-77fe6978e000 rw-p 00000000 00:00 0 
77fe6978e000-77fe69792000 ---p 00000000 00:00 0 
77fe69792000-77fe6998f000 rw-p 00000000 00:00 0 
77fe69991000-77fe69992000 r--p 00000000 08:22 9074522                    /usr/lib/x86_64-linux-gnu/libX11-xcb.so.1.0.0
77fe69992000-77fe69993000 r-xp 00001000 08:22 9074522                    /usr/lib/x86_64-linux-gnu/libX11-xcb.so.1.0.0
77fe69993000-77fe69994000 r--p 00002000 08:22 9074522                    /usr/lib/x86_64-linux-gnu/libX11-xcb.so.1.0.0
77fe69994000-77fe69995000 r--p 00002000 08:22 9074522                    /usr/lib/x86_64-linux-gnu/libX11-xcb.so.1.0.0
77fe69995000-77fe69996000 rw-p 00003000 08:22 9074522                    /usr/lib/x86_64-linux-gnu/libX11-xcb.so.1.0.0
77fe69996000-77fe699a2000 r--p 00000000 08:22 9075182                    /usr/lib/x86_64-linux-gnu/libpulse.so.0.24.3
77fe699a2000-77fe699d3000 r-xp 0000c000 08:22 9075182                    /usr/lib/x86_64-linux-gnu/libpulse.so.0.24.3
77fe699d3000-77fe699e4000 r--p 0003d000 08:22 9075182                    /usr/lib/x86_64-linux-gnu/libpulse.so.0.24.3
77fe699e4000-77fe699e6000 r--p 0004d000 08:22 9075182                    /usr/lib/x86_64-linux-gnu/libpulse.so.0.24.3
77fe699e6000-77fe699e7000 rw-p 0004f000 08:22 9075182                    /usr/lib/x86_64-linux-gnu/libpulse.so.0.24.3
77fe699eb000-77fe699f5000 r--p 00000000 08:22 9207783                    /usr/share/icons/Adwaita/icon-theme.cache
77fe699f5000-77fe699fa000 r--p 00000000 08:22 9175658                    /usr/share/icons/hicolor/icon-theme.cache
77fe699fa000-77fe699fc000 r--p 00000000 08:22 9076635                    /usr/lib/x86_64-linux-gnu/libcanberra-0.30/libcanberra-pulse.so
77fe699fc000-77fe69a00000 r-xp 00002000 08:22 9076635                    /usr/lib/x86_64-linux-gnu/libcanberra-0.30/libcanberra-pulse.so
77fe69a00000-77fe69a01000 r--p 00006000 08:22 9076635                    /usr/lib/x86_64-linux-gnu/libcanberra-0.30/libcanberra-pulse.so
77fe69a01000-77fe69a02000 r--p 00006000 08:22 9076635                    /usr/lib/x86_64-linux-gnu/libcanberra-0.30/libcanberra-pulse.so
77fe69a02000-77fe69a03000 rw-p 00007000 08:22 9076635                    /usr/lib/x86_64-linux-gnu/libcanberra-0.30/libcanberra-pulse.so
77fe69a03000-77fe69a06000 r--p 00000000 08:22 27280788                   /home/konstantin/snap/dbeaver-ce/543/.local/share/DBeaverData/install-data/org.jkiss.dbeaver.product/26.1.5-202608181400/org.eclipse.osgi/152/0/.cp/libswt-atk-gtk-4973r12.so
77fe69a06000-77fe69a0a000 r-xp 00003000 08:22 27280788                   /home/konstantin/snap/dbeaver-ce/543/.local/share/DBeaverData/install-data/org.jkiss.dbeaver.product/26.1.5-202608181400/org.eclipse.osgi/152/0/.cp/libswt-atk-gtk-4973r12.so
77fe69a0a000-77fe69a0c000 r--p 00007000 08:22 27280788                   /home/konstantin/snap/dbeaver-ce/543/.local/share/DBeaverData/install-data/org.jkiss.dbeaver.product/26.1.5-202608181400/org.eclipse.osgi/152/0/.cp/libswt-atk-gtk-4973r12.so
77fe69a0c000-77fe69a0d000 r--p 00008000 08:22 27280788                   /home/konstantin/snap/dbeaver-ce/543/.local/share/DBeaverData/install-data/org.jkiss.dbeaver.product/26.1.5-202608181400/org.eclipse.osgi/152/0/.cp/libswt-atk-gtk-4973r12.so
77fe69a0d000-77fe69a0e000 rw-p 00009000 08:22 27280788                   /home/konstantin/snap/dbeaver-ce/543/.local/share/DBeaverData/install-data/org.jkiss.dbeaver.product/26.1.5-202608181400/org.eclipse.osgi/152/0/.cp/libswt-atk-gtk-4973r12.so
77fe69a0e000-77fe69a0f000 r--p 00000000 07:21 1831                       /snap/dbeaver-ce/543/usr/share/dbeaver-ce/jre/lib/libextnet.so
77fe69a0f000-77fe69a10000 r-xp 00001000 07:21 1831                       /snap/dbeaver-ce/543/usr/share/dbeaver-ce/jre/lib/libextnet.so
77fe69a10000-77fe69a11000 r--p 00002000 07:21 1831                       /snap/dbeaver-ce/543/usr/share/dbeaver-ce/jre/lib/libextnet.so
77fe69a11000-77fe69a12000 r--p 00002000 07:21 1831                       /snap/dbeaver-ce/543/usr/share/dbeaver-ce/jre/lib/libextnet.so
77fe69a12000-77fe69a13000 rw-p 00003000 07:21 1831                       /snap/dbeaver-ce/543/usr/share/dbeaver-ce/jre/lib/libextnet.so
77fe69a13000-77fe69a15000 r--p 00000000 08:22 9046850                    /usr/lib/x86_64-linux-gnu/libnss_sss.so.2
77fe69a15000-77fe69a1d000 r-xp 00002000 08:22 9046850                    /usr/lib/x86_64-linux-gnu/libnss_sss.so.2
77fe69a1d000-77fe69a1f000 r--p 0000a000 08:22 9046850                    /usr/lib/x86_64-linux-gnu/libnss_sss.so.2
77fe69a1f000-77fe69a20000 r--p 0000b000 08:22 9046850                    /usr/lib/x86_64-linux-gnu/libnss_sss.so.2
77fe69a20000-77fe69a21000 rw-p 0000c000 08:22 9046850                    /usr/lib/x86_64-linux-gnu/libnss_sss.so.2
77fe69a21000-77fe69a2b000 r--p 00000000 08:22 9057791                    /usr/lib/x86_64-linux-gnu/libnss_systemd.so.2
77fe69a2b000-77fe69a73000 r-xp 0000a000 08:22 9057791                    /usr/lib/x86_64-linux-gnu/libnss_systemd.so.2
77fe69a73000-77fe69a86000 r--p 00052000 08:22 9057791                    /usr/lib/x86_64-linux-gnu/libnss_systemd.so.2
77fe69a86000-77fe69a8c000 r--p 00065000 08:22 9057791                    /usr/lib/x86_64-linux-gnu/libnss_systemd.so.2
77fe69a8c000-77fe69a8d000 rw-p 0006b000 08:22 9057791                    /usr/lib/x86_64-linux-gnu/libnss_systemd.so.2
77fe69a8e000-77fe69a92000 r--p 00000000 07:21 1855                       /snap/dbeaver-ce/543/usr/share/dbeaver-ce/jre/lib/libverify.so
77fe69a92000-77fe69a9b000 r-xp 00004000 07:21 1855                       /snap/dbeaver-ce/543/usr/share/dbeaver-ce/jre/lib/libverify.so
77fe69a9b000-77fe69a9d000 r--p 0000d000 07:21 1855                       /snap/dbeaver-ce/543/usr/share/dbeaver-ce/jre/lib/libverify.so
77fe69a9d000-77fe69a9f000 r--p 0000e000 07:21 1855                       /snap/dbeaver-ce/543/usr/share/dbeaver-ce/jre/lib/libverify.so
77fe69a9f000-77fe69aa0000 rw-p 00010000 07:21 1855                       /snap/dbeaver-ce/543/usr/share/dbeaver-ce/jre/lib/libverify.so
77fe69aa0000-77fe6a4a5000 rw-p 00000000 00:00 0 
77fe6a4a5000-77fe6a4cd000 r--s 00000000 08:22 9175785                    /usr/share/mime/mime.cache
77fe6a4cd000-77fe6a4cf000 r--p 00000000 07:01 7433                       /snap/code/247/usr/lib/x86_64-linux-gnu/libogg.so.0.8.4
77fe6a4cf000-77fe6a4d4000 r-xp 00002000 07:01 7433                       /snap/code/247/usr/lib/x86_64-linux-gnu/libogg.so.0.8.4
77fe6a4d4000-77fe6a4d7000 r--p 00007000 07:01 7433                       /snap/code/247/usr/lib/x86_64-linux-gnu/libogg.so.0.8.4
77fe6a4d7000-77fe6a4d8000 ---p 0000a000 07:01 7433                       /snap/code/247/usr/lib/x86_64-linux-gnu/libogg.so.0.8.4
77fe6a4d8000-77fe6a4d9000 r--p 0000a000 07:01 7433                       /snap/code/247/usr/lib/x86_64-linux-gnu/libogg.so.0.8.4
77fe6a4d9000-77fe6a4db000 rw-p 0000b000 07:01 7433                       /snap/code/247/usr/lib/x86_64-linux-gnu/libogg.so.0.8.4
77fe6a4db000-77fe6a4de000 r--p 00000000 07:01 7480                       /snap/code/247/usr/lib/x86_64-linux-gnu/libvorbis.so.0.4.8
77fe6a4de000-77fe6a4f5000 r-xp 00003000 07:01 7480                       /snap/code/247/usr/lib/x86_64-linux-gnu/libvorbis.so.0.4.8
77fe6a4f5000-77fe6a506000 r--p 0001a000 07:01 7480                       /snap/code/247/usr/lib/x86_64-linux-gnu/libvorbis.so.0.4.8
77fe6a506000-77fe6a507000 ---p 0002b000 07:01 7480                       /snap/code/247/usr/lib/x86_64-linux-gnu/libvorbis.so.0.4.8
77fe6a507000-77fe6a508000 r--p 0002b000 07:01 7480                       /snap/code/247/usr/lib/x86_64-linux-gnu/libvorbis.so.0.4.8
77fe6a508000-77fe6a50a000 rw-p 0002c000 07:01 7480                       /snap/code/247/usr/lib/x86_64-linux-gnu/libvorbis.so.0.4.8
77fe6a50a000-77fe6a50c000 r--p 00000000 07:01 7426                       /snap/code/247/usr/lib/x86_64-linux-gnu/libltdl.so.7.3.1
77fe6a50c000-77fe6a511000 r-xp 00002000 07:01 7426                       /snap/code/247/usr/lib/x86_64-linux-gnu/libltdl.so.7.3.1
77fe6a511000-77fe6a513000 r--p 00007000 07:01 7426                       /snap/code/247/usr/lib/x86_64-linux-gnu/libltdl.so.7.3.1
77fe6a513000-77fe6a514000 r--p 00008000 07:01 7426                       /snap/code/247/usr/lib/x86_64-linux-gnu/libltdl.so.7.3.1
77fe6a514000-77fe6a516000 rw-p 00009000 07:01 7426                       /snap/code/247/usr/lib/x86_64-linux-gnu/libltdl.so.7.3.1
77fe6a516000-77fe6a51a000 r--p 00000000 07:01 7474                       /snap/code/247/usr/lib/x86_64-linux-gnu/libtdb.so.1.4.5
77fe6a51a000-77fe6a528000 r-xp 00004000 07:01 7474                       /snap/code/247/usr/lib/x86_64-linux-gnu/libtdb.so.1.4.5
77fe6a528000-77fe6a52e000 r--p 00012000 07:01 7474                       /snap/code/247/usr/lib/x86_64-linux-gnu/libtdb.so.1.4.5
77fe6a52e000-77fe6a52f000 r--p 00017000 07:01 7474                       /snap/code/247/usr/lib/x86_64-linux-gnu/libtdb.so.1.4.5
77fe6a52f000-77fe6a531000 rw-p 00018000 07:01 7474                       /snap/code/247/usr/lib/x86_64-linux-gnu/libtdb.so.1.4.5
77fe6a531000-77fe6a533000 r--p 00000000 07:01 7482                       /snap/code/247/usr/lib/x86_64-linux-gnu/libvorbisfile.so.3.3.7
77fe6a533000-77fe6a538000 r-xp 00002000 07:01 7482                       /snap/code/247/usr/lib/x86_64-linux-gnu/libvorbisfile.so.3.3.7
77fe6a538000-77fe6a539000 r--p 00007000 07:01 7482                       /snap/code/247/usr/lib/x86_64-linux-gnu/libvorbisfile.so.3.3.7
77fe6a539000-77fe6a53a000 ---p 00008000 07:01 7482                       /snap/code/247/usr/lib/x86_64-linux-gnu/libvorbisfile.so.3.3.7
77fe6a53a000-77fe6a53b000 r--p 00008000 07:01 7482                       /snap/code/247/usr/lib/x86_64-linux-gnu/libvorbisfile.so.3.3.7
77fe6a53b000-77fe6a53d000 rw-p 00009000 07:01 7482                       /snap/code/247/usr/lib/x86_64-linux-gnu/libvorbisfile.so.3.3.7
77fe6a53d000-77fe6a540000 r--p 00000000 07:01 7328                       /snap/code/247/usr/lib/x86_64-linux-gnu/libcanberra.so.0.2.5
77fe6a540000-77fe6a54a000 r-xp 00003000 07:01 7328                       /snap/code/247/usr/lib/x86_64-linux-gnu/libcanberra.so.0.2.5
77fe6a54a000-77fe6a54e000 r--p 0000d000 07:01 7328                       /snap/code/247/usr/lib/x86_64-linux-gnu/libcanberra.so.0.2.5
77fe6a54e000-77fe6a54f000 r--p 00010000 07:01 7328                       /snap/code/247/usr/lib/x86_64-linux-gnu/libcanberra.so.0.2.5
77fe6a54f000-77fe6a551000 rw-p 00011000 07:01 7328                       /snap/code/247/usr/lib/x86_64-linux-gnu/libcanberra.so.0.2.5
77fe6a551000-77fe6a553000 r--p 00000000 07:01 7326                       /snap/code/247/usr/lib/x86_64-linux-gnu/libcanberra-gtk3.so.0.1.9
77fe6a553000-77fe6a555000 r-xp 00002000 07:01 7326                       /snap/code/247/usr/lib/x86_64-linux-gnu/libcanberra-gtk3.so.0.1.9
77fe6a555000-77fe6a556000 r--p 00004000 07:01 7326                       /snap/code/247/usr/lib/x86_64-linux-gnu/libcanberra-gtk3.so.0.1.9
77fe6a556000-77fe6a557000 r--p 00004000 07:01 7326                       /snap/code/247/usr/lib/x86_64-linux-gnu/libcanberra-gtk3.so.0.1.9
77fe6a557000-77fe6a559000 rw-p 00005000 07:01 7326                       /snap/code/247/usr/lib/x86_64-linux-gnu/libcanberra-gtk3.so.0.1.9
77fe6a559000-77fe6a55b000 r--p 00000000 07:01 7250                       /snap/code/247/usr/lib/x86_64-linux-gnu/gtk-3.0/modules/libcanberra-gtk3-module.so
77fe6a55b000-77fe6a55e000 r-xp 00002000 07:01 7250                       /snap/code/247/usr/lib/x86_64-linux-gnu/gtk-3.0/modules/libcanberra-gtk3-module.so
77fe6a55e000-77fe6a55f000 r--p 00005000 07:01 7250                       /snap/code/247/usr/lib/x86_64-linux-gnu/gtk-3.0/modules/libcanberra-gtk3-module.so
77fe6a55f000-77fe6a560000 ---p 00006000 07:01 7250                       /snap/code/247/usr/lib/x86_64-linux-gnu/gtk-3.0/modules/libcanberra-gtk3-module.so
77fe6a560000-77fe6a561000 r--p 00006000 07:01 7250                       /snap/code/247/usr/lib/x86_64-linux-gnu/gtk-3.0/modules/libcanberra-gtk3-module.so
77fe6a561000-77fe6a563000 rw-p 00007000 07:01 7250                       /snap/code/247/usr/lib/x86_64-linux-gnu/gtk-3.0/modules/libcanberra-gtk3-module.so
77fe6a563000-77fe6a5c1000 r--s 00000000 08:22 7733703                    /var/cache/fontconfig/2300eef321c393bfd76478a5c0e95b23-le64.cache-9
77fe6a5c1000-77fe6a636000 r--s 00000000 08:22 7733701                    /var/cache/fontconfig/0bd3dc0958fa2205aaaa8ebb13e2872b-le64.cache-9
77fe6a636000-77fe6a6eb000 r--p 00000000 08:22 9445040                    /usr/share/themes/Yaru-dark/gtk-3.0/gtk.gresource
77fe6a6eb000-77fe6aeec000 rw-p 00000000 00:00 0 
77fe6aeec000-77fe6af05000 r--p 00000000 08:22 9044171                    /usr/lib/x86_64-linux-gnu/libsystemd.so.0.42.0
77fe6af05000-77fe6afbc000 r-xp 00019000 08:22 9044171                    /usr/lib/x86_64-linux-gnu/libsystemd.so.0.42.0
77fe6afbc000-77fe6aff6000 r--p 000d0000 08:22 9044171                    /usr/lib/x86_64-linux-gnu/libsystemd.so.0.42.0
77fe6aff6000-77fe6affe000 r--p 0010a000 08:22 9044171                    /usr/lib/x86_64-linux-gnu/libsystemd.so.0.42.0
77fe6affe000-77fe6afff000 rw-p 00112000 08:22 9044171                    /usr/lib/x86_64-linux-gnu/libsystemd.so.0.42.0
77fe6afff000-77fe6b000000 rw-p 00000000 00:00 0 
77fe6b000000-77fe6b08b000 r--p 00000000 08:22 9074918                    /usr/lib/x86_64-linux-gnu/libgtk-3.so.0.2420.32
77fe6b08b000-77fe6b43f000 r-xp 0008b000 08:22 9074918                    /usr/lib/x86_64-linux-gnu/libgtk-3.so.0.2420.32
77fe6b43f000-77fe6b701000 r--p 0043f000 08:22 9074918                    /usr/lib/x86_64-linux-gnu/libgtk-3.so.0.2420.32
77fe6b701000-77fe6b713000 r--p 00701000 08:22 9074918                    /usr/lib/x86_64-linux-gnu/libgtk-3.so.0.2420.32
77fe6b713000-77fe6b715000 rw-p 00713000 08:22 9074918                    /usr/lib/x86_64-linux-gnu/libgtk-3.so.0.2420.32
77fe6b715000-77fe6b71a000 rw-p 00000000 00:00 0 
77fe6b71b000-77fe6b729000 r--s 00000000 08:22 7733718                    /var/cache/fontconfig/a4e60e8d1e10d2fdff3fe3037a1845fb-le64.cache-9
77fe6b729000-77fe6b731000 r--s 00000000 08:22 7733704                    /var/cache/fontconfig/3047814df9a2f067bd2d96a2b9c36e5a-le64.cache-9
77fe6b731000-77fe6b737000 r--s 00000000 08:22 7733722                    /var/cache/fontconfig/d589a48862398ed80a3d6066f4f56f4c-le64.cache-9
77fe6b737000-77fe6b747000 r--s 00000000 08:22 7733712                    /var/cache/fontconfig/6cc790b63b123a6a96ee260fcdad32a9-le64.cache-9
77fe6b747000-77fe6b758000 r--s 00000000 08:22 7733716                    /var/cache/fontconfig/9b89f8e3dae116d678bbf48e5f21f69b-le64.cache-9
77fe6b758000-77fe6b759000 r--p 00000000 08:22 9074524                    /usr/lib/x86_64-linux-gnu/libXRes.so.1.0.0
77fe6b759000-77fe6b75b000 r-xp 00001000 08:22 9074524                    /usr/lib/x86_64-linux-gnu/libXRes.so.1.0.0
77fe6b75b000-77fe6b75c000 r--p 00003000 08:22 9074524                    /usr/lib/x86_64-linux-gnu/libXRes.so.1.0.0
77fe6b75c000-77fe6b75d000 r--p 00003000 08:22 9074524                    /usr/lib/x86_64-linux-gnu/libXRes.so.1.0.0
77fe6b75d000-77fe6b75e000 rw-p 00004000 08:22 9074524                    /usr/lib/x86_64-linux-gnu/libXRes.so.1.0.0
77fe6b75e000-77fe6b76a000 r--p 00000000 08:22 9074747                    /usr/lib/x86_64-linux-gnu/libdbus-1.so.3.38.3
77fe6b76a000-77fe6b79b000 r-xp 0000c000 08:22 9074747                    /usr/lib/x86_64-linux-gnu/libdbus-1.so.3.38.3
77fe6b79b000-77fe6b7ac000 r--p 0003d000 08:22 9074747                    /usr/lib/x86_64-linux-gnu/libdbus-1.so.3.38.3
77fe6b7ac000-77fe6b7ad000 r--p 0004d000 08:22 9074747                    /usr/lib/x86_64-linux-gnu/libdbus-1.so.3.38.3
77fe6b7ad000-77fe6b7ae000 rw-p 0004e000 08:22 9074747                    /usr/lib/x86_64-linux-gnu/libdbus-1.so.3.38.3
77fe6b7ae000-77fe6b7bf000 r--p 00000000 08:22 9059327                    /usr/lib/x86_64-linux-gnu/libatspi.so.0.0.1
77fe6b7bf000-77fe6b7db000 r-xp 00011000 08:22 9059327                    /usr/lib/x86_64-linux-gnu/libatspi.so.0.0.1
77fe6b7db000-77fe6b7e9000 r--p 0002d000 08:22 9059327                    /usr/lib/x86_64-linux-gnu/libatspi.so.0.0.1
77fe6b7e9000-77fe6b7ed000 r--p 0003a000 08:22 9059327                    /usr/lib/x86_64-linux-gnu/libatspi.so.0.0.1
77fe6b7ed000-77fe6b7ee000 rw-p 0003e000 08:22 9059327                    /usr/lib/x86_64-linux-gnu/libatspi.so.0.0.1
77fe6b7ee000-77fe6b7fa000 r--p 00000000 08:22 9059325                    /usr/lib/x86_64-linux-gnu/libatk-bridge-2.0.so.0.0.0
77fe6b7fa000-77fe6b815000 r-xp 0000c000 08:22 9059325                    /usr/lib/x86_64-linux-gnu/libatk-bridge-2.0.so.0.0.0
77fe6b815000-77fe6b829000 r--p 00027000 08:22 9059325                    /usr/lib/x86_64-linux-gnu/libatk-bridge-2.0.so.0.0.0
77fe6b829000-77fe6b82a000 r--p 0003b000 08:22 9059325                    /usr/lib/x86_64-linux-gnu/libatk-bridge-2.0.so.0.0.0
77fe6b82a000-77fe6b82c000 rw-p 0003c000 08:22 9059325                    /usr/lib/x86_64-linux-gnu/libatk-bridge-2.0.so.0.0.0
77fe6b82c000-77fe6b837000 r--p 00000000 08:22 9059330                    /usr/lib/x86_64-linux-gnu/libatk-1.0.so.0.26013.1
77fe6b837000-77fe6b847000 r-xp 0000b000 08:22 9059330                    /usr/lib/x86_64-linux-gnu/libatk-1.0.so.0.26013.1
77fe6b847000-77fe6b852000 r--p 0001b000 08:22 9059330                    /usr/lib/x86_64-linux-gnu/libatk-1.0.so.0.26013.1
77fe6b852000-77fe6b855000 r--p 00026000 08:22 9059330                    /usr/lib/x86_64-linux-gnu/libatk-1.0.so.0.26013.1
77fe6b855000-77fe6b856000 rw-p 00029000 08:22 9059330                    /usr/lib/x86_64-linux-gnu/libatk-1.0.so.0.26013.1
77fe6b856000-77fe6b857000 r--p 00000000 08:22 9074695                    /usr/lib/x86_64-linux-gnu/libbrotlicommon.so.1.2.0
77fe6b857000-77fe6b858000 r-xp 00001000 08:22 9074695                    /usr/lib/x86_64-linux-gnu/libbrotlicommon.so.1.2.0
77fe6b858000-77fe6b877000 r--p 00002000 08:22 9074695                    /usr/lib/x86_64-linux-gnu/libbrotlicommon.so.1.2.0
77fe6b877000-77fe6b878000 r--p 00021000 08:22 9074695                    /usr/lib/x86_64-linux-gnu/libbrotlicommon.so.1.2.0
77fe6b878000-77fe6b879000 rw-p 00022000 08:22 9074695                    /usr/lib/x86_64-linux-gnu/libbrotlicommon.so.1.2.0
77fe6b879000-77fe6b880000 r--p 00000000 08:22 9074690                    /usr/lib/x86_64-linux-gnu/libblkid.so.1.1.0
77fe6b880000-77fe6b8a5000 r-xp 00007000 08:22 9074690                    /usr/lib/x86_64-linux-gnu/libblkid.so.1.1.0
77fe6b8a5000-77fe6b8ae000 r--p 0002c000 08:22 9074690                    /usr/lib/x86_64-linux-gnu/libblkid.so.1.1.0
77fe6b8ae000-77fe6b8b4000 r--p 00034000 08:22 9074690                    /usr/lib/x86_64-linux-gnu/libblkid.so.1.1.0
77fe6b8b4000-77fe6b8b5000 rw-p 0003a000 08:22 9074690                    /usr/lib/x86_64-linux-gnu/libblkid.so.1.1.0
77fe6b8b5000-77fe6b8b8000 r--p 00000000 08:22 9045308                    /usr/lib/x86_64-linux-gnu/libgraphite2.so.3.2.1
77fe6b8b8000-77fe6b8d5000 r-xp 00003000 08:22 9045308                    /usr/lib/x86_64-linux-gnu/libgraphite2.so.3.2.1
77fe6b8d5000-77fe6b8d8000 r--p 00020000 08:22 9045308                    /usr/lib/x86_64-linux-gnu/libgraphite2.so.3.2.1
77fe6b8d8000-77fe6b8da000 r--p 00022000 08:22 9045308                    /usr/lib/x86_64-linux-gnu/libgraphite2.so.3.2.1
77fe6b8da000-77fe6b8db000 rw-p 00024000 08:22 9045308                    /usr/lib/x86_64-linux-gnu/libgraphite2.so.3.2.1
77fe6b8db000-77fe6b8dd000 r--p 00000000 08:22 9074745                    /usr/lib/x86_64-linux-gnu/libdatrie.so.1.4.1
77fe6b8dd000-77fe6b8e1000 r-xp 00002000 08:22 9074745                    /usr/lib/x86_64-linux-gnu/libdatrie.so.1.4.1
77fe6b8e1000-77fe6b8e2000 r--p 00006000 08:22 9074745                    /usr/lib/x86_64-linux-gnu/libdatrie.so.1.4.1
77fe6b8e2000-77fe6b8e3000 r--p 00006000 08:22 9074745                    /usr/lib/x86_64-linux-gnu/libdatrie.so.1.4.1
77fe6b8e3000-77fe6b8e4000 rw-p 00007000 08:22 9074745                    /usr/lib/x86_64-linux-gnu/libdatrie.so.1.4.1
77fe6b8e4000-77fe6b8e5000 r--p 00000000 08:22 9074696                    /usr/lib/x86_64-linux-gnu/libbrotlidec.so.1.2.0
77fe6b8e5000-77fe6b8ee000 r-xp 00001000 08:22 9074696                    /usr/lib/x86_64-linux-gnu/libbrotlidec.so.1.2.0
77fe6b8ee000-77fe6b8f1000 r--p 0000a000 08:22 9074696                    /usr/lib/x86_64-linux-gnu/libbrotlidec.so.1.2.0
77fe6b8f1000-77fe6b8f2000 r--p 0000c000 08:22 9074696                    /usr/lib/x86_64-linux-gnu/libbrotlidec.so.1.2.0
77fe6b8f2000-77fe6b8f3000 rw-p 0000d000 08:22 9074696                    /usr/lib/x86_64-linux-gnu/libbrotlidec.so.1.2.0
77fe6b8f3000-77fe6b8f5000 r--p 00000000 08:22 9074700                    /usr/lib/x86_64-linux-gnu/libbz2.so.1.0.4
77fe6b8f5000-77fe6b904000 r-xp 00002000 08:22 9074700                    /usr/lib/x86_64-linux-gnu/libbz2.so.1.0.4
77fe6b904000-77fe6b906000 r--p 00011000 08:22 9074700                    /usr/lib/x86_64-linux-gnu/libbz2.so.1.0.4
77fe6b906000-77fe6b907000 r--p 00012000 08:22 9074700                    /usr/lib/x86_64-linux-gnu/libbz2.so.1.0.4
77fe6b907000-77fe6b908000 rw-p 00013000 08:22 9074700                    /usr/lib/x86_64-linux-gnu/libbz2.so.1.0.4
77fe6b908000-77fe6b90c000 r--p 00000000 08:22 9074839                    /usr/lib/x86_64-linux-gnu/libgcc_s.so.1
77fe6b90c000-77fe6b930000 r-xp 00004000 08:22 9074839                    /usr/lib/x86_64-linux-gnu/libgcc_s.so.1
77fe6b930000-77fe6b934000 r--p 00028000 08:22 9074839                    /usr/lib/x86_64-linux-gnu/libgcc_s.so.1
77fe6b934000-77fe6b935000 r--p 0002c000 08:22 9074839                    /usr/lib/x86_64-linux-gnu/libgcc_s.so.1
77fe6b935000-77fe6b936000 rw-p 0002d000 08:22 9074839                    /usr/lib/x86_64-linux-gnu/libgcc_s.so.1
77fe6b936000-77fe6b939000 r--p 00000000 08:22 9075216                    /usr/lib/x86_64-linux-gnu/libseccomp.so.2.6.0
77fe6b939000-77fe6b949000 r-xp 00003000 08:22 9075216                    /usr/lib/x86_64-linux-gnu/libseccomp.so.2.6.0
77fe6b949000-77fe6b962000 r--p 00013000 08:22 9075216                    /usr/lib/x86_64-linux-gnu/libseccomp.so.2.6.0
77fe6b962000-77fe6b963000 r--p 0002c000 08:22 9075216                    /usr/lib/x86_64-linux-gnu/libseccomp.so.2.6.0
77fe6b963000-77fe6b964000 rw-p 0002d000 08:22 9075216                    /usr/lib/x86_64-linux-gnu/libseccomp.so.2.6.0
77fe6b964000-77fe6b96e000 r--p 00000000 08:22 9044426                    /usr/lib/x86_64-linux-gnu/liblcms2.so.2.0.17
77fe6b96e000-77fe6b9b2000 r-xp 0000a000 08:22 9044426                    /usr/lib/x86_64-linux-gnu/liblcms2.so.2.0.17
77fe6b9b2000-77fe6b9c5000 r--p 0004e000 08:22 9044426                    /usr/lib/x86_64-linux-gnu/liblcms2.so.2.0.17
77fe6b9c5000-77fe6b9c7000 r--p 00061000 08:22 9044426                    /usr/lib/x86_64-linux-gnu/liblcms2.so.2.0.17
77fe6b9c7000-77fe6b9ca000 rw-p 00063000 08:22 9044426                    /usr/lib/x86_64-linux-gnu/liblcms2.so.2.0.17
77fe6b9ca000-77fe6b9cb000 rw-p 00000000 00:00 0 
77fe6b9cb000-77fe6b9d3000 r--p 00000000 08:22 9075131                    /usr/lib/x86_64-linux-gnu/libpangoft2-1.0.so.0.5700.0
77fe6b9d3000-77fe6b9e4000 r-xp 00008000 08:22 9075131                    /usr/lib/x86_64-linux-gnu/libpangoft2-1.0.so.0.5700.0
77fe6b9e4000-77fe6b9e9000 r--p 00019000 08:22 9075131                    /usr/lib/x86_64-linux-gnu/libpangoft2-1.0.so.0.5700.0
77fe6b9e9000-77fe6b9ea000 r--p 0001e000 08:22 9075131                    /usr/lib/x86_64-linux-gnu/libpangoft2-1.0.so.0.5700.0
77fe6b9ea000-77fe6b9eb000 rw-p 0001f000 08:22 9075131                    /usr/lib/x86_64-linux-gnu/libpangoft2-1.0.so.0.5700.0
77fe6b9eb000-77fe6b9f2000 r--p 00000000 08:22 9075218                    /usr/lib/x86_64-linux-gnu/libselinux.so.1
77fe6b9f2000-77fe6ba13000 r-xp 00007000 08:22 9075218                    /usr/lib/x86_64-linux-gnu/libselinux.so.1
77fe6ba13000-77fe6ba1a000 r--p 00028000 08:22 9075218                    /usr/lib/x86_64-linux-gnu/libselinux.so.1
77fe6ba1a000-77fe6ba1b000 r--p 0002f000 08:22 9075218                    /usr/lib/x86_64-linux-gnu/libselinux.so.1
77fe6ba1b000-77fe6ba1c000 rw-p 00030000 08:22 9075218                    /usr/lib/x86_64-linux-gnu/libselinux.so.1
77fe6ba1c000-77fe6ba1e000 rw-p 00000000 00:00 0 
77fe6ba1e000-77fe6ba2a000 r--p 00000000 08:22 9074934                    /usr/lib/x86_64-linux-gnu/libharfbuzz.so.0.61232.0
77fe6ba2a000-77fe6bb16000 r-xp 0000c000 08:22 9074934                    /usr/lib/x86_64-linux-gnu/libharfbuzz.so.0.61232.0
77fe6bb16000-77fe6bb47000 r--p 000f8000 08:22 9074934                    /usr/lib/x86_64-linux-gnu/libharfbuzz.so.0.61232.0
77fe6bb47000-77fe6bb48000 r--p 00128000 08:22 9074934                    /usr/lib/x86_64-linux-gnu/libharfbuzz.so.0.61232.0
77fe6bb48000-77fe6bb49000 rw-p 00129000 08:22 9074934                    /usr/lib/x86_64-linux-gnu/libharfbuzz.so.0.61232.0
77fe6bb49000-77fe6bb55000 r--p 00000000 08:22 9075150                    /usr/lib/x86_64-linux-gnu/libpixman-1.so.0.46.4
77fe6bb55000-77fe6bbe7000 r-xp 0000c000 08:22 9075150                    /usr/lib/x86_64-linux-gnu/libpixman-1.so.0.46.4
77fe6bbe7000-77fe6bbf7000 r--p 0009e000 08:22 9075150                    /usr/lib/x86_64-linux-gnu/libpixman-1.so.0.46.4
77fe6bbf7000-77fe6bbff000 r--p 000ae000 08:22 9075150                    /usr/lib/x86_64-linux-gnu/libpixman-1.so.0.46.4
77fe6bbff000-77fe6bc00000 rw-p 000b6000 08:22 9075150                    /usr/lib/x86_64-linux-gnu/libpixman-1.so.0.46.4
77fe6bc00000-77fe6bc27000 r--p 00000000 08:22 9074862                    /usr/lib/x86_64-linux-gnu/libglycin-2.so.0
77fe6bc27000-77fe6bf3d000 r-xp 00027000 08:22 9074862                    /usr/lib/x86_64-linux-gnu/libglycin-2.so.0
77fe6bf3d000-77fe6bfd8000 r--p 0033d000 08:22 9074862                    /usr/lib/x86_64-linux-gnu/libglycin-2.so.0
77fe6bfd8000-77fe6bff1000 r--p 003d7000 08:22 9074862                    /usr/lib/x86_64-linux-gnu/libglycin-2.so.0
77fe6bff1000-77fe6bff4000 rw-p 003f0000 08:22 9074862                    /usr/lib/x86_64-linux-gnu/libglycin-2.so.0
77fe6bff8000-77fe6bffa000 r--p 00000000 08:22 9074530                    /usr/lib/x86_64-linux-gnu/libXdmcp.so.6.0.0
77fe6bffa000-77fe6bffc000 r-xp 00002000 08:22 9074530                    /usr/lib/x86_64-linux-gnu/libXdmcp.so.6.0.0
77fe6bffc000-77fe6bffe000 r--p 00004000 08:22 9074530                    /usr/lib/x86_64-linux-gnu/libXdmcp.so.6.0.0
77fe6bffe000-77fe6bfff000 r--p 00005000 08:22 9074530                    /usr/lib/x86_64-linux-gnu/libXdmcp.so.6.0.0
77fe6bfff000-77fe6c000000 rw-p 00006000 08:22 9074530                    /usr/lib/x86_64-linux-gnu/libXdmcp.so.6.0.0
77fe6c000000-77fe6c021000 rw-p 00000000 00:00 0 
77fe6c021000-77fe70000000 ---p 00000000 00:00 0 
77fe70000000-77fe72386000 rw-p 00000000 00:00 0 
77fe72386000-77fe74000000 ---p 00000000 00:00 0 
77fe74000000-77fe750f0000 rw-p 00000000 00:00 0 
77fe750f0000-77fe78000000 ---p 00000000 00:00 0 
77fe78000000-77fe78021000 rw-p 00000000 00:00 0 
77fe78021000-77fe7c000000 ---p 00000000 00:00 0 
77fe7c000000-77fe7c021000 rw-p 00000000 00:00 0 
77fe7c021000-77fe80000000 ---p 00000000 00:00 0 
77fe80000000-77fe8249c000 rw-p 00000000 00:00 0 
77fe8249c000-77fe84000000 ---p 00000000 00:00 0 
77fe84000000-77fe84021000 rw-p 00000000 00:00 0 
77fe84021000-77fe88000000 ---p 00000000 00:00 0 
77fe88000000-77fe88021000 rw-p 00000000 00:00 0 
77fe88021000-77fe8c000000 ---p 00000000 00:00 0 
77fe8c000000-77fe8c021000 rw-p 00000000 00:00 0 
77fe8c021000-77fe90000000 ---p 00000000 00:00 0 
77fe90000000-77fe90021000 rw-p 00000000 00:00 0 
77fe90021000-77fe94000000 ---p 00000000 00:00 0 
77fe94000000-77fe94500000 rw-p 00000000 00:00 0 
77fe94500000-77fe94540000 rw-p 00000000 00:00 0 
77fe94540000-77fe94580000 rw-p 00000000 00:00 0 
77fe94580000-77fe94700000 rw-p 00000000 00:00 0 
77fe94700000-77fe94720000 rw-p 00000000 00:00 0 
77fe94720000-77fe94740000 rw-p 00000000 00:00 0 
77fe94740000-77fe94780000 rw-p 00000000 00:00 0 
77fe94780000-77fe94900000 rw-p 00000000 00:00 0 
77fe94900000-77fe94920000 rw-p 00000000 00:00 0 
77fe94920000-77fe94940000 rw-p 00000000 00:00 0 
77fe94940000-77fe94980000 rw-p 00000000 00:00 0 
77fe94980000-77fe94b00000 rw-p 00000000 00:00 0 
77fe94b00000-77fe94b80000 rw-p 00000000 00:00 0 
77fe94b80000-77fe94c00000 rw-p 00000000 00:00 0 
77fe94c00000-77fe94d80000 rw-p 00000000 00:00 0 
77fe94d80000-77fe94e00000 rw-p 00000000 00:00 0 
77fe94e00000-77fe94f00000 rw-p 00000000 00:00 0 
77fe94f00000-77fe95000000 rw-p 00000000 00:00 0 
77fe95000000-77fe95100000 rw-p 00000000 00:00 0 
77fe95100000-77fe95200000 rw-p 00000000 00:00 0 
77fe95200000-77fe95400000 rw-p 00000000 00:00 0 
77fe95400000-77fe95500000 rw-p 00000000 00:00 0 
77fe95500000-77fe95600000 rw-p 00000000 00:00 0 
77fe95600000-77fe95900000 rw-p 00000000 00:00 0 
77fe95900000-77fe95a00000 rw-p 00000000 00:00 0 
77fe95a00000-77fe95b00000 rw-p 00000000 00:00 0 
77fe95b00000-77fe95c00000 rw-p 00000000 00:00 0 
77fe95c00000-77fe96300000 rw-p 00000000 00:00 0 
77fe96300000-77fe96400000 rw-p 00000000 00:00 0 
77fe96400000-77fe96f00000 rw-p 00000000 00:00 0 
77fe96f00000-77fe96f40000 rw-p 00000000 00:00 0 
77fe96f40000-77fe97000000 ---p 00000000 00:00 0 
77fe97000000-77fe97470000 rw-p 00000000 00:00 0 
77fe97470000-77fe98000000 ---p 00000000 00:00 0 
77fe98000000-77fe98021000 rw-p 00000000 00:00 0 
77fe98021000-77fe9c000000 ---p 00000000 00:00 0 
77fe9c000000-77fe9c030000 rw-p 00000000 00:00 0 
77fe9c030000-77fea0000000 ---p 00000000 00:00 0 
77fea0000000-77fea0021000 rw-p 00000000 00:00 0 
77fea0021000-77fea4000000 ---p 00000000 00:00 0 
77fea4000000-77fea4021000 rw-p 00000000 00:00 0 
77fea4021000-77fea8000000 ---p 00000000 00:00 0 
77fea8000000-77fea8021000 rw-p 00000000 00:00 0 
77fea8021000-77feac000000 ---p 00000000 00:00 0 
77feac000000-77feac021000 rw-p 00000000 00:00 0 
77feac021000-77feb0000000 ---p 00000000 00:00 0 
77feb0000000-77feb0021000 rw-p 00000000 00:00 0 
77feb0021000-77feb4000000 ---p 00000000 00:00 0 
77feb4004000-77feb4005000 r--p 00000000 08:22 9074525                    /usr/lib/x86_64-linux-gnu/libXau.so.6.0.0
77feb4005000-77feb4007000 r-xp 00001000 08:22 9074525                    /usr/lib/x86_64-linux-gnu/libXau.so.6.0.0
77feb4007000-77feb4008000 r--p 00003000 08:22 9074525                    /usr/lib/x86_64-linux-gnu/libXau.so.6.0.0
77feb4008000-77feb4009000 r--p 00003000 08:22 9074525                    /usr/lib/x86_64-linux-gnu/libXau.so.6.0.0
77feb4009000-77feb400a000 rw-p 00004000 08:22 9074525                    /usr/lib/x86_64-linux-gnu/libXau.so.6.0.0
77feb400a000-77feb4014000 r--p 00000000 08:22 9075044                    /usr/lib/x86_64-linux-gnu/libmount.so.1.1.0
77feb4014000-77feb404c000 r-xp 0000a000 08:22 9075044                    /usr/lib/x86_64-linux-gnu/libmount.so.1.1.0
77feb404c000-77feb405a000 r--p 00042000 08:22 9075044                    /usr/lib/x86_64-linux-gnu/libmount.so.1.1.0
77feb405a000-77feb405c000 r--p 00050000 08:22 9075044                    /usr/lib/x86_64-linux-gnu/libmount.so.1.1.0
77feb405c000-77feb405d000 rw-p 00052000 08:22 9075044                    /usr/lib/x86_64-linux-gnu/libmount.so.1.1.0
77feb405d000-77feb4061000 r--p 00000000 08:22 9074803                    /usr/lib/x86_64-linux-gnu/libexpat.so.1.11.2
77feb4061000-77feb407f000 r-xp 00004000 08:22 9074803                    /usr/lib/x86_64-linux-gnu/libexpat.so.1.11.2
77feb407f000-77feb4087000 r--p 00022000 08:22 9074803                    /usr/lib/x86_64-linux-gnu/libexpat.so.1.11.2
77feb4087000-77feb4089000 r--p 0002a000 08:22 9074803                    /usr/lib/x86_64-linux-gnu/libexpat.so.1.11.2
77feb4089000-77feb408a000 rw-p 0002c000 08:22 9074803                    /usr/lib/x86_64-linux-gnu/libexpat.so.1.11.2
77feb408a000-77feb408c000 r--p 00000000 08:22 9075271                    /usr/lib/x86_64-linux-gnu/libthai.so.0.3.2
77feb408c000-77feb4091000 r-xp 00002000 08:22 9075271                    /usr/lib/x86_64-linux-gnu/libthai.so.0.3.2
77feb4091000-77feb4094000 r--p 00007000 08:22 9075271                    /usr/lib/x86_64-linux-gnu/libthai.so.0.3.2
77feb4094000-77feb4095000 r--p 00009000 08:22 9075271                    /usr/lib/x86_64-linux-gnu/libthai.so.0.3.2
77feb4095000-77feb4096000 rw-p 0000a000 08:22 9075271                    /usr/lib/x86_64-linux-gnu/libthai.so.0.3.2
77feb4096000-77feb4097000 r--p 00000000 08:22 9075373                    /usr/lib/x86_64-linux-gnu/libxcb-shm.so.0.0.0
77feb4097000-77feb4098000 r-xp 00001000 08:22 9075373                    /usr/lib/x86_64-linux-gnu/libxcb-shm.so.0.0.0
77feb4098000-77feb4099000 r--p 00002000 08:22 9075373                    /usr/lib/x86_64-linux-gnu/libxcb-shm.so.0.0.0
77feb4099000-77feb409a000 r--p 00002000 08:22 9075373                    /usr/lib/x86_64-linux-gnu/libxcb-shm.so.0.0.0
77feb409a000-77feb409b000 rw-p 00003000 08:22 9075373                    /usr/lib/x86_64-linux-gnu/libxcb-shm.so.0.0.0
77feb409b000-77feb40a0000 r--p 00000000 08:22 9075370                    /usr/lib/x86_64-linux-gnu/libxcb-render.so.0.0.0
77feb40a0000-77feb40a5000 r-xp 00005000 08:22 9075370                    /usr/lib/x86_64-linux-gnu/libxcb-render.so.0.0.0
77feb40a5000-77feb40a8000 r--p 0000a000 08:22 9075370                    /usr/lib/x86_64-linux-gnu/libxcb-render.so.0.0.0
77feb40a8000-77feb40a9000 r--p 0000c000 08:22 9075370                    /usr/lib/x86_64-linux-gnu/libxcb-render.so.0.0.0
77feb40a9000-77feb40aa000 rw-p 0000d000 08:22 9075370                    /usr/lib/x86_64-linux-gnu/libxcb-render.so.0.0.0
77feb40aa000-77feb40b6000 r--p 00000000 08:22 9075377                    /usr/lib/x86_64-linux-gnu/libxcb.so.1.1.0
77feb40b6000-77feb40ca000 r-xp 0000c000 08:22 9075377                    /usr/lib/x86_64-linux-gnu/libxcb.so.1.1.0
77feb40ca000-77feb40d3000 r--p 00020000 08:22 9075377                    /usr/lib/x86_64-linux-gnu/libxcb.so.1.1.0
77feb40d3000-77feb40d4000 r--p 00028000 08:22 9075377                    /usr/lib/x86_64-linux-gnu/libxcb.so.1.1.0
77feb40d4000-77feb40d5000 rw-p 00029000 08:22 9075377                    /usr/lib/x86_64-linux-gnu/libxcb.so.1.1.0
77feb40d5000-77feb40d7000 r--p 00000000 08:22 9074541                    /usr/lib/x86_64-linux-gnu/libXrender.so.1.3.0
77feb40d7000-77feb40de000 r-xp 00002000 08:22 9074541                    /usr/lib/x86_64-linux-gnu/libXrender.so.1.3.0
77feb40de000-77feb40df000 r--p 00009000 08:22 9074541                    /usr/lib/x86_64-linux-gnu/libXrender.so.1.3.0
77feb40df000-77feb40e0000 r--p 00009000 08:22 9074541                    /usr/lib/x86_64-linux-gnu/libXrender.so.1.3.0
77feb40e0000-77feb40e1000 rw-p 0000a000 08:22 9074541                    /usr/lib/x86_64-linux-gnu/libXrender.so.1.3.0
77feb40e1000-77feb40ee000 r--p 00000000 08:22 9059177                    /usr/lib/x86_64-linux-gnu/libfreetype.so.6.20.5
77feb40ee000-77feb4185000 r-xp 0000d000 08:22 9059177                    /usr/lib/x86_64-linux-gnu/libfreetype.so.6.20.5
77feb4185000-77feb41ad000 r--p 000a4000 08:22 9059177                    /usr/lib/x86_64-linux-gnu/libfreetype.so.6.20.5
77feb41ad000-77feb41b5000 r--p 000cc000 08:22 9059177                    /usr/lib/x86_64-linux-gnu/libfreetype.so.6.20.5
77feb41b5000-77feb41b6000 rw-p 000d4000 08:22 9059177                    /usr/lib/x86_64-linux-gnu/libfreetype.so.6.20.5
77feb41b6000-77feb41bb000 r--p 00000000 08:22 9075159                    /usr/lib/x86_64-linux-gnu/libpng16.so.16.57.0
77feb41bb000-77feb41e5000 r-xp 00005000 08:22 9075159                    /usr/lib/x86_64-linux-gnu/libpng16.so.16.57.0
77feb41e5000-77feb41ee000 r--p 0002f000 08:22 9075159                    /usr/lib/x86_64-linux-gnu/libpng16.so.16.57.0
77feb41ee000-77feb41ef000 r--p 00037000 08:22 9075159                    /usr/lib/x86_64-linux-gnu/libpng16.so.16.57.0
77feb41ef000-77feb41f0000 rw-p 00038000 08:22 9075159                    /usr/lib/x86_64-linux-gnu/libpng16.so.16.57.0
77feb41f0000-77feb41f3000 r--p 00000000 08:22 9075390                    /usr/lib/x86_64-linux-gnu/libz.so.1.3.1
77feb41f3000-77feb4206000 r-xp 00003000 08:22 9075390                    /usr/lib/x86_64-linux-gnu/libz.so.1.3.1
77feb4206000-77feb420c000 r--p 00016000 08:22 9075390                    /usr/lib/x86_64-linux-gnu/libz.so.1.3.1
77feb420c000-77feb420d000 r--p 0001c000 08:22 9075390                    /usr/lib/x86_64-linux-gnu/libz.so.1.3.1
77feb420d000-77feb420e000 rw-p 0001d000 08:22 9075390                    /usr/lib/x86_64-linux-gnu/libz.so.1.3.1
77feb420e000-77feb4211000 r--p 00000000 08:22 9075142                    /usr/lib/x86_64-linux-gnu/libpcre2-8.so.0.14.0
77feb4211000-77feb428d000 r-xp 00003000 08:22 9075142                    /usr/lib/x86_64-linux-gnu/libpcre2-8.so.0.14.0
77feb428d000-77feb42b8000 r--p 0007f000 08:22 9075142                    /usr/lib/x86_64-linux-gnu/libpcre2-8.so.0.14.0
77feb42b8000-77feb42b9000 r--p 000a9000 08:22 9075142                    /usr/lib/x86_64-linux-gnu/libpcre2-8.so.0.14.0
77feb42b9000-77feb42ba000 rw-p 000aa000 08:22 9075142                    /usr/lib/x86_64-linux-gnu/libpcre2-8.so.0.14.0
77feb42ba000-77feb42bc000 r--p 00000000 08:22 9074658                    /usr/lib/x86_64-linux-gnu/libatomic.so.1.2.0
77feb42bc000-77feb42c0000 r-xp 00002000 08:22 9074658                    /usr/lib/x86_64-linux-gnu/libatomic.so.1.2.0
77feb42c0000-77feb42c2000 r--p 00006000 08:22 9074658                    /usr/lib/x86_64-linux-gnu/libatomic.so.1.2.0
77feb42c2000-77feb42c3000 r--p 00007000 08:22 9074658                    /usr/lib/x86_64-linux-gnu/libatomic.so.1.2.0
77feb42c3000-77feb42c4000 rw-p 00008000 08:22 9074658                    /usr/lib/x86_64-linux-gnu/libatomic.so.1.2.0
77feb42c4000-77feb42c5000 rw-p 00000000 00:00 0 
77feb42c5000-77feb42c7000 r--p 00000000 08:22 9074809                    /usr/lib/x86_64-linux-gnu/libffi.so.8.2.0
77feb42c7000-77feb42d2000 r-xp 00002000 08:22 9074809                    /usr/lib/x86_64-linux-gnu/libffi.so.8.2.0
77feb42d2000-77feb42d4000 r--p 0000d000 08:22 9074809                    /usr/lib/x86_64-linux-gnu/libffi.so.8.2.0
77feb42d4000-77feb42d5000 r--p 0000e000 08:22 9074809                    /usr/lib/x86_64-linux-gnu/libffi.so.8.2.0
77feb42d5000-77feb42d6000 rw-p 0000f000 08:22 9074809                    /usr/lib/x86_64-linux-gnu/libffi.so.8.2.0
77feb42d6000-77feb42d8000 r--p 00000000 08:22 9074864                    /usr/lib/x86_64-linux-gnu/libgmodule-2.0.so.0.8800.0
77feb42d8000-77feb42da000 r-xp 00002000 08:22 9074864                    /usr/lib/x86_64-linux-gnu/libgmodule-2.0.so.0.8800.0
77feb42da000-77feb42db000 r--p 00004000 08:22 9074864                    /usr/lib/x86_64-linux-gnu/libgmodule-2.0.so.0.8800.0
77feb42db000-77feb42dc000 r--p 00004000 08:22 9074864                    /usr/lib/x86_64-linux-gnu/libgmodule-2.0.so.0.8800.0
77feb42dc000-77feb42dd000 rw-p 00005000 08:22 9074864                    /usr/lib/x86_64-linux-gnu/libgmodule-2.0.so.0.8800.0
77feb42dd000-77feb42de000 r--p 00000000 08:22 9074536                    /usr/lib/x86_64-linux-gnu/libXinerama.so.1.0.0
77feb42de000-77feb42df000 r-xp 00001000 08:22 9074536                    /usr/lib/x86_64-linux-gnu/libXinerama.so.1.0.0
77feb42df000-77feb42e0000 r--p 00002000 08:22 9074536                    /usr/lib/x86_64-linux-gnu/libXinerama.so.1.0.0
77feb42e0000-77feb42e1000 r--p 00002000 08:22 9074536                    /usr/lib/x86_64-linux-gnu/libXinerama.so.1.0.0
77feb42e1000-77feb42e2000 rw-p 00003000 08:22 9074536                    /usr/lib/x86_64-linux-gnu/libXinerama.so.1.0.0
77feb42e2000-77feb42e4000 r--p 00000000 08:22 9074540                    /usr/lib/x86_64-linux-gnu/libXrandr.so.2.2.0
77feb42e4000-77feb42eb000 r-xp 00002000 08:22 9074540                    /usr/lib/x86_64-linux-gnu/libXrandr.so.2.2.0
77feb42eb000-77feb42ed000 r--p 00009000 08:22 9074540                    /usr/lib/x86_64-linux-gnu/libXrandr.so.2.2.0
77feb42ed000-77feb42ee000 r--p 0000a000 08:22 9074540                    /usr/lib/x86_64-linux-gnu/libXrandr.so.2.2.0
77feb42ee000-77feb42ef000 rw-p 0000b000 08:22 9074540                    /usr/lib/x86_64-linux-gnu/libXrandr.so.2.2.0
77feb42ef000-77feb42f0000 r--p 00000000 08:22 9074527                    /usr/lib/x86_64-linux-gnu/libXcomposite.so.1.0.0
77feb42f0000-77feb42f1000 r-xp 00001000 08:22 9074527                    /usr/lib/x86_64-linux-gnu/libXcomposite.so.1.0.0
77feb42f1000-77feb42f2000 r--p 00002000 08:22 9074527                    /usr/lib/x86_64-linux-gnu/libXcomposite.so.1.0.0
77feb42f2000-77feb42f3000 r--p 00002000 08:22 9074527                    /usr/lib/x86_64-linux-gnu/libXcomposite.so.1.0.0
77feb42f3000-77feb42f4000 rw-p 00003000 08:22 9074527                    /usr/lib/x86_64-linux-gnu/libXcomposite.so.1.0.0
77feb42f4000-77feb42f6000 r--p 00000000 08:22 9074532                    /usr/lib/x86_64-linux-gnu/libXfixes.so.3.1.0
77feb42f6000-77feb42f9000 r-xp 00002000 08:22 9074532                    /usr/lib/x86_64-linux-gnu/libXfixes.so.3.1.0
77feb42f9000-77feb42fa000 r--p 00005000 08:22 9074532                    /usr/lib/x86_64-linux-gnu/libXfixes.so.3.1.0
77feb42fa000-77feb42fb000 r--p 00005000 08:22 9074532                    /usr/lib/x86_64-linux-gnu/libXfixes.so.3.1.0
77feb42fb000-77feb42fc000 rw-p 00006000 08:22 9074532                    /usr/lib/x86_64-linux-gnu/libXfixes.so.3.1.0
77feb42fc000-77feb42fd000 r--p 00000000 08:22 9074529                    /usr/lib/x86_64-linux-gnu/libXdamage.so.1.1.0
77feb42fd000-77feb42fe000 r-xp 00001000 08:22 9074529                    /usr/lib/x86_64-linux-gnu/libXdamage.so.1.1.0
77feb42fe000-77feb42ff000 r--p 00002000 08:22 9074529                    /usr/lib/x86_64-linux-gnu/libXdamage.so.1.1.0
77feb42ff000-77feb4300000 r--p 00002000 08:22 9074529                    /usr/lib/x86_64-linux-gnu/libXdamage.so.1.1.0
77feb4300000-77feb4301000 rw-p 00003000 08:22 9074529                    /usr/lib/x86_64-linux-gnu/libXdamage.so.1.1.0
77feb4301000-77feb4304000 r--p 00000000 08:22 9074528                    /usr/lib/x86_64-linux-gnu/libXcursor.so.1.0.2
77feb4304000-77feb430a000 r-xp 00003000 08:22 9074528                    /usr/lib/x86_64-linux-gnu/libXcursor.so.1.0.2
77feb430a000-77feb430c000 r--p 00009000 08:22 9074528                    /usr/lib/x86_64-linux-gnu/libXcursor.so.1.0.2
77feb430c000-77feb430d000 r--p 0000a000 08:22 9074528                    /usr/lib/x86_64-linux-gnu/libXcursor.so.1.0.2
77feb430d000-77feb430e000 rw-p 0000b000 08:22 9074528                    /usr/lib/x86_64-linux-gnu/libXcursor.so.1.0.2
77feb430e000-77feb4312000 r--p 00000000 08:22 9074531                    /usr/lib/x86_64-linux-gnu/libXext.so.6.4.0
77feb4312000-77feb431d000 r-xp 00004000 08:22 9074531                    /usr/lib/x86_64-linux-gnu/libXext.so.6.4.0
77feb431d000-77feb4320000 r--p 0000f000 08:22 9074531                    /usr/lib/x86_64-linux-gnu/libXext.so.6.4.0
77feb4320000-77feb4321000 r--p 00011000 08:22 9074531                    /usr/lib/x86_64-linux-gnu/libXext.so.6.4.0
77feb4321000-77feb4322000 rw-p 00012000 08:22 9074531                    /usr/lib/x86_64-linux-gnu/libXext.so.6.4.0
77feb4322000-77feb4325000 r--p 00000000 08:22 9074535                    /usr/lib/x86_64-linux-gnu/libXi.so.6.1.0
77feb4325000-77feb4332000 r-xp 00003000 08:22 9074535                    /usr/lib/x86_64-linux-gnu/libXi.so.6.1.0
77feb4332000-77feb4334000 r--p 00010000 08:22 9074535                    /usr/lib/x86_64-linux-gnu/libXi.so.6.1.0
77feb4334000-77feb4335000 r--p 00012000 08:22 9074535                    /usr/lib/x86_64-linux-gnu/libXi.so.6.1.0
77feb4335000-77feb4336000 rw-p 00013000 08:22 9074535                    /usr/lib/x86_64-linux-gnu/libXi.so.6.1.0
77feb4336000-77feb434f000 r--p 00000000 08:22 9074523                    /usr/lib/x86_64-linux-gnu/libX11.so.6.4.0
77feb434f000-77feb43e4000 r-xp 00019000 08:22 9074523                    /usr/lib/x86_64-linux-gnu/libX11.so.6.4.0
77feb43e4000-77feb4473000 r--p 000ae000 08:22 9074523                    /usr/lib/x86_64-linux-gnu/libX11.so.6.4.0
77feb4473000-77feb4474000 r--p 0013d000 08:22 9074523                    /usr/lib/x86_64-linux-gnu/libX11.so.6.4.0
77feb4474000-77feb4478000 rw-p 0013e000 08:22 9074523                    /usr/lib/x86_64-linux-gnu/libX11.so.6.4.0
77feb4478000-77feb447a000 r--p 00000000 08:22 9075348                    /usr/lib/x86_64-linux-gnu/libwayland-cursor.so.0.24.0
77feb447a000-77feb447c000 r-xp 00002000 08:22 9075348                    /usr/lib/x86_64-linux-gnu/libwayland-cursor.so.0.24.0
77feb447c000-77feb447d000 r--p 00004000 08:22 9075348                    /usr/lib/x86_64-linux-gnu/libwayland-cursor.so.0.24.0
77feb447d000-77feb447e000 r--p 00004000 08:22 9075348                    /usr/lib/x86_64-linux-gnu/libwayland-cursor.so.0.24.0
77feb447e000-77feb4482000 rw-p 00005000 08:22 9075348                    /usr/lib/x86_64-linux-gnu/libwayland-cursor.so.0.24.0
77feb4482000-77feb4488000 r--p 00000000 08:22 9075347                    /usr/lib/x86_64-linux-gnu/libwayland-client.so.0.24.0
77feb4488000-77feb448f000 r-xp 00006000 08:22 9075347                    /usr/lib/x86_64-linux-gnu/libwayland-client.so.0.24.0
77feb448f000-77feb4492000 r--p 0000d000 08:22 9075347                    /usr/lib/x86_64-linux-gnu/libwayland-client.so.0.24.0
77feb4492000-77feb4494000 r--p 0000f000 08:22 9075347                    /usr/lib/x86_64-linux-gnu/libwayland-client.so.0.24.0
77feb4494000-77feb4495000 rw-p 00011000 08:22 9075347                    /usr/lib/x86_64-linux-gnu/libwayland-client.so.0.24.0
77feb4495000-77feb449b000 r--p 00000000 08:22 9075379                    /usr/lib/x86_64-linux-gnu/libxkbcommon.so.0.13.1
77feb449b000-77feb44c9000 r-xp 00006000 08:22 9075379                    /usr/lib/x86_64-linux-gnu/libxkbcommon.so.0.13.1
77feb44c9000-77feb44f1000 r--p 00034000 08:22 9075379                    /usr/lib/x86_64-linux-gnu/libxkbcommon.so.0.13.1
77feb44f1000-77feb44f3000 r--p 0005b000 08:22 9075379                    /usr/lib/x86_64-linux-gnu/libxkbcommon.so.0.13.1
77feb44f3000-77feb44f4000 rw-p 0005d000 08:22 9075379                    /usr/lib/x86_64-linux-gnu/libxkbcommon.so.0.13.1
77feb44f4000-77feb44f9000 r--p 00000000 08:22 9075130                    /usr/lib/x86_64-linux-gnu/libpangocairo-1.0.so.0.5700.0
77feb44f9000-77feb4501000 r-xp 00005000 08:22 9075130                    /usr/lib/x86_64-linux-gnu/libpangocairo-1.0.so.0.5700.0
77feb4501000-77feb4503000 r--p 0000d000 08:22 9075130                    /usr/lib/x86_64-linux-gnu/libpangocairo-1.0.so.0.5700.0
77feb4503000-77feb4504000 r--p 0000f000 08:22 9075130                    /usr/lib/x86_64-linux-gnu/libpangocairo-1.0.so.0.5700.0
77feb4504000-77feb4505000 rw-p 00010000 08:22 9075130                    /usr/lib/x86_64-linux-gnu/libpangocairo-1.0.so.0.5700.0
77feb4505000-77feb4542000 r--p 00000000 08:22 9074857                    /usr/lib/x86_64-linux-gnu/libgio-2.0.so.0.8800.0
77feb4542000-77feb4660000 r-xp 0003d000 08:22 9074857                    /usr/lib/x86_64-linux-gnu/libgio-2.0.so.0.8800.0
77feb4660000-77feb46d6000 r--p 0015b000 08:22 9074857                    /usr/lib/x86_64-linux-gnu/libgio-2.0.so.0.8800.0
77feb46d6000-77feb46df000 r--p 001d0000 08:22 9074857                    /usr/lib/x86_64-linux-gnu/libgio-2.0.so.0.8800.0
77feb46df000-77feb46e0000 rw-p 001d9000 08:22 9074857                    /usr/lib/x86_64-linux-gnu/libgio-2.0.so.0.8800.0
77feb46e0000-77feb46e2000 rw-p 00000000 00:00 0 
77feb46e2000-77feb46ea000 r--p 00000000 08:22 9074815                    /usr/lib/x86_64-linux-gnu/libfontconfig.so.1.16.1
77feb46ea000-77feb471b000 r-xp 00008000 08:22 9074815                    /usr/lib/x86_64-linux-gnu/libfontconfig.so.1.16.1
77feb471b000-77feb4732000 r--p 00039000 08:22 9074815                    /usr/lib/x86_64-linux-gnu/libfontconfig.so.1.16.1
77feb4732000-77feb4734000 r--p 00050000 08:22 9074815                    /usr/lib/x86_64-linux-gnu/libfontconfig.so.1.16.1
77feb4734000-77feb4735000 rw-p 00052000 08:22 9074815                    /usr/lib/x86_64-linux-gnu/libfontconfig.so.1.16.1
77feb4735000-77feb4795000 r--p 00000000 08:22 9074796                    /usr/lib/x86_64-linux-gnu/libepoxy.so.0.0.0
77feb4795000-77feb4802000 r-xp 00060000 08:22 9074796                    /usr/lib/x86_64-linux-gnu/libepoxy.so.0.0.0
77feb4802000-77feb4847000 r--p 000cd000 08:22 9074796                    /usr/lib/x86_64-linux-gnu/libepoxy.so.0.0.0
77feb4847000-77feb484f000 r--p 00112000 08:22 9074796                    /usr/lib/x86_64-linux-gnu/libepoxy.so.0.0.0
77feb484f000-77feb4856000 rw-p 0011a000 08:22 9074796                    /usr/lib/x86_64-linux-gnu/libepoxy.so.0.0.0
77feb4856000-77feb485a000 r--p 00000000 08:22 9074708                    /usr/lib/x86_64-linux-gnu/libcairo-gobject.so.2.11804.4
77feb485a000-77feb485c000 r-xp 00004000 08:22 9074708                    /usr/lib/x86_64-linux-gnu/libcairo-gobject.so.2.11804.4
77feb485c000-77feb485f000 r--p 00006000 08:22 9074708                    /usr/lib/x86_64-linux-gnu/libcairo-gobject.so.2.11804.4
77feb485f000-77feb4861000 r--p 00008000 08:22 9074708                    /usr/lib/x86_64-linux-gnu/libcairo-gobject.so.2.11804.4
77feb4861000-77feb4862000 rw-p 0000a000 08:22 9074708                    /usr/lib/x86_64-linux-gnu/libcairo-gobject.so.2.11804.4
77feb4862000-77feb4864000 r--p 00000000 08:22 9074829                    /usr/lib/x86_64-linux-gnu/libfribidi.so.0.4.0
77feb4864000-77feb4868000 r-xp 00002000 08:22 9074829                    /usr/lib/x86_64-linux-gnu/libfribidi.so.0.4.0
77feb4868000-77feb487f000 r--p 00006000 08:22 9074829                    /usr/lib/x86_64-linux-gnu/libfribidi.so.0.4.0
77feb487f000-77feb4880000 r--p 0001c000 08:22 9074829                    /usr/lib/x86_64-linux-gnu/libfribidi.so.0.4.0
77feb4880000-77feb4881000 rw-p 0001d000 08:22 9074829                    /usr/lib/x86_64-linux-gnu/libfribidi.so.0.4.0
77feb4881000-77feb4894000 r--p 00000000 08:22 9075129                    /usr/lib/x86_64-linux-gnu/libpango-1.0.so.0.5700.0
77feb4894000-77feb48d3000 r-xp 00013000 08:22 9075129                    /usr/lib/x86_64-linux-gnu/libpango-1.0.so.0.5700.0
77feb48d3000-77feb48ed000 r--p 00052000 08:22 9075129                    /usr/lib/x86_64-linux-gnu/libpango-1.0.so.0.5700.0
77feb48ed000-77feb48f1000 r--p 0006b000 08:22 9075129                    /usr/lib/x86_64-linux-gnu/libpango-1.0.so.0.5700.0
77feb48f1000-77feb48f2000 rw-p 0006f000 08:22 9075129                    /usr/lib/x86_64-linux-gnu/libpango-1.0.so.0.5700.0
77feb48f2000-77feb4906000 r--p 00000000 08:22 9074710                    /usr/lib/x86_64-linux-gnu/libcairo.so.2.11804.4
77feb4906000-77feb49fd000 r-xp 00014000 08:22 9074710                    /usr/lib/x86_64-linux-gnu/libcairo.so.2.11804.4
77feb49fd000-77feb4a3a000 r--p 0010b000 08:22 9074710                    /usr/lib/x86_64-linux-gnu/libcairo.so.2.11804.4
77feb4a3a000-77feb4a3e000 r--p 00148000 08:22 9074710                    /usr/lib/x86_64-linux-gnu/libcairo.so.2.11804.4
77feb4a3e000-77feb4a40000 rw-p 0014c000 08:22 9074710                    /usr/lib/x86_64-linux-gnu/libcairo.so.2.11804.4
77feb4a40000-77feb4a41000 rw-p 00000000 00:00 0 
77feb4a41000-77feb4a60000 r--p 00000000 08:22 9074861                    /usr/lib/x86_64-linux-gnu/libglib-2.0.so.0.8800.0
77feb4a60000-77feb4b06000 r-xp 0001f000 08:22 9074861                    /usr/lib/x86_64-linux-gnu/libglib-2.0.so.0.8800.0
77feb4b06000-77feb4b96000 r--p 000c5000 08:22 9074861                    /usr/lib/x86_64-linux-gnu/libglib-2.0.so.0.8800.0
77feb4b96000-77feb4b97000 r--p 00155000 08:22 9074861                    /usr/lib/x86_64-linux-gnu/libglib-2.0.so.0.8800.0
77feb4b97000-77feb4b98000 rw-p 00156000 08:22 9074861                    /usr/lib/x86_64-linux-gnu/libglib-2.0.so.0.8800.0
77feb4b98000-77feb4b99000 rw-p 00000000 00:00 0 
77feb4b99000-77feb4ba9000 r--p 00000000 08:22 9074878                    /usr/lib/x86_64-linux-gnu/libgobject-2.0.so.0.8800.0
77feb4ba9000-77feb4be0000 r-xp 00010000 08:22 9074878                    /usr/lib/x86_64-linux-gnu/libgobject-2.0.so.0.8800.0
77feb4be0000-77feb4bf9000 r--p 00047000 08:22 9074878                    /usr/lib/x86_64-linux-gnu/libgobject-2.0.so.0.8800.0
77feb4bf9000-77feb4bfc000 r--p 0005f000 08:22 9074878                    /usr/lib/x86_64-linux-gnu/libgobject-2.0.so.0.8800.0
77feb4bfc000-77feb4bfd000 rw-p 00062000 08:22 9074878                    /usr/lib/x86_64-linux-gnu/libgobject-2.0.so.0.8800.0
77feb4bfd000-77feb4c06000 r--p 00000000 08:22 9074850                    /usr/lib/x86_64-linux-gnu/libgdk_pixbuf-2.0.so.0.4400.5
77feb4c06000-77feb4c24000 r-xp 00009000 08:22 9074850                    /usr/lib/x86_64-linux-gnu/libgdk_pixbuf-2.0.so.0.4400.5
77feb4c24000-77feb4c30000 r--p 00027000 08:22 9074850                    /usr/lib/x86_64-linux-gnu/libgdk_pixbuf-2.0.so.0.4400.5
77feb4c30000-77feb4c32000 r--p 00032000 08:22 9074850                    /usr/lib/x86_64-linux-gnu/libgdk_pixbuf-2.0.so.0.4400.5
77feb4c32000-77feb4c33000 rw-p 00034000 08:22 9074850                    /usr/lib/x86_64-linux-gnu/libgdk_pixbuf-2.0.so.0.4400.5
77feb4c33000-77feb4c61000 r--p 00000000 08:22 9074849                    /usr/lib/x86_64-linux-gnu/libgdk-3.so.0.2420.32
77feb4c61000-77feb4cee000 r-xp 0002e000 08:22 9074849                    /usr/lib/x86_64-linux-gnu/libgdk-3.so.0.2420.32
77feb4cee000-77feb4d33000 r--p 000bb000 08:22 9074849                    /usr/lib/x86_64-linux-gnu/libgdk-3.so.0.2420.32
77feb4d33000-77feb4d3d000 r--p 000ff000 08:22 9074849                    /usr/lib/x86_64-linux-gnu/libgdk-3.so.0.2420.32
77feb4d3d000-77feb4d3f000 rw-p 00109000 08:22 9074849                    /usr/lib/x86_64-linux-gnu/libgdk-3.so.0.2420.32
77feb4d41000-77feb4d43000 r--p 00000000 08:22 9209796                    /usr/share/icons/Yaru-dark/icon-theme.cache
77feb4d43000-77feb4d44000 r--s 00000000 08:22 7733707                    /var/cache/fontconfig/3f7329c5293ffd510edef78f73874cfd-le64.cache-9
77feb4d44000-77feb4d52000 r--s 00000000 08:22 7733724                    /var/cache/fontconfig/e13b20fdb08344e0e664864cc2ede53d-le64.cache-9
77feb4d52000-77feb4d56000 r--p 00000000 07:21 2154                       /snap/dbeaver-ce/543/usr/share/dbeaver-ce/plugins/org.eclipse.equinox.launcher.gtk.linux.x86_64_1.2.1500.v20250801-0854/eclipse_11916.so
77feb4d56000-77feb4d60000 r-xp 00004000 07:21 2154                       /snap/dbeaver-ce/543/usr/share/dbeaver-ce/plugins/org.eclipse.equinox.launcher.gtk.linux.x86_64_1.2.1500.v20250801-0854/eclipse_11916.so
77feb4d60000-77feb4d63000 r--p 0000e000 07:21 2154                       /snap/dbeaver-ce/543/usr/share/dbeaver-ce/plugins/org.eclipse.equinox.launcher.gtk.linux.x86_64_1.2.1500.v20250801-0854/eclipse_11916.so
77feb4d63000-77feb4d64000 r--p 00010000 07:21 2154                       /snap/dbeaver-ce/543/usr/share/dbeaver-ce/plugins/org.eclipse.equinox.launcher.gtk.linux.x86_64_1.2.1500.v20250801-0854/eclipse_11916.so
77feb4d64000-77feb4d65000 rw-p 00011000 07:21 2154                       /snap/dbeaver-ce/543/usr/share/dbeaver-ce/plugins/org.eclipse.equinox.launcher.gtk.linux.x86_64_1.2.1500.v20250801-0854/eclipse_11916.so
77feb4d65000-77feb4d66000 rw-p 00000000 00:00 0 
77feb4d66000-77feb4d6a000 ---p 00000000 00:00 0 
77feb4d6a000-77feb4e66000 rw-p 00000000 00:00 0 
77feb4e66000-77feb4e68000 r--p 00000000 07:21 1856                       /snap/dbeaver-ce/543/usr/share/dbeaver-ce/jre/lib/libzip.so
77feb4e68000-77feb4e7b000 r-xp 00002000 07:21 1856                       /snap/dbeaver-ce/543/usr/share/dbeaver-ce/jre/lib/libzip.so
77feb4e7b000-77feb4e82000 r--p 00015000 07:21 1856                       /snap/dbeaver-ce/543/usr/share/dbeaver-ce/jre/lib/libzip.so
77feb4e82000-77feb4e83000 r--p 0001c000 07:21 1856                       /snap/dbeaver-ce/543/usr/share/dbeaver-ce/jre/lib/libzip.so
77feb4e83000-77feb4e84000 rw-p 0001d000 07:21 1856                       /snap/dbeaver-ce/543/usr/share/dbeaver-ce/jre/lib/libzip.so
77feb4e84000-77feb4e88000 ---p 00000000 00:00 0 
77feb4e88000-77feb4f84000 rw-p 00000000 00:00 0 
77feb4f84000-77feb4f88000 ---p 00000000 00:00 0 
77feb4f88000-77feb5084000 rw-p 00000000 00:00 0 
77feb5084000-77feb5088000 ---p 00000000 00:00 0 
77feb5088000-77feb5184000 rw-p 00000000 00:00 0 
77feb5184000-77feb5188000 ---p 00000000 00:00 0 
77feb5188000-77feb5284000 rw-p 00000000 00:00 0 
77feb5284000-77feb5288000 ---p 00000000 00:00 0 
77feb5288000-77feb5384000 rw-p 00000000 00:00 0 
77feb5384000-77feb5388000 ---p 00000000 00:00 0 
77feb5388000-77feb5484000 rw-p 00000000 00:00 0 
77feb5484000-77feb5488000 ---p 00000000 00:00 0 
77feb5488000-77feb5584000 rw-p 00000000 00:00 0 
77feb5584000-77feb5588000 ---p 00000000 00:00 0 
77feb5588000-77feb5684000 rw-p 00000000 00:00 0 
77feb5684000-77feb5688000 ---p 00000000 00:00 0 
77feb5688000-77feb5784000 rw-p 00000000 00:00 0 
77feb5784000-77feb59fc000 r--p 00000000 07:01 188                        /snap/code/247/usr/lib/locale/aa_DJ.utf8/LC_COLLATE
77feb59fc000-77feb5e00000 rw-p 00000000 00:00 0 
77feb5e00000-77feb8014000 rw-p 00000000 00:00 0 
77feb8014000-77feb810c000 ---p 00000000 00:00 0 
77feb810c000-77feb8110000 rw-p 00000000 00:00 0 
77feb8110000-77feb8e00000 ---p 00000000 00:00 0 
77feb8e00000-77feb8e01000 rw-p 00000000 00:00 0 
77feb8e01000-77feb8e02000 r--p 00000000 07:21 1852                       /snap/dbeaver-ce/543/usr/share/dbeaver-ce/jre/lib/libsimdsort.so
77feb8e02000-77feb8e3b000 r-xp 00001000 07:21 1852                       /snap/dbeaver-ce/543/usr/share/dbeaver-ce/jre/lib/libsimdsort.so
77feb8e3b000-77feb8e41000 r--p 0003a000 07:21 1852                       /snap/dbeaver-ce/543/usr/share/dbeaver-ce/jre/lib/libsimdsort.so
77feb8e41000-77feb8e42000 r--p 0003f000 07:21 1852                       /snap/dbeaver-ce/543/usr/share/dbeaver-ce/jre/lib/libsimdsort.so
77feb8e42000-77feb8e43000 rw-p 00040000 07:21 1852                       /snap/dbeaver-ce/543/usr/share/dbeaver-ce/jre/lib/libsimdsort.so
77feb8e43000-77feb8e97000 r--p 00000000 07:01 189                        /snap/code/247/usr/lib/locale/aa_DJ.utf8/LC_CTYPE
77feb8e97000-77feb9857000 rwxp 00000000 00:00 0 
77feb9857000-77fec03cf000 ---p 00000000 00:00 0 
77fec03cf000-77fec063f000 rwxp 00000000 00:00 0 
77fec063f000-77fec0961000 ---p 00000000 00:00 0 
77fec0961000-77fec0ca1000 rwxp 00000000 00:00 0 
77fec0ca1000-77fec7e99000 ---p 00000000 00:00 0 
77fec7e99000-77fecc000000 r--s 00000000 07:21 1857                       /snap/dbeaver-ce/543/usr/share/dbeaver-ce/jre/lib/modules
77fecc000000-77fece096000 rw-p 00000000 00:00 0 
77fece096000-77fed0000000 ---p 00000000 00:00 0 
77fed0000000-77fed0008000 r--p 00000000 07:21 1849                       /snap/dbeaver-ce/543/usr/share/dbeaver-ce/jre/lib/libnio.so
77fed0008000-77fed0011000 r-xp 00008000 07:21 1849                       /snap/dbeaver-ce/543/usr/share/dbeaver-ce/jre/lib/libnio.so
77fed0011000-77fed0015000 r--p 00011000 07:21 1849                       /snap/dbeaver-ce/543/usr/share/dbeaver-ce/jre/lib/libnio.so
77fed0015000-77fed0016000 r--p 00015000 07:21 1849                       /snap/dbeaver-ce/543/usr/share/dbeaver-ce/jre/lib/libnio.so
77fed0016000-77fed0017000 rw-p 00016000 07:21 1849                       /snap/dbeaver-ce/543/usr/share/dbeaver-ce/jre/lib/libnio.so
77fed0017000-77fed0afd000 rw-p 00000000 00:00 0 
77fed0afd000-77fed0e00000 rw-p 00000000 00:00 0 
77fed0e00000-77fed0e43000 rw-p 00000000 00:00 0 
77fed0e43000-77fed0e61000 ---p 00000000 00:00 0 
77fed0e61000-77fed0e62000 rw-p 00000000 00:00 0 
77fed0e62000-77fed1000000 ---p 00000000 00:00 0 
77fed1000000-77fed1043000 rw-p 00000000 00:00 0 
77fed1043000-77fed1061000 ---p 00000000 00:00 0 
77fed1061000-77fed1062000 rw-p 00000000 00:00 0 
77fed1062000-77fed1200000 ---p 00000000 00:00 0 
77fed1200000-77fed1201000 rw-p 00000000 00:00 0 
77fed1201000-77fed1202000 r--p 00000000 08:22 9331930                    /usr/share/locale-langpack/en/LC_MESSAGES/gtk30.mo
77fed1202000-77fed1203000 r--p 00000000 08:22 9075349                    /usr/lib/x86_64-linux-gnu/libwayland-egl.so.1.24.0
77fed1203000-77fed1204000 r-xp 00001000 08:22 9075349                    /usr/lib/x86_64-linux-gnu/libwayland-egl.so.1.24.0
77fed1204000-77fed1205000 r--p 00002000 08:22 9075349                    /usr/lib/x86_64-linux-gnu/libwayland-egl.so.1.24.0
77fed1205000-77fed1206000 r--p 00002000 08:22 9075349                    /usr/lib/x86_64-linux-gnu/libwayland-egl.so.1.24.0
77fed1206000-77fed1207000 rw-p 00003000 08:22 9075349                    /usr/lib/x86_64-linux-gnu/libwayland-egl.so.1.24.0
77fed1207000-77fed120a000 r--p 00000000 07:21 1848                       /snap/dbeaver-ce/543/usr/share/dbeaver-ce/jre/lib/libnet.so
77fed120a000-77fed1212000 r-xp 00003000 07:21 1848                       /snap/dbeaver-ce/543/usr/share/dbeaver-ce/jre/lib/libnet.so
77fed1212000-77fed1214000 r--p 0000b000 07:21 1848                       /snap/dbeaver-ce/543/usr/share/dbeaver-ce/jre/lib/libnet.so
77fed1214000-77fed1215000 r--p 0000c000 07:21 1848                       /snap/dbeaver-ce/543/usr/share/dbeaver-ce/jre/lib/libnet.so
77fed1215000-77fed1216000 rw-p 0000d000 07:21 1848                       /snap/dbeaver-ce/543/usr/share/dbeaver-ce/jre/lib/libnet.so
77fed1216000-77fed1217000 r--p 00000000 07:01 238                        /snap/code/247/usr/lib/locale/aa_ET/LC_NUMERIC
77fed1217000-77fed1218000 r--p 00000000 07:01 2383                       /snap/code/247/usr/lib/locale/en_US.utf8/LC_TIME
77fed1218000-77fed1219000 r--p 00000000 07:01 1426                       /snap/code/247/usr/lib/locale/chr_US/LC_MONETARY
77fed1219000-77fed121a000 r--p 00000000 07:01 1957                       /snap/code/247/usr/lib/locale/en_AG/LC_MESSAGES/SYS_LC_MESSAGES
77fed121a000-77fed121b000 r--p 00000000 07:01 1429                       /snap/code/247/usr/lib/locale/chr_US/LC_PAPER
77fed121b000-77fed1cb0000 rw-p 00000000 00:00 0 
77fed1cb0000-77fed1d94000 ---p 00000000 00:00 0 
77fed1d94000-77fed1da8000 rw-p 00000000 00:00 0 
77fed1da8000-77fed1e7f000 ---p 00000000 00:00 0 
77fed1e7f000-77fed1e8d000 r--p 00000000 07:21 1837                       /snap/dbeaver-ce/543/usr/share/dbeaver-ce/jre/lib/libjava.so
77fed1e8d000-77fed1e9b000 r-xp 0000e000 07:21 1837                       /snap/dbeaver-ce/543/usr/share/dbeaver-ce/jre/lib/libjava.so
77fed1e9b000-77fed1ea0000 r--p 0001c000 07:21 1837                       /snap/dbeaver-ce/543/usr/share/dbeaver-ce/jre/lib/libjava.so
77fed1ea0000-77fed1ea1000 r--p 00021000 07:21 1837                       /snap/dbeaver-ce/543/usr/share/dbeaver-ce/jre/lib/libjava.so
77fed1ea1000-77fed1ea2000 rw-p 00022000 07:21 1837                       /snap/dbeaver-ce/543/usr/share/dbeaver-ce/jre/lib/libjava.so
77fed1ea2000-77fed1ea3000 rw-p 00000000 00:00 0 
77fed1ea3000-77fed1ea7000 r--p 00000000 07:21 1840                       /snap/dbeaver-ce/543/usr/share/dbeaver-ce/jre/lib/libjimage.so
77fed1ea7000-77fed1ebf000 r-xp 00004000 07:21 1840                       /snap/dbeaver-ce/543/usr/share/dbeaver-ce/jre/lib/libjimage.so
77fed1ebf000-77fed1ec5000 r--p 0001c000 07:21 1840                       /snap/dbeaver-ce/543/usr/share/dbeaver-ce/jre/lib/libjimage.so
77fed1ec5000-77fed1ec7000 r--p 00021000 07:21 1840                       /snap/dbeaver-ce/543/usr/share/dbeaver-ce/jre/lib/libjimage.so
77fed1ec7000-77fed1ec8000 rw-p 00023000 07:21 1840                       /snap/dbeaver-ce/543/usr/share/dbeaver-ce/jre/lib/libjimage.so
77fed1ec8000-77fed1eda000 r--p 00000000 08:22 9047124                    /usr/lib/x86_64-linux-gnu/libm.so.6
77fed1eda000-77fed1f7a000 r-xp 00012000 08:22 9047124                    /usr/lib/x86_64-linux-gnu/libm.so.6
77fed1f7a000-77fed1fec000 r--p 000b2000 08:22 9047124                    /usr/lib/x86_64-linux-gnu/libm.so.6
77fed1fec000-77fed1fed000 r--p 00123000 08:22 9047124                    /usr/lib/x86_64-linux-gnu/libm.so.6
77fed1fed000-77fed1fee000 rw-p 00124000 08:22 9047124                    /usr/lib/x86_64-linux-gnu/libm.so.6
77fed1fee000-77fed22d1000 r--p 00000000 07:21 1866                       /snap/dbeaver-ce/543/usr/share/dbeaver-ce/jre/lib/server/libjvm.so
77fed22d1000-77fed335d000 r-xp 002e3000 07:21 1866                       /snap/dbeaver-ce/543/usr/share/dbeaver-ce/jre/lib/server/libjvm.so
77fed335d000-77fed366e000 r--p 0136f000 07:21 1866                       /snap/dbeaver-ce/543/usr/share/dbeaver-ce/jre/lib/server/libjvm.so
77fed366e000-77fed3759000 r--p 01680000 07:21 1866                       /snap/dbeaver-ce/543/usr/share/dbeaver-ce/jre/lib/server/libjvm.so
77fed3759000-77fed3784000 rw-p 0176b000 07:21 1866                       /snap/dbeaver-ce/543/usr/share/dbeaver-ce/jre/lib/server/libjvm.so
77fed3784000-77fed3800000 rw-p 00000000 00:00 0 
77fed3800000-77fed3828000 r--p 00000000 08:22 9047121                    /usr/lib/x86_64-linux-gnu/libc.so.6
77fed3828000-77fed39c0000 r-xp 00028000 08:22 9047121                    /usr/lib/x86_64-linux-gnu/libc.so.6
77fed39c0000-77fed3a0e000 r--p 001c0000 08:22 9047121                    /usr/lib/x86_64-linux-gnu/libc.so.6
77fed3a0e000-77fed3a12000 r--p 0020d000 08:22 9047121                    /usr/lib/x86_64-linux-gnu/libc.so.6
77fed3a12000-77fed3a14000 rw-p 00211000 08:22 9047121                    /usr/lib/x86_64-linux-gnu/libc.so.6
77fed3a14000-77fed3a21000 rw-p 00000000 00:00 0 
77fed3a21000-77fed3a22000 r--p 00000000 07:01 1105                       /snap/code/247/usr/lib/locale/bi_VU/LC_NAME
77fed3a22000-77fed3a23000 r--p 00000000 07:01 2371                       /snap/code/247/usr/lib/locale/en_US.utf8/LC_ADDRESS
77fed3a23000-77fed3a24000 r--p 00000000 07:01 1430                       /snap/code/247/usr/lib/locale/chr_US/LC_TELEPHONE
77fed3a24000-77fed3a25000 r--p 00000000 07:01 1423                       /snap/code/247/usr/lib/locale/chr_US/LC_MEASUREMENT
77fed3a25000-77fed3a2a000 rw-p 00000000 00:00 0 
77fed3a2a000-77fed3a31000 ---p 00000000 00:00 0 
77fed3a31000-77fed3a35000 ---p 00000000 00:00 0 
77fed3a35000-77fed3b31000 rw-p 00000000 00:00 0 
77fed3b31000-77fed3b32000 r--p 00000000 08:22 9047135                    /usr/lib/x86_64-linux-gnu/librt.so.1
77fed3b32000-77fed3b33000 r-xp 00001000 08:22 9047135                    /usr/lib/x86_64-linux-gnu/librt.so.1
77fed3b33000-77fed3b34000 r--p 00002000 08:22 9047135                    /usr/lib/x86_64-linux-gnu/librt.so.1
77fed3b34000-77fed3b35000 r--p 00002000 08:22 9047135                    /usr/lib/x86_64-linux-gnu/librt.so.1
77fed3b35000-77fed3b36000 rw-p 00003000 08:22 9047135                    /usr/lib/x86_64-linux-gnu/librt.so.1
77fed3b36000-77fed3b38000 rw-p 00000000 00:00 0 
77fed3b38000-77fed3b39000 r--p 00000000 08:22 9047133                    /usr/lib/x86_64-linux-gnu/libpthread.so.0
77fed3b39000-77fed3b3a000 r-xp 00001000 08:22 9047133                    /usr/lib/x86_64-linux-gnu/libpthread.so.0
77fed3b3a000-77fed3b3b000 r--p 00002000 08:22 9047133                    /usr/lib/x86_64-linux-gnu/libpthread.so.0
77fed3b3b000-77fed3b3c000 r--p 00002000 08:22 9047133                    /usr/lib/x86_64-linux-gnu/libpthread.so.0
77fed3b3c000-77fed3b3d000 rw-p 00003000 08:22 9047133                    /usr/lib/x86_64-linux-gnu/libpthread.so.0
77fed3b3d000-77fed3b3e000 r--p 00000000 08:22 9047123                    /usr/lib/x86_64-linux-gnu/libdl.so.2
77fed3b3e000-77fed3b3f000 r-xp 00001000 08:22 9047123                    /usr/lib/x86_64-linux-gnu/libdl.so.2
77fed3b3f000-77fed3b40000 r--p 00002000 08:22 9047123                    /usr/lib/x86_64-linux-gnu/libdl.so.2
77fed3b40000-77fed3b41000 r--p 00002000 08:22 9047123                    /usr/lib/x86_64-linux-gnu/libdl.so.2
77fed3b41000-77fed3b42000 rw-p 00003000 08:22 9047123                    /usr/lib/x86_64-linux-gnu/libdl.so.2
77fed3b42000-77fed3b49000 r--s 00000000 08:22 9047117                    /usr/lib/x86_64-linux-gnu/gconv/gconv-modules.cache
77fed3b49000-77fed3b4a000 r--p 00000000 07:01 2374                       /snap/code/247/usr/lib/locale/en_US.utf8/LC_IDENTIFICATION
77fed3b4a000-77fed3b52000 rw-s 00000000 00:2f 5123                       /tmp/hsperfdata_konstantin/31973
77fed3b52000-77fed3b53000 ---p 00000000 00:00 0 
77fed3b53000-77fed3b54000 r--p 00000000 00:00 0 
77fed3b54000-77fed3b55000 ---p 00000000 00:00 0 
77fed3b55000-77fed3b58000 r--p 00000000 07:21 1841                       /snap/dbeaver-ce/543/usr/share/dbeaver-ce/jre/lib/libjli.so
77fed3b58000-77fed3b69000 r-xp 00003000 07:21 1841                       /snap/dbeaver-ce/543/usr/share/dbeaver-ce/jre/lib/libjli.so
77fed3b69000-77fed3b70000 r--p 00014000 07:21 1841                       /snap/dbeaver-ce/543/usr/share/dbeaver-ce/jre/lib/libjli.so
77fed3b70000-77fed3b71000 r--p 0001a000 07:21 1841                       /snap/dbeaver-ce/543/usr/share/dbeaver-ce/jre/lib/libjli.so
77fed3b71000-77fed3b72000 rw-p 0001b000 07:21 1841                       /snap/dbeaver-ce/543/usr/share/dbeaver-ce/jre/lib/libjli.so
77fed3b72000-77fed3b74000 rw-p 00000000 00:00 0 
77fed3b74000-77fed3b78000 r--p 00000000 00:00 0                          [vvar]
77fed3b78000-77fed3b7a000 r--p 00000000 00:00 0                          [vvar_vclock]
77fed3b7a000-77fed3b7c000 r-xp 00000000 00:00 0                          [vdso]
77fed3b7c000-77fed3b7d000 r--p 00000000 08:22 9047118                    /usr/lib/x86_64-linux-gnu/ld-linux-x86-64.so.2
77fed3b7d000-77fed3bac000 r-xp 00001000 08:22 9047118                    /usr/lib/x86_64-linux-gnu/ld-linux-x86-64.so.2
77fed3bac000-77fed3bb7000 r--p 00030000 08:22 9047118                    /usr/lib/x86_64-linux-gnu/ld-linux-x86-64.so.2
77fed3bb7000-77fed3bb9000 r--p 0003b000 08:22 9047118                    /usr/lib/x86_64-linux-gnu/ld-linux-x86-64.so.2
77fed3bb9000-77fed3bba000 rw-p 0003d000 08:22 9047118                    /usr/lib/x86_64-linux-gnu/ld-linux-x86-64.so.2
77fed3bba000-77fed3bbb000 rw-p 00000000 00:00 0 
7ffe11803000-7ffe11826000 rw-p 00000000 00:00 0                          [stack]
ffffffffff600000-ffffffffff601000 --xp 00000000 00:00 0                  [vsyscall]
Total number of mappings: 1007

JVMTI agents: none


VM Arguments:
jvm_args: -XX:+IgnoreUnrecognizedVMOptions -Dosgi.requiredJavaVersion=21 -Dfile.encoding=UTF-8 --enable-native-access=ALL-UNNAMED --add-modules=ALL-DEFAULT --add-opens=java.base/java.io=ALL-UNNAMED --add-opens=java.base/java.lang=ALL-UNNAMED --add-opens=java.base/java.lang.reflect=ALL-UNNAMED --add-opens=java.base/java.net=ALL-UNNAMED --add-opens=java.base/java.nio=ALL-UNNAMED --add-opens=java.base/java.nio.charset=ALL-UNNAMED --add-opens=java.base/java.text=ALL-UNNAMED --add-opens=java.base/java.time=ALL-UNNAMED --add-opens=java.base/java.util=ALL-UNNAMED --add-opens=java.base/java.util.concurrent=ALL-UNNAMED --add-opens=java.base/java.util.concurrent.atomic=ALL-UNNAMED --add-opens=java.base/jdk.internal.vm=ALL-UNNAMED --add-opens=java.base/jdk.internal.misc=ALL-UNNAMED --add-opens=java.base/sun.nio.ch=ALL-UNNAMED --add-opens=java.base/sun.nio.fs=ALL-UNNAMED --add-opens=java.base/sun.security.ssl=ALL-UNNAMED --add-opens=java.base/sun.security.util=ALL-UNNAMED --add-opens=java.security.jgss/sun.security.jgss=ALL-UNNAMED --add-opens=java.security.jgss/sun.security.krb5=ALL-UNNAMED --add-opens=java.desktop/java.awt=ALL-UNNAMED --add-opens=java.desktop/java.awt.peer=ALL-UNNAMED --add-opens=java.sql/java.sql=ALL-UNNAMED -Xms64m -Xmx1024m -Ddbeaver.distribution.type=deb -Duser.home=/home/konstantin/snap/dbeaver-ce/543 
java_command: /snap/dbeaver-ce/543/usr/share/dbeaver-ce//plugins/org.jkiss.dbeaver.launcher_1.0.59.202608181400.jar -os linux -ws gtk -arch x86_64 -showsplash -launcher /snap/dbeaver-ce/543/usr/share/dbeaver-ce/dbeaver -name Dbeaver --launcher.library /snap/dbeaver-ce/543/usr/share/dbeaver-ce//plugins/org.eclipse.equinox.launcher.gtk.linux.x86_64_1.2.1500.v20250801-0854/eclipse_11916.so -startup /snap/dbeaver-ce/543/usr/share/dbeaver-ce//plugins/org.jkiss.dbeaver.launcher_1.0.59.202608181400.jar --launcher.overrideVmargs -exitdata 8 -vm /snap/dbeaver-ce/543/usr/share/dbeaver-ce/jre/bin/java -vmargs -XX:+IgnoreUnrecognizedVMOptions -Dosgi.requiredJavaVersion=21 -Dfile.encoding=UTF-8 --enable-native-access=ALL-UNNAMED --add-modules=ALL-DEFAULT --add-opens=java.base/java.io=ALL-UNNAMED --add-opens=java.base/java.lang=ALL-UNNAMED --add-opens=java.base/java.lang.reflect=ALL-UNNAMED --add-opens=java.base/java.net=ALL-UNNAMED --add-opens=java.base/java.nio=ALL-UNNAMED --add-opens=java.base/java.nio.charset=ALL-UNNAMED --add-opens=java.base/java.text=ALL-UNNAMED --add-opens=java.base/java.time=ALL-UNNAMED --add-opens=java.base/java.util=ALL-UNNAMED --add-opens=java.base/java.util.concurrent=ALL-UNNAMED --add-opens=java.base/java.util.concurrent.atomic=ALL-UNNAMED --add-opens=java.base/jdk.internal.vm=ALL-UNNAMED --add-opens=java.base/jdk.internal.misc=ALL-UNNAMED --add-opens=java.base/sun.nio.ch=ALL-UNNAMED --add-opens=java.base/sun.nio.fs=ALL-UNNAMED --add-opens=java.base/sun.security.ssl=ALL-UNNAMED --add-opens=java.base/sun.security.util=ALL-UNNAMED --add-opens=java.security.jgss/sun.security.jgss=ALL-UNNAMED --add-opens=java.security.jgss/sun.security.krb5=ALL-UNNAMED --add-opens=java.desktop/java.awt=ALL-UNNAMED --add-opens=java.desktop/java.awt.peer=ALL-UNNAMED --add-opens=java.sql/java.sql=ALL-UNNAMED -Xms64m -Xmx1024m -Ddbeaver.distribution.type=deb -jar /snap/dbeaver-ce/543/usr/share/dbeaver-ce//plugins/org.jkiss.dbeaver.launcher_1.0.59.202608181400.jar
java_class_path (initial): /snap/dbeaver-ce/543/usr/share/dbeaver-ce//plugins/org.jkiss.dbeaver.launcher_1.0.59.202608181400.jar
Launcher Type: SUN_STANDARD

[Global flags]
     intx CICompilerCount                          = 4                                         {product} {ergonomic}
     uint ConcGCThreads                            = 3                                         {product} {ergonomic}
     uint G1ConcRefinementThreads                  = 10                                        {product} {ergonomic}
   size_t G1HeapRegionSize                         = 1048576                                   {product} {ergonomic}
     bool IgnoreUnrecognizedVMOptions              = true                                      {product} {command line}
   size_t InitialHeapSize                          = 67108864                                  {product} {command line}
   size_t MarkStackSize                            = 4194304                                   {product} {ergonomic}
   size_t MarkStackSizeMax                         = 536870912                                 {product} {ergonomic}
   size_t MaxHeapSize                              = 1073741824                                {product} {command line}
   size_t MaxNewSize                               = 643825664                                 {product} {ergonomic}
   size_t MinHeapDeltaBytes                        = 1048576                                   {product} {ergonomic}
   size_t MinHeapSize                              = 67108864                                  {product} {command line}
    uintx NonNMethodCodeHeapSize                   = 5840896                                {pd product} {ergonomic}
    uintx NonProfiledCodeHeapSize                  = 122912768                              {pd product} {ergonomic}
    uintx ProfiledCodeHeapSize                     = 122912768                              {pd product} {ergonomic}
    uintx ReservedCodeCacheSize                    = 251666432                              {pd product} {ergonomic}
     bool SegmentedCodeCache                       = true                                      {product} {ergonomic}
   size_t SoftMaxHeapSize                          = 1073741824                             {manageable} {ergonomic}
     bool UseCompressedOops                        = true                           {product lp64_product} {ergonomic}
     bool UseG1GC                                  = true                                      {product} {ergonomic}

Logging:
Log output configuration:
 #0: stdout all=warning uptime,level,tags foldmultilines=false
 #1: stderr all=off uptime,level,tags foldmultilines=false

Release file:
JAVA_VERSION="25.0.3"
MODULES="java.base java.compiler java.datatransfer java.xml java.prefs java.desktop java.logging java.management java.security.sasl java.naming java.rmi java.management.rmi java.net.http java.scripting java.security.jgss java.transaction.xa java.sql java.sql.rowset jdk.accessibility jdk.internal.jvmstat jdk.attach jdk.charsets jdk.crypto.cryptoki jdk.crypto.ec jdk.dynalink jdk.httpserver jdk.jcmd jdk.localedata jdk.management jdk.naming.dns jdk.naming.rmi jdk.net jdk.security.auth jdk.security.jgss jdk.unsupported jdk.xml.dom"

Environment Variables:
_JAVA_OPTIONS=-Duser.home=/home/konstantin/snap/dbeaver-ce/543
PATH=/home/konstantin/Projects/security-dispatch/venv/bin:/home/konstantin/.config/Code/User/globalStorage/github.copilot-chat/debugCommand:/home/konstantin/.config/Code/User/globalStorage/github.copilot-chat/copilotCli:/usr/local/sbin:/usr/local/bin:/usr/sbin:/usr/bin:/sbin:/bin:/usr/games:/usr/local/games:/snap/bin:/snap/bin:/home/konstantin/.vscode/extensions/ms-python.debugpy-2026.6.0-linux-x64/bundled/scripts/noConfigScripts
USERNAME=konstantin
SHELL=/bin/bash
DISPLAY=:0
WAYLAND_DISPLAY=wayland-0
LANG=en_US.UTF-8
TERM=xterm-256color

Active Locale:
LC_ALL=en_US.UTF-8
LC_COLLATE=en_US.UTF-8
LC_CTYPE=en_US.UTF-8
LC_MESSAGES=en_US.UTF-8
LC_MONETARY=en_US.UTF-8
LC_NUMERIC=en_US.UTF-8
LC_TIME=en_US.UTF-8

Signal Handlers:
   SIGSEGV: crash_handler in libjvm.so, mask=11100100010111111101111111111110, flags=SA_RESTART|SA_SIGINFO, unblocked
    SIGBUS: crash_handler in libjvm.so, mask=11100100010111111101111111111110, flags=SA_RESTART|SA_SIGINFO, unblocked
    SIGFPE: crash_handler in libjvm.so, mask=11100100010111111101111111111110, flags=SA_RESTART|SA_SIGINFO, unblocked
   SIGPIPE: SIG_IGN, mask=00000000000010000000000000000000, flags=SA_RESTART, blocked
  *** Handler was modified!
  *** Expected: javaSignalHandler in libjvm.so, mask=11100100110111111111111111111110, flags=SA_RESTART|SA_SIGINFO
   SIGXFSZ: javaSignalHandler in libjvm.so, mask=11100100010111111101111111111110, flags=SA_RESTART|SA_SIGINFO, blocked
    SIGILL: crash_handler in libjvm.so, mask=11100100010111111101111111111110, flags=SA_RESTART|SA_SIGINFO, unblocked
   SIGUSR2: SR_handler in libjvm.so, mask=00000000000000000000000000000000, flags=SA_RESTART|SA_SIGINFO, blocked
    SIGHUP: UserHandler in libjvm.so, mask=11100100010111111101111111111110, flags=SA_RESTART|SA_SIGINFO, blocked
    SIGINT: UserHandler in libjvm.so, mask=11100100010111111101111111111110, flags=SA_RESTART|SA_SIGINFO, blocked
   SIGTERM: UserHandler in libjvm.so, mask=11100100010111111101111111111110, flags=SA_RESTART|SA_SIGINFO, blocked
   SIGQUIT: UserHandler in libjvm.so, mask=11100100010111111101111111111110, flags=SA_RESTART|SA_SIGINFO, blocked
   SIGTRAP: crash_handler in libjvm.so, mask=11100100010111111101111111111110, flags=SA_RESTART|SA_SIGINFO, unblocked


Compilation memory statistics disabled.

Periodic native trim disabled

---------------  S Y S T E M  ---------------

OS:
DISTRIB_ID=Ubuntu
DISTRIB_RELEASE=26.04
DISTRIB_CODENAME=resolute
DISTRIB_DESCRIPTION="Ubuntu 26.04 LTS"
uname: Linux 7.0.0-30-generic #30-Ubuntu SMP PREEMPT_DYNAMIC Fri Jul 31 18:22:54 UTC 2026 x86_64
OS uptime: 0 days 5:02 hours
libc: glibc 2.43 NPTL 2.43 
rlimit (soft/hard): STACK 8192k/infinity , CORE 0k/infinity , NPROC 50954/50954 , NOFILE 524288/524288 , AS infinity/infinity , CPU infinity/infinity , DATA infinity/infinity , FSIZE infinity/infinity , MEMLOCK 8192k/8192k
load average: 1.13 1.37 1.33

/proc/meminfo:
MemTotal:       15775424 kB
MemFree:         3109296 kB
MemAvailable:    9648780 kB
Buffers:          241660 kB
Cached:          6462976 kB
SwapCached:            0 kB
Active:          6987652 kB
Inactive:        4458152 kB
Active(anon):    4894576 kB
Inactive(anon):        0 kB
Active(file):    2093076 kB
Inactive(file):  4458152 kB
Unevictable:          48 kB
Mlocked:              48 kB
SwapTotal:       4194300 kB
SwapFree:        4194300 kB
Zswap:                 0 kB
Zswapped:              0 kB
Dirty:              2936 kB
Writeback:             0 kB
AnonPages:       4741740 kB
Mapped:          1728864 kB
Shmem:            153688 kB
KReclaimable:     323856 kB
Slab:             578876 kB
SReclaimable:     305424 kB
SUnreclaim:       273452 kB
KernelStack:       24352 kB
PageTables:        71404 kB
SecPageTables:      3652 kB
NFS_Unstable:          0 kB
Bounce:                0 kB
WritebackTmp:          0 kB
CommitLimit:    12082012 kB
Committed_AS:   26749196 kB
VmallocTotal:   34359738367 kB
VmallocUsed:      112152 kB
VmallocChunk:          0 kB
Percpu:            16656 kB
HardwareCorrupted:     0 kB
AnonHugePages:         0 kB
ShmemHugePages:        0 kB
ShmemPmdMapped:        0 kB
FileHugePages:    839680 kB
FilePmdMapped:      2048 kB
CmaTotal:              0 kB
CmaFree:         1258908 kB
Unaccepted:            0 kB
Balloon:               0 kB
HugePages_Total:       0
HugePages_Free:        0
HugePages_Rsvd:        0
HugePages_Surp:        0
Hugepagesize:       2048 kB
Hugetlb:               0 kB
DirectMap4k:      848580 kB
DirectMap2M:    12713984 kB
DirectMap1G:     4194304 kB

/sys/kernel/mm/transparent_hugepage/enabled: always [madvise] never
/sys/kernel/mm/transparent_hugepage/hpage_pmd_size: 2097152
/sys/kernel/mm/transparent_hugepage/shmem_enabled: always within_size advise [never] deny force
/sys/kernel/mm/transparent_hugepage/defrag (defrag/compaction efforts parameter): always defer defer+madvise [madvise] never

Process Memory:
Virtual Size: 8757432K (peak: 8822704K)
Resident Set Size: 427304K (peak: 435988K) (anon: 363380K, file: 62420K, shmem: 1504K)
Swapped out: 0K
C-Heap outstanding allocations: 78073K, retained: 141122K
glibc malloc tunables: (default)

/proc/sys/kernel/threads-max (system-wide limit on the number of threads): 101908
/proc/sys/vm/max_map_count (maximum number of memory map areas a process may have): 1048576
/proc/sys/vm/swappiness (control to define how aggressively the kernel swaps out anonymous memory): 60
/proc/sys/kernel/pid_max (system-wide limit on number of process identifiers): 4194304

container information not found.
Steal ticks since vm start: 0
Steal ticks percentage since vm start:  0.000

CPU: total 12 (initial active 12) (12 cores per cpu, 2 threads per core) family 23 model 8 stepping 2 microcode 0x800820d, cx8, cmov, fxsr, ht, mmx, 3dnowpref, sse, sse2, sse3, ssse3, sse4a, sse4.1, sse4.2, popcnt, lzcnt, tsc, tscinvbit, avx, avx2, aes, clmul, bmi1, bmi2, adx, sha, fma, vzeroupper, clflush, clflushopt, rdtscp, f16c
CPU Model and flags from /proc/cpuinfo:
model name	: AMD Ryzen 5 2600 Six-Core Processor
flags		: fpu vme de pse tsc msr pae mce cx8 apic sep mtrr pge mca cmov pat pse36 clflush mmx fxsr sse sse2 ht syscall nx mmxext fxsr_opt pdpe1gb rdtscp lm constant_tsc rep_good nopl nonstop_tsc cpuid extd_apicid aperfmperf rapl pni pclmulqdq monitor ssse3 fma cx16 sse4_1 sse4_2 movbe popcnt aes xsave avx f16c rdrand lahf_lm cmp_legacy svm extapic cr8_legacy abm sse4a misalignsse 3dnowprefetch osvw skinit wdt tce topoext perfctr_core perfctr_nb bpext perfctr_llc mwaitx cpb hw_pstate ssbd ibpb vmmcall fsgsbase bmi1 avx2 smep bmi2 rdseed adx smap clflushopt sha_ni xsaveopt xsavec xgetbv1 clzero xsaveerptr arat npt lbrv svm_lock nrip_save tsc_scale vmcb_clean flushbyasid decodeassists pausefilter pfthreshold avic v_vmsave_vmload vgif overflow_recov succor smca sev sev_es

Online cpus: 0-11
Offline cpus: 
BIOS frequency limitation: 3850000
Frequency switch latency (ns): 0
Available cpu frequencies: 3850000 2800000 1550000 
Current governor: schedutil
Core performance/turbo boost: 0

Memory: 4k page, physical 15775424k(9648780k free), swap 4194300k(4194300k free)
Page Sizes: 4k

vm_info: OpenJDK 64-Bit Server VM (25.0.3+9-LTS) for linux-amd64 JRE (25.0.3+9-LTS), built on 2026-04-21T00:00:00Z with gcc 14.2.0

END.
